matrix_index,drug_name,optimuskg_id,optimuskg_name,matched_field,inchi_key,canonical_smiles,source_ids,accession_numbers,identity_class
0,lepirudin,CHEMBL1201666,LEPIRUDIN,properties.name;properties.synonyms,"","","[""human/EPAR/refludan""]",[],insufficient_structure
0,lepirudin,DRUGBANK:DB00001,Lepirudin,properties.name;properties.synonyms,"","",[],"[""BTD00024"",""BIOD00024""]",insufficient_structure
1,bivalirudin,CHEMBL5314348,BIVALIRUDIN,properties.name;properties.synonyms;properties.trade_names,"","","[""human/EPAR/angiox"",""bivalirudin""]",[],insufficient_structure
1,bivalirudin,DRUGBANK:DB00006,Bivalirudin,properties.name;properties.synonyms,OIRCOABEOLEUMC-GEJPAHFPSA-N,CC[C@H](C)[C@H](NC(=O)[C@H](CCC(O)=O)NC(=O)[C@H](CCC(O)=O)NC(=O)[C@H](CC1=CC=CC=C1)NC(=O)[C@H](CC(O)=O)NC(=O)CNC(=O)[C@H](CC(N)=O)NC(=O)CNC(=O)CNC(=O)CNC(=O)CNC(=O)[C@@H]1CCCN1C(=O)[C@H](CCCNC(N)=N)NC(=O)[C@@H]1CCCN1C(=O)[C@H](N)CC1=CC=CC=C1)C(=O)N1CCC[C@H]1C(=O)N[C@@H](CCC(O)=O)C(=O)N[C@@H](CCC(O)=O)C(=O)N[C@@H](CC1=CC=C(O)C=C1)C(=O)N[C@@H](CC(C)C)C(O)=O,[],"[""BTD00076"",""EXPT03302"",""BIOD00076"",""DB02351""]",insufficient_structure
7,insulin.lispro,CHEMBL1201538,INSULIN LISPRO,properties.name;properties.synonyms,"","","[""human/EPAR/insulin-lispro-sanofi"",""insulin%20lispro"",""insulin%20lispro%20recombinant"",""insulin%20lispro-aabc""]",[],insufficient_structure
7,insulin.lispro,DRUGBANK:DB00046,Insulin lispro,properties.name;properties.synonyms,"","",[],"[""BTD00065"",""BIOD00065"",""DB01310""]",insufficient_structure
8,insulin.glargine,CHEMBL1201497,INSULIN GLARGINE,properties.name;properties.synonyms,"","","[""human/EPAR/toujeo-previously-optisulin"",""insulin%20glargine"",""insulin%20glargine%20recombinant""]",[],insufficient_structure
8,insulin.glargine,DRUGBANK:DB00047,Insulin glargine,properties.name;properties.synonyms,"","",[],"[""BTD00045"",""BIOD00045"",""DB01308""]",insufficient_structure
9,rasburicase,CHEMBL1201594,RASBURICASE,properties.name;properties.synonyms,"","","[""rasburicase"",""human/EPAR/fasturtec""]",[],insufficient_structure
9,rasburicase,DRUGBANK:DB00049,Rasburicase,properties.name;properties.synonyms,"","",[],"[""BTD00090"",""BIOD00090""]",insufficient_structure
11,eptifibatide,CHEMBL1174,EPTIFIBATIDE,properties.name;properties.synonyms;properties.trade_names,CZKPOZZJODAYPZ-LROMGURASA-N,N=C(N)NCCCC[C@@H]1NC(=O)CCSSC[C@@H](C(N)=O)NC(=O)[C@@H]2CCCN2C(=O)[C@H](Cc2c[nH]c3ccccc23)NC(=O)[C@H](CC(=O)O)NC(=O)CNC1=O,"[""291902"",""human/EPAR/eptifibatide-accord"",""eptifibatide""]",[],equivalent_by_inchikey
11,eptifibatide,DRUGBANK:DB00063,Eptifibatide,properties.name;properties.synonyms,CZKPOZZJODAYPZ-LROMGURASA-N,NC(=N)NCCCC[C@@H]1NC(=O)CCSSC[C@H](NC(=O)[C@@H]2CCCN2C(=O)[C@H](CC2=CNC3=C2C=CC=C3)NC(=O)[C@H](CC(O)=O)NC(=O)CNC1=O)C(N)=O,[],"[""BTD00063"",""BIOD00063""]",equivalent_by_inchikey
13,daptomycin,CHEMBL387675,DAPTOMYCIN,properties.name;properties.synonyms;properties.trade_names,DOAKLVKFURWEDJ-RWDRXURGSA-N,CCCCCCCCCC(=O)N[C@@H](Cc1c[nH]c2ccccc12)C(=O)N[C@@H](CC(N)=O)C(=O)N[C@@H](CC(=O)O)C(=O)N[C@@H]1C(=O)NCC(=O)N[C@@H](CCCN)C(=O)N[C@@H](CC(=O)O)C(=O)N[C@H](C)C(=O)N[C@@H](CC(=O)O)C(=O)NCC(=O)N[C@H](CO)C(=O)N[C@@H]([C@H](C)CC(=O)O)C(=O)N[C@@H](CC(=O)c2ccccc2N)C(=O)O[C@@H]1C,"[""human/EPAR/cubicin"",""600103"",""daptomycin""]",[],mixed_identity
13,daptomycin,DRUGBANK:DB00080,Daptomycin,properties.name;properties.synonyms,DOAKLVKFURWEDJ-QCMAZARJSA-N,CCCCCCCCCC(=O)N[C@@H](CC1=CNC2=CC=CC=C12)C(=O)N[C@H](CC(N)=O)C(=O)N[C@@H](CC(O)=O)C(=O)N[C@H]1[C@@H](C)OC(=O)[C@H](CC(=O)C2=C(N)C=CC=C2)NC(=O)[C@@H](NC(=O)[C@@H](CO)NC(=O)CNC(=O)[C@H](CC(O)=O)NC(=O)[C@@H](C)NC(=O)[C@H](CC(O)=O)NC(=O)[C@H](CCCN)NC(=O)CNC1=O)[C@H](C)CC(O)=O,[],"[""BTD00111"",""BIOD00111""]",mixed_identity
13,daptomycin,RXNORM:22299,daptomycin,properties.name,"","",[],[],mixed_identity
17,interferon.alfa-2b,CHEMBL1201558,INTERFERON ALFA-2B,properties.name;properties.synonyms,"","","[""interferon%20alfa-2b"",""human/EPAR/introna""]",[],insufficient_structure
17,interferon.alfa-2b,DRUGBANK:DB00105,Interferon alfa-2b,properties.name;properties.synonyms,"","",[],"[""BTD00066"",""BIOD00066"",""DB05600""]",insufficient_structure
19,oxytocin,CHEMBL395429,OXYTOCIN,properties.name;properties.synonyms;properties.trade_names,XNOPRXBHLZRZKH-DSZYJQQASA-N,CC[C@H](C)[C@@H]1NC(=O)[C@H](Cc2ccc(O)cc2)NC(=O)[C@@H](N)CSSC[C@@H](C(=O)N2CCC[C@H]2C(=O)N[C@@H](CC(C)C)C(=O)NCC(N)=O)NC(=O)[C@H](CC(N)=O)NC(=O)[C@H](CCC(N)=O)NC1=O,"[""oxytocin"",""7872""]",[],equivalent_by_inchikey
19,oxytocin,DRUGBANK:DB00107,Oxytocin,properties.name;properties.synonyms,XNOPRXBHLZRZKH-DSZYJQQASA-N,CC[C@H](C)[C@@H]1NC(=O)[C@H](CC2=CC=C(O)C=C2)NC(=O)[C@@H](N)CSSC[C@H](NC(=O)[C@H](CC(N)=O)NC(=O)[C@H](CCC(N)=O)NC1=O)C(=O)N1CCC[C@H]1C(=O)N[C@@H](CC(C)C)C(=O)NCC(N)=O,[],"[""BTD00016"",""BIOD00016""]",equivalent_by_inchikey
20,enfuvirtide,CHEMBL525076,ENFUVIRTIDE,properties.name;properties.synonyms,PEASPLKKXBYDKL-FXEVSJAOSA-N,CC[C@H](C)[C@H](NC(=O)[C@H](CC(C)C)NC(=O)[C@H](CO)NC(=O)[C@H](Cc1cnc[nH]1)NC(=O)[C@@H](NC(=O)[C@H](CC(C)C)NC(=O)[C@H](CO)NC(=O)[C@@H](NC(=O)[C@H](Cc1ccc(O)cc1)NC(C)=O)[C@@H](C)O)[C@@H](C)CC)C(=O)N[C@@H](CCC(=O)O)C(=O)N[C@@H](CCC(=O)O)C(=O)N[C@@H](CO)C(=O)N[C@@H](CCC(N)=O)C(=O)N[C@@H](CC(N)=O)C(=O)N[C@@H](CCC(N)=O)C(=O)N[C@@H](CCC(N)=O)C(=O)N[C@@H](CCC(=O)O)C(=O)N[C@@H](CCCCN)C(=O)N[C@@H](CC(N)=O)C(=O)N[C@@H](CCC(=O)O)C(=O)N[C@@H](CCC(N)=O)C(=O)N[C@@H](CCC(=O)O)C(=O)N[C@@H](CC(C)C)C(=O)N[C@@H](CC(C)C)C(=O)N[C@@H](CCC(=O)O)C(=O)N[C@@H](CC(C)C)C(=O)N[C@@H](CC(=O)O)C(=O)N[C@@H](CCCCN)C(=O)N[C@@H](Cc1c[nH]c2ccccc12)C(=O)N[C@@H](C)C(=O)N[C@@H](CO)C(=O)N[C@@H](CC(C)C)C(=O)N[C@@H](Cc1c[nH]c2ccccc12)C(=O)N[C@@H](CC(N)=O)C(=O)N[C@@H](Cc1c[nH]c2ccccc12)C(=O)N[C@@H](Cc1ccccc1)C(N)=O,"[""608828"",""human/EPAR/fuzeon"",""enfuvirtide""]",[],equivalent_by_inchikey
20,enfuvirtide,DRUGBANK:DB00109,Enfuvirtide,properties.name;properties.synonyms,PEASPLKKXBYDKL-FXEVSJAOSA-N,CC[C@H](C)[C@H](NC(=O)[C@H](CC(C)C)NC(=O)[C@H](CO)NC(=O)[C@H](CC1=CNC=N1)NC(=O)[C@@H](NC(=O)[C@H](CC(C)C)NC(=O)[C@H](CO)NC(=O)[C@@H](NC(=O)[C@H](CC1=CC=C(O)C=C1)NC(C)=O)[C@@H](C)O)[C@@H](C)CC)C(=O)N[C@@H](CCC(O)=O)C(=O)N[C@@H](CCC(O)=O)C(=O)N[C@@H](CO)C(=O)N[C@@H](CCC(N)=O)C(=O)N[C@@H](CC(N)=O)C(=O)N[C@@H](CCC(N)=O)C(=O)N[C@@H](CCC(N)=O)C(=O)N[C@@H](CCC(O)=O)C(=O)N[C@@H](CCCCN)C(=O)N[C@@H](CC(N)=O)C(=O)N[C@@H](CCC(O)=O)C(=O)N[C@@H](CCC(N)=O)C(=O)N[C@@H](CCC(O)=O)C(=O)N[C@@H](CC(C)C)C(=O)N[C@@H](CC(C)C)C(=O)N[C@@H](CCC(O)=O)C(=O)N[C@@H](CC(C)C)C(=O)N[C@@H](CC(O)=O)C(=O)N[C@@H](CCCCN)C(=O)N[C@@H](CC1=CNC2=C1C=CC=C2)C(=O)N[C@@H](C)C(=O)N[C@@H](CO)C(=O)N[C@@H](CC(C)C)C(=O)N[C@@H](CC1=CNC2=C1C=CC=C2)C(=O)N[C@@H](CC(N)=O)C(=O)N[C@@H](CC1=CNC2=C1C=CC=C2)C(=O)N[C@@H](CC1=CC=CC=C1)C(N)=O,[],"[""BTD00106"",""BIOD00106""]",equivalent_by_inchikey
30,cevimeline,CHEMBL168815,CEVIMELINE,properties.name;properties.synonyms,WUTYZMFRCNBCHQ-UHFFFAOYSA-N,CC1OC2(CS1)CN1CCC2CC1,[],[],equivalent_by_smiles
30,cevimeline,CHEMBL2218917,CEVIMELINE HYDROCHLORIDE,properties.trade_names,JKJRNPOQQPBPOV-UHFFFAOYSA-N,CC1OC2(CS1)CN1CCC2CC1.Cl.O,"[""cevimeline%20hydrochloride""]",[],equivalent_by_smiles
30,cevimeline,DRUGBANK:DB00185,Cevimeline,properties.name;properties.synonyms,WUTYZMFRCNBCHQ-LHIURRSHSA-N,CC1OC2(CS1)CN1CCC2CC1,[],"[""APRD00224""]",equivalent_by_smiles
33,bortezomib,CHEMBL325041,BORTEZOMIB,properties.name;properties.synonyms,GXJABQQUPOEUTA-RDJZCZTQSA-N,CC(C)C[C@H](NC(=O)[C@H](Cc1ccccc1)NC(=O)c1cnccn1)B(O)O,"[""DB00188"",""52717"",""bortezomib""]",[],insufficient_structure
33,bortezomib,RXNORM:358258,bortezomib,properties.name,"","",[],[],insufficient_structure
67,anagrelide,CHEMBL760,ANAGRELIDE,properties.name;properties.synonyms,OTBXOEAOVRKTNQ-UHFFFAOYSA-N,O=C1CN2Cc3c(ccc(Cl)c3Cl)N=C2N1,"[""142290"",""DB00261""]",[],insufficient_structure
67,anagrelide,RXNORM:596724,anagrelide,properties.name,"","",[],[],insufficient_structure
83,bleomycin,CHEMBL403664,BLEOMYCIN,properties.name;properties.synonyms,OYVAGSVQBOHSSS-UAPAGMARSA-O,Cc1c(N)nc([C@H](CC(N)=O)NC[C@H](N)C(N)=O)nc1C(=O)N[C@H](C(=O)N[C@H](C)[C@@H](O)[C@H](C)C(=O)N[C@H](C(=O)NCCc1nc(-c2nc(C(=O)NCCC[S+](C)C)cs2)cs1)[C@@H](C)O)[C@@H](O[C@@H]1O[C@@H](CO)[C@@H](O)[C@H](O)[C@@H]1O[C@H]1O[C@H](CO)[C@@H](O)[C@H](OC(N)=O)[C@@H]1O)c1c[nH]cn1,"[""3139""]",[],mixed_identity
83,bleomycin,DRUGBANK:DB00290,Bleomycin,properties.name;properties.synonyms,OYVAGSVQBOHSSS-WXFSZRTFSA-O,"",[],"[""APRD00453"",""EXPT00718""]",mixed_identity
89,bupivacaine,CHEMBL1098,BUPIVACAINE,properties.name;properties.synonyms,LEBVLXFERQHONN-UHFFFAOYSA-N,CCCCN1CCCCC1C(=O)Nc1c(C)cccc1C,"[""human/EPAR/exparel-liposomal"",""bupivacaine"",""DB00297"",""77431""]",[],insufficient_structure
89,bupivacaine,RXNORM:1815,bupivacaine,properties.name,"","",[],[],insufficient_structure
91,tenofovir.disoproxil,CHEMBL1538,TENOFOVIR DISOPROXIL,properties.name;properties.synonyms,JFVZFKDSXNQEJW-CQSZACIVSA-N,CC(C)OC(=O)OCOP(=O)(CO[C@H](C)Cn1cnc2c(N)ncnc21)OCOC(=O)OC(C)C,"[""DB00300"",""63717""]",[],insufficient_structure
91,tenofovir.disoproxil,RXNORM:300195,tenofovir disoproxil,properties.name,"","",[],[],insufficient_structure
107,metformin,CHEMBL1431,METFORMIN,properties.name;properties.synonyms,XZWYZXLIPXDOLR-UHFFFAOYSA-N,CN(C)C(=N)NC(=N)N,"[""DB00331"",""6801""]",[],insufficient_structure
107,metformin,RXNORM:6809,metformin,properties.name,"","",[],[],insufficient_structure
116,nitisinone,CHEMBL1337,NITISINONE,properties.name;properties.synonyms,OUBCNLGXQFSTLU-UHFFFAOYSA-N,O=C1CCCC(=O)C1C(=O)c1ccc(C(F)(F)F)cc1[N+](=O)[O-],"[""human/EPAR/nityr"",""nitisinone"",""DB00348"",""50378""]",[],insufficient_structure
116,nitisinone,RXNORM:61805,nitisinone,properties.name,"","",[],[],insufficient_structure
128,treprostinil,CHEMBL1237119,TREPROSTINIL,properties.name;properties.synonyms,PAJMKGZZBBTTOY-ZFORQUDYSA-N,CCCCC[C@H](O)CC[C@@H]1[C@H]2Cc3cccc(OCC(=O)O)c3C[C@H]2C[C@H]1O,"[""DB00374"",""treprostinil"",""50861""]",[],insufficient_structure
128,treprostinil,RXNORM:343048,treprostinil,properties.name,"","",[],[],insufficient_structure
132,amlodipine,CHEMBL1491,AMLODIPINE,properties.name;properties.synonyms,HTIQEAQVCYTUBX-UHFFFAOYSA-N,CCOC(=O)C1=C(COCCN)NC(C)=C(C(=O)OC)C1c1ccccc1Cl,"[""DB00381"",""2668""]",[],insufficient_structure
132,amlodipine,RXNORM:17767,amlodipine,properties.name,"","",[],[],insufficient_structure
152,allopurinol,CHEMBL1467,ALLOPURINOL,properties.name;properties.synonyms;properties.trade_names,OFCNXPDARWKPPY-UHFFFAOYSA-N,Oc1ncnc2[nH]ncc12,"[""DB00437"",""allopurinol"",""40279""]",[],insufficient_structure
152,allopurinol,RXNORM:519,allopurinol,properties.name,"","",[],[],insufficient_structure
172,lenalidomide,CHEMBL848,LENALIDOMIDE,properties.name;properties.synonyms,GOTYRUGSSMKFNF-UHFFFAOYSA-N,Nc1cccc2c1CN(C1CCC(=O)NC1=O)C2=O,"[""lenalidomide"",""human/EPAR/revlimid"",""DB00480"",""63791""]",[],insufficient_structure
172,lenalidomide,RXNORM:342369,lenalidomide,properties.name,"","",[],[],insufficient_structure
181,entacapone,CHEMBL953,ENTACAPONE,properties.name;properties.synonyms;properties.trade_names,JRURYQJSLYLRLN-BJMVGYQFSA-N,CCN(CC)C(=O)/C(C#N)=C/c1cc(O)c(O)c([N+](=O)[O-])c1,"[""4798"",""DB00494"",""human/EPAR/entacapone-orion"",""entacapone""]",[],insufficient_structure
181,entacapone,RXNORM:60307,entacapone,properties.name,"","",[],[],insufficient_structure
188,ritonavir,CHEMBL163,RITONAVIR,properties.name;properties.synonyms;properties.trade_names,NCDNCNXCDXHOMX-XGKFQTDJSA-N,CC(C)c1nc(CN(C)C(=O)N[C@H](C(=O)N[C@@H](Cc2ccccc2)C[C@H](O)[C@H](Cc2ccccc2)NC(=O)OCc2cncs2)C(C)C)cs1,"[""DB00503"",""human/EPAR/norvir"",""ritonavir"",""45409""]",[],insufficient_structure
188,ritonavir,RXNORM:85762,ritonavir,properties.name,"","",[],[],insufficient_structure
194,caspofungin,CHEMBL1630575,CASPOFUNGIN,properties.name;properties.synonyms,JYIKNQVWKBUSNH-WVDDFWQHSA-N,CC[C@H](C)C[C@H](C)CCCCCCCCC(=O)N[C@H]1C[C@@H](O)[C@@H](NCCN)NC(=O)[C@@H]2[C@@H](O)CCN2C(=O)[C@H]([C@H](O)CCN)NC(=O)[C@H]([C@H](O)[C@@H](O)c2ccc(O)cc2)NC(=O)[C@@H]2C[C@@H](O)CN2C(=O)[C@H]([C@@H](C)O)NC1=O,[],[],equivalent_by_inchikey
194,caspofungin,DRUGBANK:DB00520,Caspofungin,properties.name;properties.synonyms,JYIKNQVWKBUSNH-WVDDFWQHSA-N,CC[C@H](C)C[C@H](C)CCCCCCCCC(=O)N[C@H]1C[C@@H](O)[C@@H](NCCN)NC(=O)[C@@H]2[C@@H](O)CCN2C(=O)[C@@H](NC(=O)[C@@H](NC(=O)[C@@H]2C[C@@H](O)CN2C(=O)[C@@H](NC1=O)[C@@H](C)O)[C@H](O)[C@@H](O)C1=CC=C(O)C=C1)[C@H](O)CCN,[],"[""APRD00199""]",equivalent_by_inchikey
197,oxaliplatin,CHEMBL414804,OXALIPLATIN,properties.name;properties.synonyms;properties.trade_names,"","","[""oxaliplatin""]",[],insufficient_structure
197,oxaliplatin,DRUGBANK:DB00526,Oxaliplatin,properties.name;properties.synonyms,ZROHGHOFXNOHSO-BNTLRKBRSA-L,"",[],"[""APRD00186""]",insufficient_structure
200,erlotinib,CHEMBL553,ERLOTINIB,properties.name;properties.synonyms,AAKJLRGGTJKAMG-UHFFFAOYSA-N,C#Cc1cccc(Nc2ncnc3cc(OCCOC)c(OCCOC)cc23)c1,"[""DB00530"",""114785""]",[],insufficient_structure
200,erlotinib,RXNORM:337525,erlotinib,properties.name,"","",[],[],insufficient_structure
216,bosentan,CHEMBL957,BOSENTAN,properties.name;properties.synonyms,GJPICJJJRGTNOD-UHFFFAOYSA-N,COc1ccccc1Oc1c(NS(=O)(=O)c2ccc(C(C)(C)C)cc2)nc(-c2ncccn2)nc1OCCO,"[""bosentan"",""human/EPAR/stayveer"",""human/EPAR/tracleer"",""51450"",""DB00559""]",[],insufficient_structure
216,bosentan,RXNORM:75207,bosentan,properties.name,"","",[],[],insufficient_structure
218,methotrexate,CHEMBL34259,METHOTREXATE,properties.name;properties.synonyms;properties.trade_names,FBOZXECLQNJBKD-ZDUSSCGKSA-N,CN(Cc1cnc2nc(N)nc(N)c2n1)c1ccc(C(=O)N[C@@H](CCC(=O)O)C(=O)O)cc1,"[""methotrexate"",""44185"",""human/EPAR/nordimet"",""DB00563""]",[],insufficient_structure
218,methotrexate,RXNORM:6851,methotrexate,properties.name,"","",[],[],insufficient_structure
222,propranolol,CHEMBL27,PROPRANOLOL,properties.name;properties.synonyms,AQHHHDLHHXJYJD-UHFFFAOYSA-N,CC(C)NCC(O)COc1cccc2ccccc12,"[""DB00571"",""8499""]",[],insufficient_structure
222,propranolol,RXNORM:8787,propranolol,properties.name,"","",[],[],insufficient_structure
233,gadoteridol,CHEMBL1200593,GADOTERIDOL,properties.name;properties.synonyms,"","","[""31643"",""gadoteridol""]",[],insufficient_structure
233,gadoteridol,DRUGBANK:DB00597,Gadoteridol,properties.name;properties.synonyms,DPNNNPAKRZOSMO-UHFFFAOYSA-K,"",[],"[""APRD00992""]",insufficient_structure
236,ivermectin,CHEMBL1200633,IVERMECTIN,properties.name;properties.synonyms;properties.trade_names,SPBDXSGPUHCETR-JFUDTMANSA-N,CC[C@H](C)[C@H]1O[C@]2(CC[C@@H]1C)C[C@@H]1C[C@@H](C/C=C(\C)[C@@H](O[C@H]3C[C@H](OC)[C@@H](O[C@H]4C[C@H](OC)[C@@H](O)[C@H](C)O4)[C@H](C)O3)[C@@H](C)/C=C/C=C3\CO[C@@H]4[C@H](O)C(C)=C[C@@H](C(=O)O1)[C@]34O)O2.CO[C@H]1C[C@H](O[C@H]2[C@H](C)O[C@@H](O[C@@H]3/C(C)=C/C[C@@H]4C[C@@H](C[C@]5(CC[C@H](C)[C@@H](C(C)C)O5)O4)OC(=O)[C@@H]4C=C(C)[C@@H](O)[C@H]5OC/C(=C\C=C\[C@@H]3C)[C@]54O)C[C@@H]2OC)O[C@@H](C)[C@@H]1O,"[""ivermectin""]",[],equivalent_by_inchikey
236,ivermectin,DRUGBANK:DB00602,Ivermectin,properties.name;properties.synonyms,SPBDXSGPUHCETR-JFUDTMANSA-N,"",[],"[""APRD01058""]",equivalent_by_inchikey
238,butorphanol,CHEMBL33986,BUTORPHANOL,properties.name;properties.synonyms,IFKLAQQSCNILHL-QHAWAJNXSA-N,Oc1ccc2c(c1)[C@@]13CCCC[C@@]1(O)[C@@H](C2)N(CC1CCC1)CC3,"[""3242""]",[],equivalent_by_inchikey
238,butorphanol,DRUGBANK:DB00611,Butorphanol,properties.name;properties.synonyms,IFKLAQQSCNILHL-QHAWAJNXSA-N,OC1=CC2=C(C[C@H]3N(CC4CCC4)CC[C@@]22CCCC[C@@]32O)C=C1,[],"[""APRD00835""]",equivalent_by_inchikey
243,testosterone,CHEMBL386630,TESTOSTERONE,properties.name;properties.synonyms;properties.trade_names,MUMGGOZAMZWBJJ-DYKIIFRCSA-N,C[C@]12CC[C@H]3[C@@H](CCC4=CC(=O)CC[C@@]43C)[C@@H]1CC[C@@H]2O,"[""human/EPAR/intrinsa"",""testosterone"",""17347"",""DB00624""]",[],insufficient_structure
243,testosterone,RXNORM:10379,testosterone,properties.name,"","",[],[],insufficient_structure
257,sevelamer,CHEMBL5314349,SEVELAMER,properties.name;properties.synonyms,"","",[],[],insufficient_structure
257,sevelamer,DRUGBANK:DB00658,Sevelamer,properties.name;properties.synonyms,ZNSIZMQNQCNRBW-UHFFFAOYSA-N,"",[],"[""APRD01226""]",insufficient_structure
261,nafarelin,CHEMBL1201309,NAFARELIN,properties.name;properties.synonyms,PPXLVGBVOZLEIW-ITQXDASVSA-N,CC(C)C[C@H](NC(=O)[C@@H](Cc1cccc2ccccc12)NC(=O)[C@H](Cc1ccc(O)cc1)NC(=O)[C@H](CO)NC(=O)[C@H](Cc1c[nH]c2ccccc12)NC(=O)[C@H](Cc1cnc[nH]1)NC(=O)[C@@H]1CCC(=O)N1)C(=O)N[C@@H](CCCNC(=N)N)C(=O)N1CCC[C@H]1C(=O)NCC(N)=O,[],[],mixed_identity
261,nafarelin,DRUGBANK:DB00666,Nafarelin,properties.name;properties.synonyms,RWHUEXWOYVBUCI-ITQXDASVSA-N,CC(C)C[C@H](NC(=O)[C@@H](CC1=CC2=C(C=CC=C2)C=C1)NC(=O)[C@H](CC1=CC=C(O)C=C1)NC(=O)[C@H](CO)NC(=O)[C@H](CC1=CNC2=C1C=CC=C2)NC(=O)[C@H](CC1=CNC=N1)NC(=O)[C@@H]1CCC(=O)N1)C(=O)N[C@@H](CCCNC(N)=N)C(=O)N1CCC[C@H]1C(=O)NCC(N)=O,[],"[""APRD01129""]",mixed_identity
284,porfimer.sodium,CHEMBL1201481,PORFIMER SODIUM,properties.name;properties.synonyms,"","","[""porfimer%20sodium"",""human/EPAR/photobarr""]",[],insufficient_structure
284,porfimer.sodium,DRUGBANK:DB00707,Porfimer sodium,properties.name;properties.synonyms,"","",[],"[""APRD00078""]",insufficient_structure
286,lamivudine,CHEMBL141,LAMIVUDINE,properties.name;properties.synonyms;properties.trade_names,JTEGQNOMFQHVDC-NKWVEPMBSA-N,Nc1ccn([C@@H]2CS[C@H](CO)O2)c(=O)n1,"[""DB00709"",""lamivudine"",""human/EPAR/lamivudine-teva"",""63577""]",[],insufficient_structure
286,lamivudine,RXNORM:68244,lamivudine,properties.name,"","",[],[],insufficient_structure
295,risperidone,CHEMBL85,RISPERIDONE,properties.name;properties.synonyms;properties.trade_names,RAPZEAPATHNIPO-UHFFFAOYSA-N,Cc1nc2n(c(=O)c1CCN1CCC(c3noc4cc(F)ccc34)CC1)CCCC2,"[""risperidone"",""8871"",""DB00734"",""human/EPAR/okedi""]",[],insufficient_structure
295,risperidone,RXNORM:35636,risperidone,properties.name,"","",[],[],insufficient_structure
296,naftifine,CHEMBL626,NAFTIFINE,properties.name;properties.synonyms,OZGNYLLQHRPOBR-DHZHZOJOSA-N,CN(C/C=C/c1ccccc1)Cc1cccc2ccccc12,"[""7451""]",[],equivalent_by_inchikey
296,naftifine,DRUGBANK:DB00735,Naftifine,properties.name;properties.synonyms,OZGNYLLQHRPOBR-DHZHZOJOSA-N,CN(C\C=C\C1=CC=CC=C1)CC1=CC=CC2=CC=CC=C12,[],"[""APRD01131""]",equivalent_by_inchikey
299,riluzole,CHEMBL744,RILUZOLE,properties.name;properties.synonyms;properties.trade_names,FTALBRSUTCGOEG-UHFFFAOYSA-N,Nc1nc2ccc(OC(F)(F)F)cc2s1,"[""DB00740"",""8863"",""human/EPAR/riluzole-zentiva"",""riluzole""]",[],insufficient_structure
299,riluzole,RXNORM:35623,riluzole,properties.name,"","",[],[],insufficient_structure
315,estradiol,CHEMBL135,ESTRADIOL,properties.name;properties.synonyms;properties.trade_names,VOXZDWNPVJITMN-ZBRFXRBCSA-N,C[C@]12CC[C@@H]3c4ccc(O)cc4CC[C@H]3[C@@H]1CC[C@@H]2O,"[""DB00783"",""estradiol"",""16469""]",[],insufficient_structure
315,estradiol,RXNORM:4083,estradiol,properties.name,"","",[],[],insufficient_structure
326,fentanyl,CHEMBL596,FENTANYL,properties.name;properties.synonyms,PJMPHNIQZUBGLI-UHFFFAOYSA-N,CCC(=O)N(c1ccccc1)C1CCN(CCc2ccccc2)CC1,"[""fentanyl"",""119915"",""DB00813""]",[],insufficient_structure
326,fentanyl,RXNORM:4337,fentanyl,properties.name,"","",[],[],insufficient_structure
341,vardenafil,CHEMBL1520,VARDENAFIL,properties.name;properties.synonyms,SECKRCOLJRRGGV-UHFFFAOYSA-N,CCCc1nc(C)c2c(=O)nc(-c3cc(S(=O)(=O)N4CCN(CC)CC4)ccc3OCC)[nH]n12,"[""DB00862"",""46295""]",[],insufficient_structure
341,vardenafil,RXNORM:306674,vardenafil,properties.name,"","",[],[],insufficient_structure
347,emtricitabine,CHEMBL885,EMTRICITABINE,properties.name;properties.synonyms,XQSPYNMVSIKCOC-NTSWFWBYSA-N,Nc1nc(=O)n([C@@H]2CS[C@H](CO)O2)cc1F,"[""DB00879"",""human/EPAR/emtriva"",""emtricitabine"",""31536""]",[],insufficient_structure
347,emtricitabine,RXNORM:276237,emtricitabine,properties.name,"","",[],[],insufficient_structure
361,zonisamide,CHEMBL750,ZONISAMIDE,properties.name;properties.synonyms;properties.trade_names,UBQNRHZMVUUOMG-UHFFFAOYSA-N,NS(=O)(=O)Cc1noc2ccccc12,"[""zonisamide"",""DB00909"",""human/EPAR/zonegran"",""10127""]",[],insufficient_structure
361,zonisamide,RXNORM:39998,zonisamide,properties.name,"","",[],[],insufficient_structure
368,buprenorphine,CHEMBL511142,BUPRENORPHINE,properties.name;properties.synonyms,RMRJXGBAOAMLHD-CTAPUXPBSA-N,CO[C@@]12CC[C@@]3(C[C@@H]1[C@](C)(O)C(C)(C)C)[C@H]1Cc4ccc(O)c5c4[C@@]3(CCN1CC1CC1)[C@H]2O5,"[""buprenorphine""]",[],mixed_identity
368,buprenorphine,CHEMBL560511,Buprenorphine,properties.name;properties.synonyms,RMRJXGBAOAMLHD-IHFGGWKQSA-N,CO[C@]12CC[C@@]3(C[C@@H]1[C@](C)(O)C(C)(C)C)[C@H]1Cc4ccc(O)c5c4[C@@]3(CCN1CC1CC1)[C@H]2O5,"[""DB00921"",""3216""]",[],mixed_identity
372,azacitidine,CHEMBL1489,AZACITIDINE,properties.name;properties.synonyms;properties.trade_names,NMUSYJAQQFHJEW-KVTDHHQDSA-N,Nc1ncn([C@@H]2O[C@H](CO)[C@@H](O)[C@H]2O)c(=O)n1,"[""human/EPAR/azacitidine-accord"",""azacitidine"",""DB00928"",""2038""]",[],insufficient_structure
372,azacitidine,RXNORM:1251,azacitidine,properties.name,"","",[],[],insufficient_structure
384,carboplatin,CHEMBL1351,CARBOPLATIN,properties.name;properties.synonyms;properties.trade_names,"","","[""carboplatin"",""31355""]",[],insufficient_structure
384,carboplatin,DRUGBANK:DB00958,Carboplatin,properties.name;properties.synonyms,OLESAACUTLOWQZ-UHFFFAOYSA-L,"",[],"[""APRD00466""]",insufficient_structure
388,telmisartan,CHEMBL1017,TELMISARTAN,properties.name;properties.synonyms;properties.trade_names,RMMXLENWKUUMAY-UHFFFAOYSA-N,CCCc1nc2c(C)cc(-c3nc4ccccc4n3C)cc2n1Cc1ccc(-c2ccccc2C(=O)O)cc1,"[""DB00966"",""telmisartan"",""9434"",""human/EPAR/micardis""]",[],insufficient_structure
388,telmisartan,RXNORM:73494,telmisartan,properties.name,"","",[],[],insufficient_structure
389,desloratadine,CHEMBL1172,DESLORATADINE,properties.name;properties.synonyms;properties.trade_names,JAUOIFJMECXRGI-UHFFFAOYSA-N,Clc1ccc2c(c1)CCc1cccnc1C2=C1CCNCC1,"[""DB00967"",""291342"",""human/EPAR/neoclarityn"",""desloratadine""]",[],insufficient_structure
389,desloratadine,RXNORM:275635,desloratadine,properties.name,"","",[],[],insufficient_structure
398,formoterol,CHEMBL1256786,FORMOTEROL,properties.name;properties.synonyms,BPZSYCZIITTYBL-UHFFFAOYSA-N,COc1ccc(CC(C)NCC(O)c2ccc(O)c(NC=O)c2)cc1,"[""63082"",""DB00983""]",[],insufficient_structure
398,formoterol,RXNORM:25255,formoterol,properties.name,"","",[],[],insufficient_structure
405,auranofin,CHEMBL1366,AURANOFIN,properties.name;properties.synonyms,"","","[""2922"",""auranofin""]",[],insufficient_structure
405,auranofin,DRUGBANK:DB00995,Auranofin,properties.name;properties.synonyms,AUJRCFUBUPVWSZ-XTZHGVARSA-M,"",[],"[""APRD00808""]",insufficient_structure
409,hydrochlorothiazide,CHEMBL435,HYDROCHLOROTHIAZIDE,properties.name;properties.synonyms;properties.trade_names,JZUFKLXOESDKRF-UHFFFAOYSA-N,NS(=O)(=O)c1cc2c(cc1Cl)NCNS2(=O)=O,"[""DB00999"",""hydrochlorothiazide"",""5778""]",[],insufficient_structure
409,hydrochlorothiazide,RXNORM:5487,hydrochlorothiazide,properties.name,"","",[],[],insufficient_structure
418,cinacalcet,CHEMBL1201284,CINACALCET,properties.name;properties.synonyms,VDHAWDNDOKGFTD-MRXNPFEDSA-N,C[C@@H](NCCCc1cccc(C(F)(F)F)c1)c1cccc2ccccc12,"[""48390"",""DB01012""]",[],insufficient_structure
418,cinacalcet,RXNORM:407990,cinacalcet,properties.name,"","",[],[],insufficient_structure
433,memantine,CHEMBL807,MEMANTINE,properties.name;properties.synonyms,BUGYDGFZZOZRHP-UHFFFAOYSA-N,CC12CC3CC(C)(C1)CC(N)(C3)C2,"[""DB01043"",""64312""]",[],insufficient_structure
433,memantine,RXNORM:6719,memantine,properties.name,"","",[],[],insufficient_structure
437,abacavir,CHEMBL1380,ABACAVIR,properties.name;properties.synonyms,MCGSCOLBFJQGHM-SCZZXKLOSA-N,Nc1nc(NC2CC2)c2ncn([C@H]3C=C[C@@H](CO)C3)c2n1,"[""DB01048"",""421707""]",[],insufficient_structure
437,abacavir,RXNORM:190521,abacavir,properties.name,"","",[],[],insufficient_structure
448,vigabatrin,CHEMBL89598,VIGABATRIN,properties.name;properties.synonyms,PJDFLNIOAUIZSL-UHFFFAOYSA-N,C=CC(N)CCC(=O)O,"[""vigabatrin"",""DB01080"",""63638"",""human/EPAR/kigabeq""]",[],insufficient_structure
448,vigabatrin,RXNORM:14851,vigabatrin,properties.name,"","",[],[],insufficient_structure
459,heparin,CHEMBL4650299,HEPARIN,properties.name;properties.synonyms,"","",[],[],insufficient_structure
459,heparin,DRUGBANK:DB01109,Heparin,properties.name,"","",[],"[""APRD00056""]",insufficient_structure
467,pioglitazone,CHEMBL595,PIOGLITAZONE,properties.name;properties.synonyms,HYAFETHFCAUJAY-UHFFFAOYSA-N,CCc1ccc(CCOc2ccc(CC3SC(=O)NC3=O)cc2)nc1,"[""DB01132"",""8228""]",[],insufficient_structure
467,pioglitazone,RXNORM:33738,pioglitazone,properties.name,"","",[],[],insufficient_structure
480,itraconazole,CHEMBL64391,ITRACONAZOLE,properties.name;properties.synonyms;properties.trade_names,VHVPQPYKVGDNFY-UHFFFAOYSA-N,CCC(C)n1ncn(-c2ccc(N3CCN(c4ccc(OCC5COC(Cn6cncn6)(c6ccc(Cl)cc6Cl)O5)cc4)CC3)cc2)c1=O,"[""veterinary/EPAR/fungitraxx"",""itraconazole""]",[],mixed_identity
480,itraconazole,DRUGBANK:DB01167,Itraconazole,properties.name;properties.synonyms,VHVPQPYKVGDNFY-ZPGVKDDISA-N,CCC(C)N1N=CN(C1=O)C1=CC=C(C=C1)N1CCN(CC1)C1=CC=C(OCC2COC(CN3C=NC=N3)(O2)C2=C(Cl)C=C(Cl)C=C2)C=C1,[],"[""APRD00040""]",mixed_identity
481,arsenic.trioxide,CHEMBL5483015,ARSENIC TRIOXIDE,properties.name,MOQADKPFYVWPSE-UHFFFAOYSA-N,O=[As][As+](=O)[O-],[],[],mixed_identity
481,arsenic.trioxide,DRUGBANK:DB01169,Arsenic trioxide,properties.name;properties.synonyms,IKWTVSLWAPBBKU-UHFFFAOYSA-N,O=[As]O[As]=O,[],"[""APRD00171""]",mixed_identity
497,levetiracetam,CHEMBL1286,LEVETIRACETAM,properties.name;properties.synonyms;properties.trade_names,HPHUVLMMVZITSG-LURJTMIESA-N,CC[C@@H](C(N)=O)N1CCCC1=O,"[""levetiracetam"",""human/EPAR/levetiracetam-teva"",""DB01202"",""6437""]",[],insufficient_structure
497,levetiracetam,RXNORM:114477,levetiracetam,properties.name,"","",[],[],insufficient_structure
498,nadolol,CHEMBL521606,NADOLOL,properties.name;properties.synonyms;properties.trade_names,VWPOSFSPZNDTMJ-UHFFFAOYSA-N,CC(C)(C)NCC(O)COc1cccc2c1CC(O)C(O)C2,"[""nadolol""]",[],mixed_identity
498,nadolol,CHEMBL649,NADOLOL,properties.name;properties.synonyms;properties.trade_names,VWPOSFSPZNDTMJ-UCWKZMIHSA-N,CC(C)(C)NCC(O)COc1cccc2c1C[C@H](O)[C@H](O)C2,"[""DB01203""]",[],mixed_identity
509,budesonide,CHEMBL1370,BUDESONIDE,properties.name;properties.synonyms;properties.trade_names,VOVIALXJUBGFJZ-KWVAZRHASA-N,CCCC1O[C@@H]2C[C@H]3[C@@H]4CCC5=CC(=O)C=C[C@]5(C)[C@H]4[C@@H](O)C[C@]3(C)[C@]2(C(=O)CO)O1,"[""budesonide"",""DB01222"",""3207"",""human/EPAR/jorveza""]",[],insufficient_structure
509,budesonide,RXNORM:19831,budesonide,properties.name,"","",[],[],insufficient_structure
512,paclitaxel,CHEMBL428647,PACLITAXEL,properties.name;properties.synonyms;properties.trade_names,RCINICONZNJXQF-MZXODVADSA-N,CC(=O)O[C@H]1C(=O)[C@@]2(C)[C@H]([C@H](OC(=O)c3ccccc3)[C@]3(O)C[C@H](OC(=O)[C@H](O)[C@@H](NC(=O)c4ccccc4)c4ccccc4)C(C)=C1C3(C)C)[C@]1(OC(C)=O)CO[C@@H]1C[C@@H]2O,"[""human/EPAR/apealea"",""DB01229"",""45863"",""paclitaxel""]",[],insufficient_structure
512,paclitaxel,RXNORM:56946,paclitaxel,properties.name,"","",[],[],insufficient_structure
515,levodopa,CHEMBL1009,LEVODOPA,properties.name;properties.synonyms,WTDRDQBEARUVNC-LURJTMIESA-N,N[C@@H](Cc1ccc(O)c(O)c1)C(=O)O,"[""levodopa"",""15765"",""DB01235"",""human/EPAR/inbrija""]",[],insufficient_structure
515,levodopa,RXNORM:6375,levodopa,properties.name,"","",[],[],insufficient_structure
516,aripiprazole,CHEMBL1112,ARIPIPRAZOLE,properties.name;properties.synonyms;properties.trade_names,CEUORZQYGODEFX-UHFFFAOYSA-N,O=C1CCc2ccc(OCCCCN3CCN(c4cccc(Cl)c4Cl)CC3)cc2N1,"[""human/EPAR/aripiprazole-mylan-pharma"",""DB01238"",""aripiprazole"",""31236""]",[],insufficient_structure
516,aripiprazole,RXNORM:89013,aripiprazole,properties.name,"","",[],[],insufficient_structure
530,posaconazole,CHEMBL1397,POSACONAZOLE,properties.name;properties.synonyms,RAGOYPUPXAKGKH-XAKZXMRKSA-N,CC[C@@H]([C@H](C)O)n1ncn(-c2ccc(N3CCN(c4ccc(OC[C@@H]5CO[C@@](Cn6cncn6)(c6ccc(F)cc6F)C5)cc4)CC3)cc2)c1=O,"[""human/EPAR/noxafil"",""DB01263"",""posaconazole"",""64355""]",[],insufficient_structure
530,posaconazole,RXNORM:282446,posaconazole,properties.name,"","",[],[],insufficient_structure
535,varenicline,CHEMBL1076903,VARENICLINE,properties.name;properties.synonyms,JQSHBVHOMNKWFT-DTORHVGOSA-N,c1cnc2cc3c(cc2n1)[C@@H]1CNC[C@H]3C1,"[""84500""]",[],mixed_identity
535,varenicline,DRUGBANK:DB01273,Varenicline,properties.name;properties.synonyms,JQSHBVHOMNKWFT-UHFFFAOYSA-N,C1[C@H]2CNC[C@@H]1C1=C2C=C2N=CC=NC2=C1,[],[],mixed_identity
537,exenatide,CHEMBL414357,EXENATIDE,properties.name;properties.synonyms,HTQBXNHDCUEHJF-XWLPCZSASA-N,CC[C@H](C)[C@H](NC(=O)[C@H](Cc1ccccc1)NC(=O)[C@H](CC(C)C)NC(=O)[C@H](CCCNC(=N)N)NC(=O)[C@@H](NC(=O)[C@H](C)NC(=O)[C@H](CCC(=O)O)NC(=O)[C@H](CCC(=O)O)NC(=O)[C@H](CCC(=O)O)NC(=O)[C@H](CCSC)NC(=O)[C@H](CCC(N)=O)NC(=O)[C@H](CCCCN)NC(=O)[C@H](CO)NC(=O)[C@H](CC(C)C)NC(=O)[C@H](CC(=O)O)NC(=O)[C@H](CO)NC(=O)[C@@H](NC(=O)[C@H](Cc1ccccc1)NC(=O)[C@@H](NC(=O)CNC(=O)[C@H](CCC(=O)O)NC(=O)CNC(=O)[C@@H](N)Cc1cnc[nH]1)[C@@H](C)O)[C@@H](C)O)C(C)C)C(=O)N[C@@H](CCC(=O)O)C(=O)N[C@@H](Cc1c[nH]c2ccccc12)C(=O)N[C@@H](CC(C)C)C(=O)N[C@@H](CCCCN)C(=O)N[C@@H](CC(N)=O)C(=O)NCC(=O)NCC(=O)N1CCC[C@H]1C(=O)N[C@@H](CO)C(=O)N[C@@H](CO)C(=O)NCC(=O)N[C@@H](C)C(=O)N1CCC[C@H]1C(=O)N1CCC[C@H]1C(=O)N1CCC[C@H]1C(=O)N[C@@H](CO)C(N)=O,"[""exenatide%20synthetic"",""human/EPAR/bydureon""]",[],equivalent_by_inchikey
537,exenatide,DRUGBANK:DB01276,Exenatide,properties.name;properties.synonyms,HTQBXNHDCUEHJF-XWLPCZSASA-N,CC[C@H](C)[C@H](NC(=O)[C@H](CC1=CC=CC=C1)NC(=O)[C@H](CC(C)C)NC(=O)[C@H](CCCNC(N)=N)NC(=O)[C@@H](NC(=O)[C@H](C)NC(=O)[C@H](CCC(O)=O)NC(=O)[C@H](CCC(O)=O)NC(=O)[C@H](CCC(O)=O)NC(=O)[C@H](CCSC)NC(=O)[C@H](CCC(N)=O)NC(=O)[C@H](CCCCN)NC(=O)[C@H](CO)NC(=O)[C@H](CC(C)C)NC(=O)[C@H](CC(O)=O)NC(=O)[C@H](CO)NC(=O)[C@@H](NC(=O)[C@H](CC1=CC=CC=C1)NC(=O)[C@@H](NC(=O)CNC(=O)[C@H](CCC(O)=O)NC(=O)CNC(=O)[C@@H](N)CC1=CNC=N1)[C@@H](C)O)[C@@H](C)O)C(C)C)C(=O)N[C@@H](CCC(O)=O)C(=O)N[C@@H](CC1=CNC2=C1C=CC=C2)C(=O)N[C@@H](CC(C)C)C(=O)N[C@@H](CCCCN)C(=O)N[C@@H](CC(N)=O)C(=O)NCC(=O)NCC(=O)N1CCC[C@H]1C(=O)N[C@@H](CO)C(=O)N[C@@H](CO)C(=O)NCC(=O)N[C@@H](C)C(=O)N1CCC[C@H]1C(=O)N1CCC[C@H]1C(=O)N1CCC[C@H]1C(=O)N[C@@H](CO)C(N)=O,[],[],equivalent_by_inchikey
539,corticotropin,CHEMBL1201610,CORTICOTROPIN,properties.name;properties.synonyms;properties.trade_names,"","",[],[],insufficient_structure
539,corticotropin,DRUGBANK:DB01285,Corticotropin,properties.name;properties.synonyms,"","",[],"[""DB09547""]",insufficient_structure
541,insulin.aspart,CHEMBL1201496,INSULIN ASPART,properties.name;properties.synonyms,"","","[""insulin%20aspart"",""insulin%20aspart%20recombinant""]",[],insufficient_structure
541,insulin.aspart,DRUGBANK:DB01306,Insulin aspart,properties.name;properties.synonyms,"","",[],[],insufficient_structure
542,insulin.detemir,CHEMBL2104391,INSULIN DETEMIR,properties.name;properties.synonyms,UGOZVNFCFYTPAZ-IOXYNQHNSA-N,CCCCCCCCCCCCCC(=O)NCCCC[C@H](NC(=O)[C@@H]1CCCN1C(=O)[C@@H](NC(=O)[C@H](Cc1ccc(O)cc1)NC(=O)[C@H](Cc1ccccc1)NC(=O)[C@H](Cc1ccccc1)NC(=O)CNC(=O)[C@H](CCCNC(=N)N)NC(=O)[C@H](CCC(=O)O)NC(=O)CNC(=O)[C@@H]1CSSC[C@@H](C(=O)N[C@@H](CC(N)=O)C(=O)O)NC(=O)[C@H](Cc2ccc(O)cc2)NC(=O)[C@H](CC(N)=O)NC(=O)[C@H](CCC(=O)O)NC(=O)[C@H](CC(C)C)NC(=O)[C@H](CCC(N)=O)NC(=O)[C@H](Cc2ccc(O)cc2)NC(=O)[C@H](CC(C)C)NC(=O)[C@H](CO)NC(=O)[C@@H]2CSSC[C@H](NC(=O)[C@H](CCC(N)=O)NC(=O)[C@H](CCC(=O)O)NC(=O)[C@@H](NC(=O)[C@@H](NC(=O)CN)[C@@H](C)CC)C(C)C)C(=O)N[C@@H](CSSC[C@H](NC(=O)[C@H](CC(C)C)NC(=O)[C@H](Cc3c[nH]cn3)NC(=O)[C@H](CCC(N)=O)NC(=O)[C@H](CC(N)=O)NC(=O)[C@@H](NC(=O)[C@@H](N)Cc3ccccc3)C(C)C)C(=O)NCC(=O)N[C@@H](CO)C(=O)N[C@@H](Cc3c[nH]cn3)C(=O)N[C@@H](CC(C)C)C(=O)N[C@@H](C(C)C)C(=O)N[C@@H](CCC(=O)O)C(=O)N[C@@H](C)C(=O)N[C@@H](CC(C)C)C(=O)N[C@@H](Cc3ccc(O)cc3)C(=O)N[C@@H](CC(C)C)C(=O)N[C@@H](C(C)C)C(=O)N1)C(=O)N[C@@H]([C@@H](C)O)C(=O)N[C@@H](CO)C(=O)N[C@@H]([C@@H](C)CC)C(=O)N2)[C@@H](C)O)C(=O)O,"[""insulin%20detemir%20recombinant"",""human/EPAR/levemir""]",[],insufficient_structure
542,insulin.detemir,DRUGBANK:DB01307,Insulin detemir,properties.name;properties.synonyms,"","",[],[],insufficient_structure
548,rasagiline,CHEMBL887,RASAGILINE,properties.name;properties.synonyms,RUOKEQAAGRXIBM-GFCCVEGCSA-N,C#CCN[C@@H]1CCc2ccccc21,"[""63620"",""DB01367""]",[],insufficient_structure
548,rasagiline,RXNORM:134748,rasagiline,properties.name,"","",[],[],insufficient_structure
556,colestyramine,CHEMBL1201625,CHOLESTYRAMINE,properties.synonyms,"","","[""cholestyramine""]",[],insufficient_structure
556,colestyramine,DRUGBANK:DB01432,Cholestyramine,properties.synonyms,"","",[],[],insufficient_structure
562,everolimus,CHEMBL1908360,EVEROLIMUS,properties.name;properties.synonyms,HKVAMNSJSFKALM-GKUWKFKPSA-N,CO[C@H]1C[C@@H]2CC[C@@H](C)[C@@](O)(O2)C(=O)C(=O)N2CCCC[C@H]2C(=O)O[C@H]([C@H](C)C[C@@H]2CC[C@@H](OCCO)[C@H](OC)C2)CC(=O)[C@H](C)/C=C(\C)[C@@H](O)[C@@H](OC)C(=O)[C@H](C)C[C@H](C)/C=C/C=C/C=C/1C,"[""DB01590"",""everolimus"",""68478"",""human/EPAR/votubia""]",[],insufficient_structure
562,everolimus,RXNORM:141704,everolimus,properties.name,"","",[],[],insufficient_structure
569,fotemustine,CHEMBL549386,FOTEMUSTINE,properties.name;properties.synonyms,YAKWPXVTIGTRJH-UHFFFAOYSA-N,CCOP(=O)(OCC)C(C)NC(=O)N(CCCl)N=O,[],[],equivalent_by_inchikey
569,fotemustine,DRUGBANK:DB04106,Fotemustine,properties.name;properties.synonyms,YAKWPXVTIGTRJH-UHFFFAOYSA-N,"",[],"[""EXPT03300""]",equivalent_by_inchikey
570,thiotepa,CHEMBL671,THIOTEPA,properties.name;properties.synonyms;properties.trade_names,FOCVUCIESVLUNU-UHFFFAOYSA-N,S=P(N1CC1)(N1CC1)N1CC1,"[""DB04572"",""thiotepa"",""9570"",""human/EPAR/tepadina""]",[],insufficient_structure
570,thiotepa,RXNORM:10473,thiotepa,properties.name,"","",[],[],insufficient_structure
575,febuxostat,CHEMBL1164729,FEBUXOSTAT,properties.name;properties.synonyms,BQSJTQLCZDPROO-UHFFFAOYSA-N,Cc1nc(-c2ccc(OCC(C)C)c(C#N)c2)sc1C(=O)O,"[""DB04854"",""human/EPAR/febuxostat-mylan"",""febuxostat""]",[],insufficient_structure
575,febuxostat,RXNORM:73689,febuxostat,properties.name,"","",[],[],insufficient_structure
582,nesiritide,CHEMBL1201668,NESIRITIDE,properties.name;properties.synonyms,"","",[],[],insufficient_structure
582,nesiritide,DRUGBANK:DB04899,Nesiritide,properties.name;properties.synonyms,HPNRHPKXQZSDFX-OAQDCNSJSA-N,CC[C@H](C)[C@@H]1NC(=O)[C@H](CCCNC(N)=N)NC(=O)[C@H](CC(O)=O)NC(=O)[C@H](CCSC)NC(=O)[C@H](CCCCN)NC(=O)[C@H](CCCNC(N)=N)NC(=O)CNC(=O)[C@H](CC2=CC=CC=C2)NC(=O)[C@H](CSSC[C@H](NC(=O)CNC(=O)[C@H](CC(C)C)NC(=O)CNC(=O)[C@H](CO)NC(=O)[C@H](CO)NC(=O)[C@H](CO)NC(=O)[C@H](CO)NC1=O)C(=O)N[C@@H](CCCCN)C(=O)N[C@@H](C(C)C)C(=O)N[C@@H](CC(C)C)C(=O)N[C@@H](CCCNC(N)=N)C(=O)N[C@@H](CCCNC(N)=N)C(=O)N[C@@H](CC1=CNC=N1)C(O)=O)NC(=O)CNC(=O)[C@H](CO)NC(=O)CNC(=O)[C@H](CCC(N)=O)NC(=O)[C@@H](NC(=O)[C@H](CCSC)NC(=O)[C@H](CCCCN)NC(=O)[C@@H]1CCCN1C(=O)[C@@H](N)CO)C(C)C,[],[],insufficient_structure
588,ingenol.mebutate,CHEMBL1863513,INGENOL MEBUTATE,properties.name;properties.synonyms,VDJHFHXMUKFKET-WDUFCVPESA-N,C/C=C(/C)C(=O)O[C@H]1C(C)=C[C@]23C(=O)[C@@H](C=C(CO)[C@@H](O)[C@]12O)[C@H]1[C@@H](C[C@H]3C)C1(C)C,"[""human/EPAR/picato""]",[],mixed_identity
588,ingenol.mebutate,DRUGBANK:DB05013,Ingenol mebutate,properties.name;properties.synonyms,VDJHFHXMUKFKET-UXMMOKKRSA-N,C\C=C(\C)C(=O)O[C@H]1C(C)=C[C@@]23[C@H](C)C[C@@H]4[C@H]([C@H](C=C(CO)[C@@H](O)[C@]12O)C3=O)C4(C)C,[],[],mixed_identity
596,ecallantide,CHEMBL1201837,ECALLANTIDE,properties.name;properties.synonyms,"","","[""ecallantide""]",[],insufficient_structure
596,ecallantide,DRUGBANK:DB05311,Ecallantide,properties.name;properties.synonyms,"","",[],[],insufficient_structure
597,romiplostim,CHEMBL1201832,ROMIPLOSTIM,properties.name;properties.synonyms,"","","[""human/EPAR/nplate"",""romiplostim""]",[],insufficient_structure
597,romiplostim,DRUGBANK:DB05332,Romiplostim,properties.name;properties.synonyms,"","",[],[],insufficient_structure
600,mipomersen,CHEMBL2219536,MIPOMERSEN,properties.name;properties.synonyms,TZRFSLHOCZEXCC-HIVFKXHNSA-N,COCCO[C@@H]1[C@H](SP(=O)(O)OC[C@H]2O[C@@H](n3cc(C)c(=O)[nH]c3=O)[C@H](OCCOC)[C@@H]2SP(=O)(O)OC[C@H]2O[C@@H](n3cc(C)c(N)nc3=O)[C@H](OCCOC)[C@@H]2SP(=O)(O)OC[C@H]2O[C@@H](n3cnc4c(N)ncnc43)C[C@@H]2SP(=O)(O)OC[C@H]2O[C@@H](n3cnc4c(=O)[nH]c(N)nc43)C[C@@H]2SP(=O)(O)OC[C@H]2O[C@@H](n3cc(C)c(=O)[nH]c3=O)C[C@@H]2SP(=O)(O)OC[C@H]2O[C@@H](n3cc(C)c(N)nc3=O)C[C@@H]2SP(=O)(O)OC[C@H]2O[C@@H](n3cc(C)c(=O)[nH]c3=O)C[C@@H]2SP(=O)(O)OC[C@H]2O[C@@H](n3cnc4c(=O)[nH]c(N)nc43)C[C@@H]2SP(=O)(O)OC[C@H]2O[C@@H](n3cc(C)c(N)nc3=O)C[C@@H]2SP(=O)(O)OC[C@H]2O[C@@H](n3cc(C)c(=O)[nH]c3=O)C[C@@H]2SP(=O)(O)OC[C@H]2O[C@@H](n3cc(C)c(=O)[nH]c3=O)C[C@@H]2SP(=O)(O)OC[C@H]2O[C@@H](n3cc(C)c(N)nc3=O)C[C@@H]2SP(=O)(O)OC[C@H]2O[C@@H](n3cnc4c(=O)[nH]c(N)nc43)[C@H](OCCOC)[C@@H]2SP(=O)(O)OC[C@@H]2O[C@H](n3cc(C)c(N)nc3=O)[C@@H](OCCOC)[C@H]2SP(=O)(O)OC[C@@H]2O[C@H](n3cnc4c(N)ncnc43)[C@@H](OCCOC)[C@H]2SP(=O)(O)OC[C@@H]2O[C@H](n3cc(C)c(N)nc3=O)[C@@H](OCCOC)[C@H]2SP(=O)(O)OC[C@@H]2O[C@H](n3cc(C)c(N)nc3=O)[C@@H](OCCOC)[C@H]2O)[C@@H](COP(=O)(O)S[C@H]2[C@@H](OCCOC)[C@H](n3cc(C)c(N)nc3=O)O[C@@H]2COP(=O)(O)S[C@H]2[C@@H](OCCOC)[C@H](n3cnc4c(=O)[nH]c(N)nc43)O[C@@H]2CO)O[C@H]1n1cc(C)c(N)nc1=O,[],[],insufficient_structure
600,mipomersen,DRUGBANK:DB05528,Mipomersen,properties.name;properties.synonyms,"","",[],[],insufficient_structure
602,ustekinumab,CHEMBL1201835,USTEKINUMAB,properties.name;properties.synonyms,"","","[""ustekinumab"",""human/EPAR/stelara""]",[],insufficient_structure
602,ustekinumab,DRUGBANK:DB05679,Ustekinumab,properties.name;properties.synonyms,"","",[],[],insufficient_structure
603,abiraterone,CHEMBL254328,ABIRATERONE,properties.name;properties.synonyms,GZOSMCIZMLWJML-VJLLXTKPSA-N,C[C@]12CC[C@H](O)CC1=CC[C@@H]1[C@@H]2CC[C@]2(C)C(c3cccnc3)=CC[C@@H]12,"[""68642"",""DB05812""]",[],insufficient_structure
603,abiraterone,RXNORM:1100072,abiraterone,properties.name,"","",[],[],insufficient_structure
611,prasugrel,CHEMBL1201772,PRASUGREL,properties.name;properties.synonyms,DTGLZDAWLRGWQN-UHFFFAOYSA-N,CC(=O)Oc1cc2c(s1)CCN(C(C(=O)C1CC1)c1ccccc1F)C2,"[""87723"",""DB06209""]",[],insufficient_structure
611,prasugrel,RXNORM:613391,prasugrel,properties.name,"","",[],[],insufficient_structure
614,tolvaptan,CHEMBL344159,TOLVAPTAN,properties.name;properties.synonyms,GYHCTFXIZSNGJT-UHFFFAOYSA-N,Cc1ccccc1C(=O)Nc1ccc(C(=O)N2CCCC(O)c3cc(Cl)ccc32)c(C)c1,"[""human/EPAR/jinarc"",""tolvaptan""]",[],mixed_identity
614,tolvaptan,DRUGBANK:DB06212,Tolvaptan,properties.name,GYHCTFXIZSNGJT-XMMPIXPASA-N,CC1=C(C=CC=C1)C(=O)NC1=CC(C)=C(C=C1)C(=O)N1CCCC(O)C2=CC(Cl)=CC=C12,[],[],mixed_identity
618,lacosamide,CHEMBL58323,LACOSAMIDE,properties.name;properties.synonyms;properties.trade_names,VPPJLAIAVCUEMN-GFCCVEGCSA-N,COC[C@@H](NC(C)=O)C(=O)NCc1ccccc1,"[""human/EPAR/vimpat"",""DB06218"",""lacosamide""]",[],insufficient_structure
618,lacosamide,RXNORM:623400,lacosamide,properties.name,"","",[],[],insufficient_structure
619,dalbavancin,CHEMBL3301669,DALBAVANCIN,properties.name;properties.synonyms,KGPGQDLTDHGEGT-SZUNQUCBSA-N,CN[C@H]1C(=O)N[C@@H]2Cc3ccc(cc3)Oc3cc4cc(c3O[C@@H]3O[C@H](C(=O)O)[C@@H](O)[C@H](O)[C@H]3NC(=O)CCCCCCCCC(C)C)Oc3ccc(cc3Cl)[C@@H](O)[C@@H]3NC(=O)[C@H](NC(=O)[C@@H]4NC(=O)[C@@H](NC2=O)c2cc(cc(O)c2Cl)Oc2cc1ccc2O)c1ccc(O)c(c1)-c1c(O[C@H]2O[C@H](CO)[C@@H](O)[C@H](O)[C@@H]2O)cc(O)cc1[C@@H](C(=O)NCCCN(C)C)NC3=O,"[""82721""]",[],equivalent_by_inchikey
619,dalbavancin,DRUGBANK:DB06219,Dalbavancin,properties.name;properties.synonyms,KGPGQDLTDHGEGT-SZUNQUCBSA-N,CN[C@@H]1C2=CC(OC3=CC([C@@H]4NC(=O)[C@@H](CC5=CC=C(OC6=C(O[C@@H]7O[C@@H]([C@@H](O)[C@H](O)[C@H]7NC(=O)CCCCCCCCC(C)C)C(O)=O)C7=CC(=C6)[C@@H](NC4=O)C(=O)N[C@@H]4C6=CC(=C(O)C=C6)C6=C(O[C@H]8O[C@H](CO)[C@@H](O)[C@H](O)[C@@H]8O)C=C(O)C=C6[C@H](NC(=O)[C@@H](NC4=O)[C@H](O)C4=CC(Cl)=C(O7)C=C4)C(=O)NCCCN(C)C)C=C5)NC1=O)=C(Cl)C(O)=C3)=C(O)C=C2,[],[],equivalent_by_inchikey
626,ziconotide,CHEMBL4594214,ZICONOTIDE,properties.name;properties.synonyms,BPKIMPVREBSLAJ-QTBYCLKRSA-N,CSCC[C@@H]1NC(=O)[C@H](CC(C)C)NC(=O)[C@H](CCCNC(=N)N)NC(=O)[C@H](CO)NC(=O)[C@@H]2CSSC[C@@H]3NC(=O)[C@H](CO)NC(=O)CNC(=O)[C@H]([C@@H](C)O)NC(=O)[C@H](CSSC[C@H](N)C(=O)N[C@@H](CCCCN)C(=O)NCC(=O)N[C@@H](CCCCN)C(=O)NCC(=O)N[C@@H](C)C(=O)N[C@@H](CCCCN)C(=O)N2)NC(=O)[C@H](CSSC[C@@H](C(N)=O)NC(=O)[C@H](CCCCN)NC(=O)CNC(=O)[C@H](CO)NC(=O)[C@H](CCCNC(=N)N)NC3=O)NC(=O)[C@H](CC(=O)O)NC(=O)[C@H](Cc2ccc(O)cc2)NC1=O,[],[],equivalent_by_inchikey
626,ziconotide,DRUGBANK:DB06283,Ziconotide,properties.name;properties.synonyms,BPKIMPVREBSLAJ-QTBYCLKRSA-N,CSCC[C@@H]1NC(=O)[C@H](CC(C)C)NC(=O)[C@H](CCCNC(N)=N)NC(=O)[C@H](CO)NC(=O)[C@@H]2CSSC[C@@H]3NC(=O)[C@H](CO)NC(=O)CNC(=O)[C@@H](NC(=O)[C@H](CSSC[C@H](N)C(=O)N[C@@H](CCCCN)C(=O)NCC(=O)N[C@@H](CCCCN)C(=O)NCC(=O)N[C@@H](C)C(=O)N[C@@H](CCCCN)C(=O)N2)NC(=O)[C@H](CSSC[C@H](NC(=O)[C@H](CCCCN)NC(=O)CNC(=O)[C@H](CO)NC(=O)[C@H](CCCNC(N)=N)NC3=O)C(N)=O)NC(=O)[C@H](CC(O)=O)NC(=O)[C@H](CC2=CC=C(O)C=C2)NC1=O)[C@@H](C)O,[],[],equivalent_by_inchikey
627,teriparatide,CHEMBL525610,TERIPARATIDE,properties.name;properties.synonyms,OGBMKVWORPGQRR-UMXFMPSGSA-N,CC[C@H](C)[C@H](NC(=O)[C@H](CCC(=O)O)NC(=O)[C@H](CO)NC(=O)[C@@H](NC(=O)[C@@H](N)CO)C(C)C)C(=O)N[C@@H](CCC(N)=O)C(=O)N[C@@H](CC(C)C)C(=O)N[C@@H](CCSC)C(=O)N[C@@H](Cc1cnc[nH]1)C(=O)N[C@@H](CC(N)=O)C(=O)N[C@@H](CC(C)C)C(=O)NCC(=O)N[C@@H](CCCCN)C(=O)N[C@@H](Cc1cnc[nH]1)C(=O)N[C@@H](CC(C)C)C(=O)N[C@@H](CC(N)=O)C(=O)N[C@@H](CO)C(=O)N[C@@H](CCSC)C(=O)N[C@@H](CCC(=O)O)C(=O)N[C@@H](CCCNC(=N)N)C(=O)N[C@H](C(=O)N[C@@H](CCC(=O)O)C(=O)N[C@@H](Cc1c[nH]c2ccccc12)C(=O)N[C@@H](CC(C)C)C(=O)N[C@@H](CCCNC(=N)N)C(=O)N[C@@H](CCCCN)C(=O)N[C@@H](CCCCN)C(=O)N[C@@H](CC(C)C)C(=O)N[C@@H](CCC(N)=O)C(=O)N[C@@H](CC(=O)O)C(=O)N[C@H](C(=O)N[C@@H](Cc1cnc[nH]1)C(=O)N[C@@H](CC(N)=O)C(=O)N[C@@H](Cc1ccccc1)C(=O)O)C(C)C)C(C)C,"[""teriparatide"",""human/EPAR/teriparatide-sun""]",[],equivalent_by_inchikey
627,teriparatide,DRUGBANK:DB06285,Teriparatide,properties.name;properties.synonyms,OGBMKVWORPGQRR-UMXFMPSGSA-N,CC[C@H](C)[C@H](NC(=O)[C@H](CCC(O)=O)NC(=O)[C@H](CO)NC(=O)[C@@H](NC(=O)[C@@H](N)CO)C(C)C)C(=O)N[C@@H](CCC(N)=O)C(=O)N[C@@H](CC(C)C)C(=O)N[C@@H](CCSC)C(=O)N[C@@H](CC1=CNC=N1)C(=O)N[C@@H](CC(N)=O)C(=O)N[C@@H](CC(C)C)C(=O)NCC(=O)N[C@@H](CCCCN)C(=O)N[C@@H](CC1=CNC=N1)C(=O)N[C@@H](CC(C)C)C(=O)N[C@@H](CC(N)=O)C(=O)N[C@@H](CO)C(=O)N[C@@H](CCSC)C(=O)N[C@@H](CCC(O)=O)C(=O)N[C@@H](CCCNC(N)=N)C(=O)N[C@@H](C(C)C)C(=O)N[C@@H](CCC(O)=O)C(=O)N[C@@H](CC1=CNC2=C1C=CC=C2)C(=O)N[C@@H](CC(C)C)C(=O)N[C@@H](CCCNC(N)=N)C(=O)N[C@@H](CCCCN)C(=O)N[C@@H](CCCCN)C(=O)N[C@@H](CC(C)C)C(=O)N[C@@H](CCC(N)=O)C(=O)N[C@@H](CC(O)=O)C(=O)N[C@@H](C(C)C)C(=O)N[C@@H](CC1=CNC=N1)C(=O)N[C@@H](CC(N)=O)C(=O)N[C@@H](CC1=CC=CC=C1)C(O)=O,[],"[""DB05581""]",equivalent_by_inchikey
633,ambrisentan,CHEMBL1111,AMBRISENTAN,properties.name;properties.synonyms,OUJTZYPIHDYQMC-LJQANCHMSA-N,COC(c1ccccc1)(c1ccccc1)[C@H](Oc1nc(C)cc(C)n1)C(=O)O,"[""ambrisentan"",""DB06403"",""human/EPAR/ambrisentan-mylan""]",[],insufficient_structure
633,ambrisentan,RXNORM:358274,ambrisentan,properties.name,"","",[],[],insufficient_structure
645,ofatumumab,CHEMBL1201836,OFATUMUMAB,properties.name;properties.synonyms,"","","[""human/EPAR/kesimpta"",""ofatumumab""]",[],insufficient_structure
645,ofatumumab,DRUGBANK:DB06650,Ofatumumab,properties.name;properties.synonyms,"","",[],[],insufficient_structure
646,liraglutide,CHEMBL4084119,LIRAGLUTIDE,properties.name;properties.synonyms,YSDQQAXHVYUZIW-QCIJIYAXSA-N,CCCCCCCCCCCCCCCC(=O)N[C@@H](CCC(=O)NCCCC[C@H](NC(=O)[C@H](C)NC(=O)[C@H](C)NC(=O)[C@H](CCC(N)=O)NC(=O)CNC(=O)[C@H](CCC(=O)O)NC(=O)[C@H](CC(C)C)NC(=O)[C@H](Cc1ccc(O)cc1)NC(=O)[C@H](CO)NC(=O)[C@H](CO)NC(=O)[C@@H](NC(=O)[C@H](CC(=O)O)NC(=O)[C@H](CO)NC(=O)[C@@H](NC(=O)[C@H](Cc1ccccc1)NC(=O)[C@@H](NC(=O)CNC(=O)[C@H](CCC(=O)O)NC(=O)[C@H](C)NC(=O)[C@@H](N)Cc1cnc[nH]1)[C@@H](C)O)[C@@H](C)O)C(C)C)C(=O)N[C@@H](CCC(=O)O)C(=O)N[C@@H](Cc1ccccc1)C(=O)N[C@H](C(=O)N[C@@H](C)C(=O)N[C@@H](Cc1c[nH]c2ccccc12)C(=O)N[C@@H](CC(C)C)C(=O)N[C@H](C(=O)N[C@@H](CCCNC(=N)N)C(=O)NCC(=O)N[C@@H](CCCNC(=N)N)C(=O)NCC(=O)O)C(C)C)[C@@H](C)CC)C(=O)O,"[""liraglutide"",""liraglutide%20recombinant"",""human/EPAR/saxenda""]",[],equivalent_by_inchikey
646,liraglutide,DRUGBANK:DB06655,Liraglutide,properties.name;properties.synonyms,YSDQQAXHVYUZIW-QCIJIYAXSA-N,CCCCCCCCCCCCCCCC(=O)N[C@@H](CCC(=O)NCCCC[C@H](NC(=O)[C@H](C)NC(=O)[C@H](C)NC(=O)[C@H](CCC(N)=O)NC(=O)CNC(=O)[C@H](CCC(O)=O)NC(=O)[C@H](CC(C)C)NC(=O)[C@H](CC1=CC=C(O)C=C1)NC(=O)[C@H](CO)NC(=O)[C@H](CO)NC(=O)[C@@H](NC(=O)[C@H](CC(O)=O)NC(=O)[C@H](CO)NC(=O)[C@@H](NC(=O)[C@H](CC1=CC=CC=C1)NC(=O)[C@@H](NC(=O)CNC(=O)[C@H](CCC(O)=O)NC(=O)[C@H](C)NC(=O)[C@@H](N)CC1=CNC=N1)[C@@H](C)O)[C@@H](C)O)C(C)C)C(=O)N[C@@H](CCC(O)=O)C(=O)N[C@@H](CC1=CC=CC=C1)C(=O)N[C@@H]([C@@H](C)CC)C(=O)N[C@@H](C)C(=O)N[C@@H](CC1=CNC2=C1C=CC=C2)C(=O)N[C@@H](CC(C)C)C(=O)N[C@@H](C(C)C)C(=O)N[C@@H](CCCNC(N)=N)C(=O)NCC(=O)N[C@@H](CCCNC(N)=N)C(=O)NCC(O)=O)C(O)=O,[],[],equivalent_by_inchikey
657,buserelin,CHEMBL2110824,BUSERELIN,properties.name;properties.synonyms,CUWODFFVMXJOKD-UVLQAERKSA-N,CCNC(=O)[C@@H]1CCCN1C(=O)[C@H](CCCNC(=N)N)NC(=O)[C@H](CC(C)C)NC(=O)[C@@H](COC(C)(C)C)NC(=O)[C@H](Cc1ccc(O)cc1)NC(=O)[C@H](CO)NC(=O)[C@H](Cc1c[nH]c2ccccc12)NC(=O)[C@H](Cc1cnc[nH]1)NC(=O)[C@@H]1CCC(=O)N1,[],[],insufficient_structure
657,buserelin,DRUGBANK:DB06719,Buserelin,properties.name;properties.synonyms,"","",[],[],insufficient_structure
664,histrelin,CHEMBL1201255,HISTRELIN,properties.name;properties.synonyms,HHXHVIJIIXKSOE-QILQGKCVSA-N,CCNC(=O)[C@@H]1CCCN1C(=O)[C@H](CCCNC(=N)N)NC(=O)[C@H](CC(C)C)NC(=O)[C@@H](Cc1cn(Cc2ccccc2)cn1)NC(=O)[C@H](Cc1ccc(O)cc1)NC(=O)[C@H](CO)NC(=O)[C@H](Cc1c[nH]c2ccccc12)NC(=O)[C@H](Cc1cnc[nH]1)NC(=O)[C@@H]1CCC(=O)N1,"[""5739""]",[],mixed_identity
664,histrelin,DRUGBANK:DB06788,Histrelin,properties.name;properties.synonyms,BKEMVGVBBDMHKL-VYFXDUNUSA-N,CCNC(=O)[C@@H]1CCCN1C(=O)[C@H](CCCNC(N)=N)NC(=O)[C@H](CC(C)C)NC(=O)[C@@H](CC1=CN(CC2=CC=CC=C2)C=N1)NC(=O)[C@H](CC1=CC=C(O)C=C1)NC(=O)[C@H](CO)NC(=O)[C@H](CC1=CNC2=C1C=CC=C2)NC(=O)[C@H](CC1=CNC=N1)NC(=O)[C@@H]1CCC(=O)N1,[],[],mixed_identity
665,lanreotide,CHEMBL1201185,LANREOTIDE,properties.name;properties.synonyms,PUDHBTGHUJUUFI-SCTWWAJVSA-N,CC(C)[C@@H]1NC(=O)[C@H](CCCCN)NC(=O)[C@@H](Cc2c[nH]c3ccccc23)NC(=O)[C@H](Cc2ccc(O)cc2)NC(=O)[C@@H](NC(=O)[C@H](N)Cc2ccc3ccccc3c2)CSSC[C@@H](C(=O)N[C@H](C(N)=O)[C@@H](C)O)NC1=O,[],[],mixed_identity
665,lanreotide,DRUGBANK:DB06791,Lanreotide,properties.name;properties.synonyms,PUDHBTGHUJUUFI-UHFFFAOYSA-N,CC(C)[C@@H]1NC(=O)[C@H](CCCCN)NC(=O)[C@@H](CC2=CNC3=C2C=CC=C3)NC(=O)[C@H](CC2=CC=C(O)C=C2)NC(=O)[C@H](CSSC[C@H](NC1=O)C(=O)N[C@@H]([C@@H](C)O)C(N)=O)NC(=O)[C@@H](N)CC1=CC=C2C=CC=CC2=C1,[],[],mixed_identity
666,lanthanum.carbonate,CHEMBL2096647,LANTHANUM CARBONATE,properties.name;properties.synonyms,"","","[""lanthanum%20carbonate""]",[],insufficient_structure
666,lanthanum.carbonate,DRUGBANK:DB06792,Lanthanum carbonate,properties.name,NZPIUJUFIFZSPW-UHFFFAOYSA-H,"",[],[],insufficient_structure
673,lurasidone,CHEMBL1237021,LURASIDONE,properties.name;properties.synonyms,PQXKDMSYBGKCJA-CVTJIBDQSA-N,O=C1[C@@H]2[C@H]3CC[C@H](C3)[C@@H]2C(=O)N1C[C@@H]1CCCC[C@H]1CN1CCN(c2nsc3ccccc23)CC1,"[""70735"",""DB08815""]",[],insufficient_structure
673,lurasidone,RXNORM:1040028,lurasidone,properties.name,"","",[],[],insufficient_structure
683,tesamorelin,CHEMBL1237026,TESAMORELIN,properties.name;properties.synonyms,"","",[],[],insufficient_structure
683,tesamorelin,DRUGBANK:DB08869,Tesamorelin,properties.name;properties.synonyms,"","",[],[],insufficient_structure
699,teduglutide,CHEMBL2104987,TEDUGLUTIDE,properties.name;properties.synonyms,CILIXQOJUNDIDU-ASQIGDHWSA-N,CC[C@H](C)[C@H](NC(=O)[C@H](Cc1ccccc1)NC(=O)[C@H](CC(=O)O)NC(=O)[C@H](CCCNC(=N)N)NC(=O)[C@H](C)NC(=O)[C@H](C)NC(=O)[C@H](CC(C)C)NC(=O)[C@H](CC(N)=O)NC(=O)[C@H](CC(=O)O)NC(=O)[C@H](CC(C)C)NC(=O)[C@@H](NC(=O)[C@@H](NC(=O)[C@H](CC(N)=O)NC(=O)[C@H](CCSC)NC(=O)[C@H](CCC(=O)O)NC(=O)[C@H](CC(=O)O)NC(=O)[C@H](CO)NC(=O)[C@H](Cc1ccccc1)NC(=O)[C@H](CO)NC(=O)CNC(=O)[C@H](CC(=O)O)NC(=O)CNC(=O)[C@@H](N)Cc1c[nH]cn1)[C@@H](C)O)[C@@H](C)CC)C(=O)N[C@@H](CC(N)=O)C(=O)N[C@@H](Cc1c[nH]c2ccccc12)C(=O)N[C@@H](CC(C)C)C(=O)N[C@H](C(=O)N[C@@H](CCC(N)=O)C(=O)N[C@H](C(=O)N[C@@H](CCCCN)C(=O)N[C@H](C(=O)N[C@H](C(=O)N[C@@H](CC(=O)O)C(=O)O)[C@@H](C)O)[C@@H](C)CC)[C@@H](C)O)[C@@H](C)CC,"[""72305"",""human/EPAR/revestive""]",[],equivalent_by_inchikey
699,teduglutide,DRUGBANK:DB08900,Teduglutide,properties.name;properties.synonyms,CILIXQOJUNDIDU-ASQIGDHWSA-N,CC[C@H](C)[C@H](NC(=O)[C@H](CC(C)C)NC(=O)[C@H](CC1=CNC2=C1C=CC=C2)NC(=O)[C@H](CC(N)=O)NC(=O)[C@@H](NC(=O)[C@H](CC1=CC=CC=C1)NC(=O)[C@H](CC(O)=O)NC(=O)[C@H](CCCNC(N)=N)NC(=O)[C@H](C)NC(=O)[C@H](C)NC(=O)[C@H](CC(C)C)NC(=O)[C@H](CC(N)=O)NC(=O)[C@H](CC(O)=O)NC(=O)[C@H](CC(C)C)NC(=O)[C@@H](NC(=O)[C@@H](NC(=O)[C@H](CC(N)=O)NC(=O)[C@H](CCSC)NC(=O)[C@H](CCC(O)=O)NC(=O)[C@H](CC(O)=O)NC(=O)[C@H](CO)NC(=O)[C@H](CC1=CC=CC=C1)NC(=O)[C@H](CO)NC(=O)CNC(=O)[C@H](CC(O)=O)NC(=O)CNC(=O)[C@@H](N)CC1=CNC=N1)[C@@H](C)O)[C@@H](C)CC)[C@@H](C)CC)C(=O)N[C@@H](CCC(N)=O)C(=O)N[C@@H]([C@@H](C)O)C(=O)N[C@@H](CCCCN)C(=O)N[C@@H]([C@@H](C)CC)C(=O)N[C@@H]([C@@H](C)O)C(=O)N[C@@H](CC(O)=O)C(O)=O,[],[],equivalent_by_inchikey
731,saccharated.iron.oxide,CHEMBL1200823,IRON SUCROSE,properties.synonyms,"","",[],[],insufficient_structure
731,saccharated.iron.oxide,DRUGBANK:DB09146,Iron sucrose,properties.synonyms,FWZTTZUKDVJDCM-CEJAUHOTSA-M,"",[],"[""DB06790""]",insufficient_structure
742,desirudin,CHEMBL1201662,DESIRUDIN,properties.name;properties.synonyms,"","","[""human/EPAR/revasc""]",[],insufficient_structure
742,desirudin,DRUGBANK:DB11095,Desirudin,properties.name;properties.synonyms,"","",[],[],insufficient_structure
744,colestilan,CHEMBL2103800,COLESTILAN CHLORIDE,properties.synonyms,"","","[""human/EPAR/bindren""]",[],insufficient_structure
744,colestilan,DRUGBANK:DB11634,Colestilan chloride,properties.synonyms,"","",[],[],insufficient_structure
748,atracurium,CHEMBL1360,ATRACURIUM,properties.name;properties.synonyms,YXSLJKQTIDHPOT-UHFFFAOYSA-N,COc1ccc(CC2c3cc(OC)c(OC)cc3CC[N+]2(C)CCC(=O)OCCCCCOC(=O)CC[N+]2(C)CCc3cc(OC)c(OC)cc3C2Cc2ccc(OC)c(OC)c2)cc1OC,"[""2914""]",[],equivalent_by_inchikey
748,atracurium,DRUGBANK:DB13295,Atracurium,properties.name,YXSLJKQTIDHPOT-UHFFFAOYSA-N,COC1=C(OC)C=C(CC2C3=CC(OC)=C(OC)C=C3CC[N+]2(C)CCC(=O)OCCCCCOC(=O)CC[N+]2(C)CCC3=CC(OC)=C(OC)C=C3C2CC2=CC(OC)=C(OC)C=C2)C=C1,[],[],equivalent_by_inchikey
749,mifamurtide,CHEMBL2107354,MIFAMURTIDE,properties.name;properties.synonyms,SARBMGXGWXCXFW-GJHVZSAVSA-M,CCCCCCCCCCCCCCCC(=O)OC[C@H](COP(=O)([O-])OCCNC(=O)[C@H](C)NC(=O)CC[C@@H](NC(=O)[C@H](C)NC(=O)[C@@H](C)O[C@H]1[C@H](O)[C@@H](CO)OC(O)[C@@H]1NC(C)=O)C(N)=O)OC(=O)CCCCCCCCCCCCCCC.O.[Na+],"[""human/EPAR/mepact""]",[],mixed_identity
749,mifamurtide,DRUGBANK:DB13615,Mifamurtide,properties.name;properties.synonyms,NGIYLSFJGRLEMI-MHTUOZSYSA-M,"",[],[],mixed_identity
750,fluticasone,CHEMBL1201396,FLUTICASONE,properties.name;properties.synonyms,MGNNYOODZCAHBA-GQKYHHCASA-N,C[C@@H]1C[C@H]2[C@@H]3C[C@H](F)C4=CC(=O)C=C[C@]4(C)[C@@]3(F)[C@@H](O)C[C@]2(C)[C@@]1(O)C(=O)SCF,"[""5134"",""DB13867""]",[],insufficient_structure
750,fluticasone,CHEMBL1473,FLUTICASONE PROPIONATE,properties.synonyms,WMWTYOKRWGGJOA-CENSZEJFSA-N,CCC(=O)O[C@]1(C(=O)SCF)[C@H](C)C[C@H]2[C@@H]3C[C@H](F)C4=CC(=O)C=C[C@]4(C)[C@@]3(F)[C@@H](O)C[C@@]21C,"[""DB00588"",""31441"",""fluticasone%20propionate""]",[],insufficient_structure
750,fluticasone,RXNORM:41126,fluticasone,properties.name,"","",[],[],insufficient_structure
756,ceftobiprole.medocaril,CHEMBL1652606,CEFTOBIPROLE MEDOCARIL,properties.name;properties.synonyms,HFTSMHTWUFCYMJ-FDNJTQOMSA-N,Cc1oc(=O)oc1COC(=O)N1CC[C@@H](N2CC/C(=C\C3=C(C(=O)O)N4C(=O)[C@@H](NC(=O)/C(=N/O)c5nsc(N)n5)[C@H]4SC3)C2=O)C1,[],[],mixed_identity
756,ceftobiprole.medocaril,CHEMBL4297101,CEFTOBIPROLE MEDOCARIL,properties.name;properties.synonyms,MFAWUGGPPMTWPU-INRVRKGJSA-M,Cc1oc(=O)oc1COC(=O)N1CC[C@@H](N2CC/C(=C\C3=C(C(=O)[O-])N4C(=O)[C@@H](NC(=O)/C(=N/O)c5nsc(N)n5)[C@H]4SC3)C2=O)C1.[Na+],[],[],mixed_identity
756,ceftobiprole.medocaril,DRUGBANK:DB14733,Ceftobiprole medocaril,properties.name;properties.synonyms,HFTSMHTWUFCYMJ-YIOMYIDASA-N,"",[],[],mixed_identity
