matrix_index,drug_name,stitch_id,optimuskg_id,optimuskg_name,mapping_method,mapping_confidence,candidate_count,resolution_status
0,lepirudin,CIDm16132441,"","","","",2,ambiguous
1,bivalirudin,CIDm16129704,"","","","",2,ambiguous
2,leuprorelin,CIDm00657180,CHEMBL1201199,LEUPROLIDE,synonym_disambiguation,high,2,resolved
3,goserelin,CIDm00047725,CHEMBL1201247,GOSERELIN,unique_exact,high,1,resolved
4,erythropoietin,CIDm05288169,DRUGBANK:DB00016,Erythropoietin,canonical_name_disambiguation,high,4,resolved
5,insulin,CIDm16129672,CHEMBL1201631,INSULIN HUMAN,unique_exact,high,1,resolved
6,desmopressin,CIDm05311065,CHEMBL1429,DESMOPRESSIN,unique_exact,high,1,resolved
7,insulin.lispro,CIDm16132438,"","","","",2,ambiguous
8,insulin.glargine,CIDm44146714,"","","","",2,ambiguous
9,rasburicase,CIDm00474409,"","","","",2,ambiguous
10,albumin,CIDm00006432,CHEMBL1201451,ALBUMIN HUMAN,unique_exact,high,1,resolved
11,eptifibatide,CIDm00448812,"","","","",2,ambiguous
12,muromonab-CD3,CIDm00083030,CHEMBL1201608,MUROMONAB-CD3,canonical_name_disambiguation,high,2,resolved
13,daptomycin,CIDm16129688,"","","","",3,ambiguous
14,ciclosporin,CIDm05280754,CHEMBL160,CYCLOSPORINE,unique_exact,high,1,resolved
15,urofollitropin,CIDm00062819,CHEMBL1201520,UROFOLLITROPIN,unique_exact,high,1,resolved
16,octreotide,CIDm00054373,CHEMBL1680,OCTREOTIDE,unique_exact,high,1,resolved
17,interferon.alfa-2b,CIDm71306834,"","","","",2,ambiguous
18,abarelix,CIDm16131215,CHEMBL1252,ABARELIX,unique_exact,high,1,resolved
19,oxytocin,CIDm00005771,"","","","",2,ambiguous
20,enfuvirtide,CIDm16130199,"","","","",2,ambiguous
21,glutamine,CIDm00005961,CHEMBL930,GLUTAMINE,unique_exact,high,1,resolved
22,calcitriol,CIDm05280453,CHEMBL846,CALCITRIOL,unique_exact,high,1,resolved
23,pravastatin,CIDm00054687,CHEMBL1144,PRAVASTATIN,unique_exact,high,1,resolved
24,fluvoxamine,CIDm05324345,CHEMBL814,FLUVOXAMINE,unique_exact,high,1,resolved
25,valsartan,CIDm00060846,CHEMBL1069,VALSARTAN,unique_exact,high,1,resolved
26,ramipril,CIDm05362129,CHEMBL1168,RAMIPRIL,unique_exact,high,1,resolved
27,flunisolide,CIDm00082153,CHEMBL1512,FLUNISOLIDE,unique_exact,high,1,resolved
28,baclofen,CIDm00002284,CHEMBL701,BACLOFEN,unique_exact,high,1,resolved
29,nicotine,CIDm00089594,CHEMBL3,NICOTINE,unique_exact,high,1,resolved
30,cevimeline,CIDm00083898,"","","","",3,ambiguous
31,lorazepam,CIDm00003958,CHEMBL580,LORAZEPAM,unique_exact,high,1,resolved
32,esmolol,CIDm00059768,CHEMBL768,ESMOLOL,unique_exact,high,1,resolved
33,bortezomib,CIDm00387447,"","","","",2,ambiguous
34,tramadol,CIDm00033741,CHEMBL1237044,TRAMADOL,canonical_name_disambiguation,high,2,resolved
35,betaxolol,CIDm00002369,CHEMBL423,BETAXOLOL,canonical_name_disambiguation,high,2,resolved
36,fluconazole,CIDm00003365,CHEMBL106,FLUCONAZOLE,unique_exact,high,1,resolved
37,oseltamivir,CIDm00065028,CHEMBL1229,OSELTAMIVIR,unique_exact,high,1,resolved
38,caffeine,CIDm00002519,CHEMBL113,CAFFEINE,unique_exact,high,1,resolved
39,sildenafil,CIDm00005212,CHEMBL192,SILDENAFIL,unique_exact,high,1,resolved
40,dofetilide,CIDm00071329,CHEMBL473,DOFETILIDE,unique_exact,high,1,resolved
41,azithromycin,CIDm00447043,CHEMBL529,AZITHROMYCIN,unique_exact,high,1,resolved
42,trospium,CIDm00005596,CHEMBL1888176,TROSPIUM,unique_exact,high,1,resolved
43,adapalene,CIDm00060164,CHEMBL1265,ADAPALENE,unique_exact,high,1,resolved
44,midodrine,CIDm00004195,CHEMBL1201212,MIDODRINE,unique_exact,high,1,resolved
45,pantoprazole,CIDm00004679,CHEMBL1502,PANTOPRAZOLE,unique_exact,high,1,resolved
46,torasemide,CIDm00041781,CHEMBL1148,TORSEMIDE,unique_exact,high,1,resolved
47,citalopram,CIDm00002771,CHEMBL549,CITALOPRAM,unique_exact,high,1,resolved
48,eletriptan,CIDm00077993,CHEMBL1510,ELETRIPTAN,unique_exact,high,1,resolved
49,moxifloxacin,CIDm00101526,CHEMBL32,MOXIFLOXACIN,unique_exact,high,1,resolved
50,nelfinavir,CIDm00064142,CHEMBL584,NELFINAVIR,unique_exact,high,1,resolved
51,glimepiride,CIDm00003476,CHEMBL1481,GLIMEPIRIDE,unique_exact,high,1,resolved
52,indinavir,CIDm05362440,CHEMBL115,INDINAVIR,unique_exact,high,1,resolved
53,lovastatin,CIDm00053232,CHEMBL503,LOVASTATIN,unique_exact,high,1,resolved
54,pregabalin,CIDm05486971,CHEMBL1059,PREGABALIN,unique_exact,high,1,resolved
55,temazepam,CIDm00005391,CHEMBL967,TEMAZEPAM,unique_exact,high,1,resolved
56,reboxetine,CIDm00065856,CHEMBL14370,REBOXETINE,canonical_name_disambiguation,high,3,resolved
57,nevirapine,CIDm00004463,CHEMBL57,NEVIRAPINE,unique_exact,high,1,resolved
58,cladribine,CIDm00020279,CHEMBL1619,CLADRIBINE,unique_exact,high,1,resolved
59,ranolazine,CIDm00056959,CHEMBL1404,RANOLAZINE,unique_exact,high,1,resolved
60,mesalazine,CIDm00004075,CHEMBL704,MESALAMINE,unique_exact,high,1,resolved
61,ziprasidone,CIDm00060853,CHEMBL708,ZIPRASIDONE,unique_exact,high,1,resolved
62,cabergoline,CIDm00054746,CHEMBL1201087,CABERGOLINE,unique_exact,high,1,resolved
63,dapsone,CIDm00002955,CHEMBL1043,DAPSONE,unique_exact,high,1,resolved
64,terconazole,CIDm00441383,CHEMBL1306,TERCONAZOLE,unique_exact,high,1,resolved
65,phenytoin,CIDm00001775,CHEMBL16,PHENYTOIN,unique_exact,high,1,resolved
66,doxycycline,CIDm54671203,CHEMBL1200699,DOXYCYCLINE,canonical_name_disambiguation,high,2,resolved
67,anagrelide,CIDm00002182,"","","","",2,ambiguous
68,carmustine,CIDm00002578,CHEMBL513,CARMUSTINE,unique_exact,high,1,resolved
69,metoprolol,CIDm00004171,CHEMBL13,METOPROLOL,unique_exact,high,1,resolved
70,ropinirole,CIDm00005095,CHEMBL589,ROPINIROLE,unique_exact,high,1,resolved
71,isradipine,CIDm00003784,CHEMBL1648,ISRADIPINE,unique_exact,high,1,resolved
72,topiramate,CIDm05284627,CHEMBL220492,TOPIRAMATE,unique_exact,high,1,resolved
73,olmesartan.medoxomil,CIDm00158781,CHEMBL1200692,OLMESARTAN MEDOXOMIL,dot_normalized_exact,high,1,resolved
74,amsacrine,CIDm00002179,CHEMBL43,AMSACRINE,unique_exact,high,1,resolved
75,theophylline,CIDm00002153,CHEMBL190,THEOPHYLLINE,unique_exact,high,1,resolved
76,argatroban,CIDm00092721,CHEMBL1166,ARGATROBAN,unique_exact,high,1,resolved
77,lidocaine,CIDm00003676,CHEMBL79,LIDOCAINE,unique_exact,high,1,resolved
78,pamidronic.acid,CIDm00004673,CHEMBL834,PAMIDRONIC ACID,dot_normalized_exact,high,1,resolved
79,venlafaxine,CIDm00005656,CHEMBL637,VENLAFAXINE,unique_exact,high,1,resolved
80,conjugated.estrogens,CIDm00168708,DRUGBANK:DB00286,Conjugated estrogens,dot_normalized_exact,high,2,resolved
81,travoprost,CIDm05282226,CHEMBL1200799,TRAVOPROST,unique_exact,high,1,resolved
82,atomoxetine,CIDm00054840,CHEMBL641,ATOMOXETINE,unique_exact,high,1,resolved
83,bleomycin,CIDm05360373,"","","","",2,ambiguous
84,chlorambucil,CIDm00002708,CHEMBL515,CHLORAMBUCIL,unique_exact,high,1,resolved
85,raltitrexed,CIDm00104758,CHEMBL225071,RALTITREXED,unique_exact,high,1,resolved
86,etonogestrel,CIDm06917715,CHEMBL1531,ETONOGESTREL,unique_exact,high,1,resolved
87,morphine,CIDm05288826,CHEMBL70,MORPHINE,unique_exact,high,1,resolved
88,ropivacaine,CIDm00175804,CHEMBL1077896,ROPIVACAINE,unique_exact,high,1,resolved
89,bupivacaine,CIDm00002474,"","","","",2,ambiguous
90,penciclovir,CIDm00004725,CHEMBL1540,PENCICLOVIR,unique_exact,high,1,resolved
91,tenofovir.disoproxil,CIDm05481350,"","","","",2,ambiguous
92,flucloxacillin,CIDm00021319,CHEMBL222645,FLOXACILLIN,unique_exact,high,1,resolved
93,tranexamic.acid,CIDm00005526,CHEMBL877,TRANEXAMIC ACID,dot_normalized_exact,high,1,resolved
94,ertapenem,CIDm00150610,CHEMBL1359,ERTAPENEM,unique_exact,high,1,resolved
95,bexarotene,CIDm00082146,CHEMBL1023,BEXAROTENE,unique_exact,high,1,resolved
96,ibutilide,CIDm00060752,CHEMBL533,IBUTILIDE,unique_exact,high,1,resolved
97,chlortalidone,CIDm00002732,CHEMBL1055,CHLORTHALIDONE,unique_exact,high,1,resolved
98,valproic.acid,CIDm00003121,CHEMBL109,VALPROIC ACID,dot_normalized_exact,high,1,resolved
99,zolmitriptan,CIDm00060857,CHEMBL1185,ZOLMITRIPTAN,unique_exact,high,1,resolved
100,paracetamol,CIDm00001983,CHEMBL112,ACETAMINOPHEN,unique_exact,high,1,resolved
101,gefitinib,CIDm00123631,CHEMBL939,GEFITINIB,unique_exact,high,1,resolved
102,piperacillin,CIDm00043672,CHEMBL702,PIPERACILLIN,canonical_name_disambiguation,high,2,resolved
103,dihydroergotamine,CIDm00010531,CHEMBL1732,DIHYDROERGOTAMINE,unique_exact,high,1,resolved
104,tolcapone,CIDm04659569,CHEMBL1324,TOLCAPONE,unique_exact,high,1,resolved
105,hydromorphone,CIDm05284570,CHEMBL398707,HYDROMORPHONE,unique_exact,high,1,resolved
106,indometacin,CIDm00003715,CHEMBL6,INDOMETHACIN,unique_exact,high,1,resolved
107,metformin,CIDm00004091,"","","","",2,ambiguous
108,ipratropium.bromide,CIDm00003746,CHEMBL2134724,IPRATROPIUM BROMIDE,dot_normalized_exact,high,1,resolved
109,olanzapine,CIDm00004585,CHEMBL715,OLANZAPINE,unique_exact,high,1,resolved
110,atenolol,CIDm00002249,CHEMBL24,ATENOLOL,unique_exact,high,1,resolved
111,pimecrolimus,CIDm06509979,CHEMBL1200686,PIMECROLIMUS,unique_exact,high,1,resolved
112,omeprazole,CIDm00004594,CHEMBL1503,OMEPRAZOLE,unique_exact,high,1,resolved
113,cetirizine,CIDm01548999,CHEMBL1000,CETIRIZINE,canonical_name_disambiguation,high,2,resolved
114,diltiazem,CIDm00039186,CHEMBL23,DILTIAZEM,unique_exact,high,1,resolved
115,alfuzosin,CIDm00002092,CHEMBL709,ALFUZOSIN,unique_exact,high,1,resolved
116,nitisinone,CIDm00115355,"","","","",2,ambiguous
117,clobazam,CIDm00002789,CHEMBL70418,CLOBAZAM,unique_exact,high,1,resolved
118,megestrol,CIDm00019090,CHEMBL1201139,MEGESTROL ACETATE,unique_exact,high,1,resolved
119,aztreonam,CIDm05742832,CHEMBL158,AZTREONAM,unique_exact,high,1,resolved
120,sapropterin,CIDm00044257,CHEMBL1201774,SAPROPTERIN,unique_exact,high,1,resolved
121,vinorelbine,CIDm00060779,CHEMBL553025,VINORELBINE,unique_exact,high,1,resolved
122,anidulafungin,CIDm00166548,CHEMBL264241,ANIDULAFUNGIN,unique_exact,high,1,resolved
123,clozapine,CIDm00002818,CHEMBL42,CLOZAPINE,unique_exact,high,1,resolved
124,levonorgestrel,CIDm00013109,CHEMBL1389,LEVONORGESTREL,unique_exact,high,1,resolved
125,cidofovir,CIDm00466146,CHEMBL5314375,CIDOFOVIR,canonical_name_disambiguation,high,2,resolved
126,mirtazapine,CIDm00004205,CHEMBL654,MIRTAZAPINE,unique_exact,high,1,resolved
127,timolol,CIDm00033624,CHEMBL499,TIMOLOL,unique_exact,high,1,resolved
128,treprostinil,CIDm06918140,"","","","",2,ambiguous
129,palonosetron,CIDm06337614,CHEMBL1189679,PALONOSETRON,unique_exact,high,1,resolved
130,mexiletine,CIDm00004178,CHEMBL558,MEXILETINE,canonical_name_disambiguation,high,2,resolved
131,dexrazoxane,CIDm00071384,CHEMBL1738,DEXRAZOXANE,unique_exact,high,1,resolved
132,amlodipine,CIDm00002162,"","","","",2,ambiguous
133,digoxin,CIDm02724385,CHEMBL1751,DIGOXIN,unique_exact,high,1,resolved
134,nimodipine,CIDm00004497,CHEMBL1428,NIMODIPINE,unique_exact,high,1,resolved
135,beclometasone,CIDm00020469,CHEMBL1200500,BECLOMETHASONE DIPROPIONATE,unique_exact,high,1,resolved
136,progesterone,CIDm00005994,CHEMBL103,PROGESTERONE,unique_exact,high,1,resolved
137,sorafenib,CIDm00216239,CHEMBL1336,SORAFENIB,unique_exact,high,1,resolved
138,zoledronic.acid,CIDm00068740,CHEMBL4303669,ZOLEDRONIC ACID,dot_normalized_exact,high,2,resolved
139,nisoldipine,CIDm00004499,CHEMBL1726,NISOLDIPINE,unique_exact,high,1,resolved
140,eszopiclone,CIDm00969472,CHEMBL1522,ESZOPICLONE,unique_exact,high,1,resolved
141,alprazolam,CIDm00002118,CHEMBL661,ALPRAZOLAM,unique_exact,high,1,resolved
142,loxapine,CIDm00003964,CHEMBL831,LOXAPINE,unique_exact,high,1,resolved
143,mupirocin,CIDm00446596,CHEMBL719,MUPIROCIN,canonical_name_disambiguation,high,2,resolved
144,rosiglitazone,CIDm00077998,CHEMBL121,ROSIGLITAZONE,unique_exact,high,1,resolved
145,pramipexole,CIDm00119569,CHEMBL301265,PRAMIPEXOLE,unique_exact,high,1,resolved
146,miglustat,CIDm00051634,CHEMBL1029,MIGLUSTAT,unique_exact,high,1,resolved
147,methylphenidate,CIDm00004158,CHEMBL796,METHYLPHENIDATE,unique_exact,high,1,resolved
148,hyoscyamine,CIDm00003661,CHEMBL1331216,HYOSCYAMINE,unique_exact,high,1,resolved
149,zolpidem,CIDm00005732,CHEMBL911,ZOLPIDEM,unique_exact,high,1,resolved
150,famciclovir,CIDm00003324,CHEMBL880,FAMCICLOVIR,unique_exact,high,1,resolved
151,streptozocin,CIDm00029327,CHEMBL1651906,STREPTOZOCIN,canonical_name_disambiguation,high,2,resolved
152,allopurinol,CIDm00002094,"","","","",2,ambiguous
153,ceftazidime,CIDm05481173,CHEMBL44354,CEFTAZIDIME,unique_exact,high,1,resolved
154,cerivastatin,CIDm00446156,CHEMBL1477,CERIVASTATIN,unique_exact,high,1,resolved
155,trimethoprim,CIDm00005578,CHEMBL22,TRIMETHOPRIM,unique_exact,high,1,resolved
156,gemcitabine,CIDm00060749,CHEMBL888,GEMCITABINE,unique_exact,high,1,resolved
157,entecavir,CIDm00153941,CHEMBL5314362,ENTECAVIR,canonical_name_disambiguation,high,2,resolved
158,teniposide,CIDm00452548,CHEMBL452231,TENIPOSIDE,unique_exact,high,1,resolved
159,epirubicin,CIDm00041867,CHEMBL417,EPIRUBICIN,unique_exact,high,1,resolved
160,lansoprazole,CIDm00003883,CHEMBL480,LANSOPRAZOLE,unique_exact,high,1,resolved
161,loratadine,CIDm00003957,CHEMBL998,LORATADINE,unique_exact,high,1,resolved
162,prazosin,CIDm00004893,CHEMBL2,PRAZOSIN,unique_exact,high,1,resolved
163,imipramine,CIDm00003696,CHEMBL11,IMIPRAMINE,unique_exact,high,1,resolved
164,acitretin,CIDm05284513,CHEMBL1131,ACITRETIN,unique_exact,high,1,resolved
165,verteporfin,CIDm05362420,CHEMBL5314346,VERTEPORFIN,canonical_name_disambiguation,high,2,resolved
166,nabumetone,CIDm00004409,CHEMBL1070,NABUMETONE,unique_exact,high,1,resolved
167,ketorolac,CIDm00003826,CHEMBL469,KETOROLAC,unique_exact,high,1,resolved
168,montelukast,CIDm05281040,CHEMBL787,MONTELUKAST,unique_exact,high,1,resolved
169,fluoxetine,CIDm00003386,CHEMBL41,FLUOXETINE,canonical_name_disambiguation,high,3,resolved
170,duloxetine,CIDm00060834,CHEMBL1175,DULOXETINE,unique_exact,high,1,resolved
171,rimantadine,CIDm00005071,CHEMBL959,RIMANTADINE,unique_exact,high,1,resolved
172,lenalidomide,CIDm00216326,"","","","",2,ambiguous
173,raloxifene,CIDm00005035,CHEMBL81,RALOXIFENE,unique_exact,high,1,resolved
174,celecoxib,CIDm00002662,CHEMBL118,CELECOXIB,unique_exact,high,1,resolved
175,brimonidine,CIDm00002435,CHEMBL844,BRIMONIDINE,unique_exact,high,1,resolved
176,dicloxacillin,CIDm00018381,CHEMBL893,DICLOXACILLIN,unique_exact,high,1,resolved
177,nabilone,CIDm00039860,CHEMBL2218896,NABILONE,canonical_name_disambiguation,high,2,resolved
178,sotalol,CIDm00005253,CHEMBL471,SOTALOL,unique_exact,high,1,resolved
179,buspirone,CIDm00002477,CHEMBL49,BUSPIRONE,unique_exact,high,1,resolved
180,fosinopril,CIDm00055891,CHEMBL3039598,FOSINOPRIL,unique_exact,high,1,resolved
181,entacapone,CIDm05281081,"","","","",2,ambiguous
182,zidovudine,CIDm00035370,CHEMBL129,ZIDOVUDINE,unique_exact,high,1,resolved
183,darifenacin,CIDm00444030,CHEMBL1346,DARIFENACIN,unique_exact,high,1,resolved
184,oxycodone,CIDm05284603,CHEMBL656,OXYCODONE,unique_exact,high,1,resolved
185,flutamide,CIDm00003397,CHEMBL806,FLUTAMIDE,unique_exact,high,1,resolved
186,cimetidine,CIDm00002756,CHEMBL30,CIMETIDINE,unique_exact,high,1,resolved
187,haloperidol,CIDm00003559,CHEMBL54,HALOPERIDOL,unique_exact,high,1,resolved
188,ritonavir,CIDm00392622,"","","","",2,ambiguous
189,nitazoxanide,CIDm00041684,CHEMBL1401,NITAZOXANIDE,unique_exact,high,1,resolved
190,vancomycin,CIDm00014969,CHEMBL262777,VANCOMYCIN,unique_exact,high,1,resolved
191,dextromethorphan,CIDm05360696,CHEMBL52440,DEXTROMETHORPHAN,unique_exact,high,1,resolved
192,albendazole,CIDm00002082,CHEMBL1483,ALBENDAZOLE,unique_exact,high,1,resolved
193,trandolapril,CIDm05484727,CHEMBL1519,TRANDOLAPRIL,unique_exact,high,1,resolved
194,caspofungin,CIDm02826718,"","","","",2,ambiguous
195,alitretinoin,CIDm00449171,CHEMBL705,ALITRETINOIN,unique_exact,high,1,resolved
196,metolazone,CIDm00004170,CHEMBL878,METOLAZONE,unique_exact,high,1,resolved
197,oxaliplatin,CIDm00004609,"","","","",2,ambiguous
198,lercanidipine,CIDm00065866,CHEMBL250270,LERCANIDIPINE,unique_exact,high,1,resolved
199,foscarnet,CIDm00003414,CHEMBL666,FOSCARNET,unique_exact,high,1,resolved
200,erlotinib,CIDm00176870,"","","","",2,ambiguous
201,cyclophosphamide,CIDm00002907,CHEMBL1200796,CYCLOPHOSPHAMIDE,canonical_name_disambiguation,high,2,resolved
202,rofecoxib,CIDm00005090,CHEMBL122,ROFECOXIB,unique_exact,high,1,resolved
203,ciprofloxacin,CIDm00002764,CHEMBL8,CIPROFLOXACIN,unique_exact,high,1,resolved
204,gadoversetamide,CIDm00444013,"","","","",0,unmatched
205,toremifene,CIDm03005572,CHEMBL1655,TOREMIFENE,unique_exact,high,1,resolved
206,vincristine,CIDm06324671,CHEMBL90555,VINCRISTINE,canonical_name_disambiguation,high,2,resolved
207,benazepril,CIDm05362123,CHEMBL838,BENAZEPRIL,unique_exact,high,1,resolved
208,fluorouracil,CIDm00003385,CHEMBL185,FLUOROURACIL,unique_exact,high,1,resolved
209,pyridostigmine,CIDm00004991,CHEMBL1115,PYRIDOSTIGMINE,unique_exact,high,1,resolved
210,azelaic.acid,CIDm00002266,CHEMBL1238,AZELAIC ACID,dot_normalized_exact,high,1,resolved
211,zafirlukast,CIDm00005717,CHEMBL603,ZAFIRLUKAST,unique_exact,high,1,resolved
212,pentostatin,CIDm00439693,CHEMBL1580,PENTOSTATIN,unique_exact,high,1,resolved
213,piroxicam,CIDm23690938,CHEMBL527,PIROXICAM,unique_exact,high,1,resolved
214,lamotrigine,CIDm00003878,CHEMBL741,LAMOTRIGINE,unique_exact,high,1,resolved
215,zanamivir,CIDm00060855,CHEMBL222813,ZANAMIVIR,unique_exact,high,1,resolved
216,bosentan,CIDm00104865,"","","","",2,ambiguous
217,tigecycline,CIDm54686904,CHEMBL376140,TIGECYCLINE,unique_exact,high,1,resolved
218,methotrexate,CIDm00126941,"","","","",2,ambiguous
219,carbamazepine,CIDm00002554,CHEMBL108,CARBAMAZEPINE,unique_exact,high,1,resolved
220,cisatracurium,CIDm00062886,CHEMBL1201248,CISATRACURIUM,unique_exact,high,1,resolved
221,fondaparinux,CIDm00636380,CHEMBL1201202,FONDAPARINUX,unique_exact,high,1,resolved
222,propranolol,CIDm00004946,"","","","",2,ambiguous
223,clonidine,CIDm00002803,CHEMBL134,CLONIDINE,unique_exact,high,1,resolved
224,valaciclovir,CIDm00060772,CHEMBL1349,VALACYCLOVIR,unique_exact,high,1,resolved
225,valdecoxib,CIDm00119607,CHEMBL865,VALDECOXIB,unique_exact,high,1,resolved
226,voriconazole,CIDm00071616,CHEMBL638,VORICONAZOLE,unique_exact,high,1,resolved
227,levocarnitine,CIDm00010917,CHEMBL1149,LEVOCARNITINE,unique_exact,high,1,resolved
228,enalapril,CIDm05388961,CHEMBL578,ENALAPRIL,unique_exact,high,1,resolved
229,nizatidine,CIDm03033637,CHEMBL3183075,NIZATIDINE,unique_exact,high,1,resolved
230,diclofenac,CIDm00003032,CHEMBL139,DICLOFENAC,unique_exact,high,1,resolved
231,doxazosin,CIDm00003157,CHEMBL707,DOXAZOSIN,unique_exact,high,1,resolved
232,amiloride,CIDm00016230,CHEMBL945,AMILORIDE,unique_exact,high,1,resolved
233,gadoteridol,CIDm00060714,"","","","",2,ambiguous
234,labetalol,CIDm00003869,CHEMBL429,LABETALOL,unique_exact,high,1,resolved
235,linezolid,CIDm00441401,CHEMBL126,LINEZOLID,unique_exact,high,1,resolved
236,ivermectin,CIDm06435110,"","","","",2,ambiguous
237,medroxyprogesterone,CIDm00010631,CHEMBL717,MEDROXYPROGESTERONE ACETATE,unique_exact,high,1,resolved
238,butorphanol,CIDm05361092,"","","","",2,ambiguous
239,bisoprolol,CIDm00002405,CHEMBL645,BISOPROLOL,unique_exact,high,1,resolved
240,rifabutin,CIDm06323490,CHEMBL444633,RIFABUTIN,unique_exact,high,1,resolved
241,imatinib,CIDm00005291,CHEMBL941,IMATINIB,unique_exact,high,1,resolved
242,triamcinolone,CIDm00031307,CHEMBL1451,TRIAMCINOLONE,unique_exact,high,1,resolved
243,testosterone,CIDm00006013,"","","","",2,ambiguous
244,efavirenz,CIDm00064139,CHEMBL223228,EFAVIRENZ,unique_exact,high,1,resolved
245,alendronic.acid,CIDm00002088,CHEMBL870,ALENDRONIC ACID,dot_normalized_exact,high,1,resolved
246,clofarabine,CIDm00119182,CHEMBL1750,CLOFARABINE,unique_exact,high,1,resolved
247,dexmedetomidine,CIDm05311068,CHEMBL778,DEXMEDETOMIDINE,unique_exact,high,1,resolved
248,adenosine,CIDm00060961,CHEMBL477,ADENOSINE,unique_exact,high,1,resolved
249,simvastatin,CIDm00054454,CHEMBL1064,SIMVASTATIN,unique_exact,high,1,resolved
250,pemetrexed,CIDm00060843,CHEMBL225072,PEMETREXED,unique_exact,high,1,resolved
251,gonadorelin,CIDm00036523,CHEMBL1007,GONADORELIN,canonical_name_disambiguation,high,2,resolved
252,stavudine,CIDm00018283,CHEMBL991,STAVUDINE,unique_exact,high,1,resolved
253,calcium.folinate,CIDm00006006,CHEMBL1201138,LEUCOVORIN CALCIUM,dot_normalized_exact,high,1,resolved
254,latanoprost,CIDm05311221,CHEMBL1051,LATANOPROST,unique_exact,high,1,resolved
255,estrone,CIDm03001028,CHEMBL1405,ESTRONE,unique_exact,high,1,resolved
256,trazodone,CIDm00005533,CHEMBL621,TRAZODONE,unique_exact,high,1,resolved
257,sevelamer,CIDm03085017,"","","","",2,ambiguous
258,acamprosate,CIDm00071158,CHEMBL1201293,ACAMPROSATE,unique_exact,high,1,resolved
259,verapamil,CIDm00002520,CHEMBL6966,VERAPAMIL,unique_exact,high,1,resolved
260,nilutamide,CIDm00004493,CHEMBL1274,NILUTAMIDE,unique_exact,high,1,resolved
261,nafarelin,CIDm25077649,"","","","",2,ambiguous
262,sumatriptan,CIDm00005358,CHEMBL128,SUMATRIPTAN,unique_exact,high,1,resolved
263,cefixime,CIDm06321411,CHEMBL1541,CEFIXIME,unique_exact,high,1,resolved
264,aprepitant,CIDm00151165,CHEMBL1471,APREPITANT,unique_exact,high,1,resolved
265,galantamine,CIDm00009651,CHEMBL659,GALANTAMINE,unique_exact,high,1,resolved
266,tamoxifen,CIDm02733525,CHEMBL83,TAMOXIFEN,unique_exact,high,1,resolved
267,losartan,CIDm00003961,CHEMBL191,LOSARTAN,unique_exact,high,1,resolved
268,amphotericin.B,CIDm05280965,CHEMBL267345,AMPHOTERICIN B,dot_normalized_exact,high,1,resolved
269,midazolam,CIDm00004192,CHEMBL655,MIDAZOLAM,unique_exact,high,1,resolved
270,tobramycin,CIDm00036294,CHEMBL1747,TOBRAMYCIN,unique_exact,high,1,resolved
271,trovafloxacin,CIDm00062959,CHEMBL428,TROVAFLOXACIN,unique_exact,high,1,resolved
272,pentosan.polysulfate.sodium,CIDm00037720,CHEMBL1201516,PENTOSAN POLYSULFATE SODIUM,dot_normalized_exact,high,1,resolved
273,moexipril,CIDm00055331,CHEMBL1165,MOEXIPRIL,unique_exact,high,1,resolved
274,phentolamine,CIDm00005775,CHEMBL597,PHENTOLAMINE,unique_exact,high,1,resolved
275,fluorescein,CIDm00016850,CHEMBL4297067,FLUORESCEIN,unique_exact,high,1,resolved
276,daunorubicin,CIDm00030323,CHEMBL178,DAUNORUBICIN,unique_exact,high,1,resolved
277,furosemide,CIDm00003440,CHEMBL35,FUROSEMIDE,unique_exact,high,1,resolved
278,tizanidine,CIDm00005487,CHEMBL1079,TIZANIDINE,unique_exact,high,1,resolved
279,eplerenone,CIDm00443872,CHEMBL1095097,EPLERENONE,unique_exact,high,1,resolved
280,amprenavir,CIDm00065016,CHEMBL116,AMPRENAVIR,unique_exact,high,1,resolved
281,naltrexone,CIDm05360515,CHEMBL19019,NALTREXONE,unique_exact,high,1,resolved
282,delavirdine,CIDm00005625,CHEMBL593,DELAVIRDINE,unique_exact,high,1,resolved
283,tamsulosin,CIDm00129211,CHEMBL836,TAMSULOSIN,unique_exact,high,1,resolved
284,porfimer.sodium,CIDm03086257,"","","","",2,ambiguous
285,sufentanil,CIDm00041693,CHEMBL658,SUFENTANIL,unique_exact,high,1,resolved
286,lamivudine,CIDm00060825,"","","","",2,ambiguous
287,ibandronic.acid,CIDm00060852,CHEMBL997,IBANDRONIC ACID,dot_normalized_exact,high,1,resolved
288,apomorphine,CIDm00006005,CHEMBL53,APOMORPHINE,unique_exact,high,1,resolved
289,paroxetine,CIDm00043815,CHEMBL490,PAROXETINE,unique_exact,high,1,resolved
290,adefovir.dipivoxil,CIDm00060871,CHEMBL922,ADEFOVIR DIPIVOXIL,dot_normalized_exact,high,1,resolved
291,lisinopril,CIDm05362118,CHEMBL419213,LISINOPRIL,canonical_name_disambiguation,high,2,resolved
292,imiquimod,CIDm00057469,CHEMBL1282,IMIQUIMOD,unique_exact,high,1,resolved
293,glyceryl.trinitrate,CIDm00004510,CHEMBL730,NITROGLYCERIN,dot_normalized_exact,high,1,resolved
294,nateglinide,CIDm05311309,CHEMBL783,NATEGLINIDE,unique_exact,high,1,resolved
295,risperidone,CIDm00005073,"","","","",2,ambiguous
296,naftifine,CIDm00047641,"","","","",2,ambiguous
297,esomeprazole,CIDm09579578,CHEMBL1201320,ESOMEPRAZOLE,unique_exact,high,1,resolved
298,pentamidine.isethionate,CIDm00004735,CHEMBL361506,PENTAMIDINE ISETHIONATE,dot_normalized_exact,high,1,resolved
299,riluzole,CIDm00005070,"","","","",2,ambiguous
300,hydrocortisone,CIDm00005754,CHEMBL389621,HYDROCORTISONE,unique_exact,high,1,resolved
301,mannitol,CIDm00006251,CHEMBL689,MANNITOL,unique_exact,high,1,resolved
302,gadobenic.acid,CIDm06918204,DRUGBANK:DB00743,Gadobenic acid,dot_normalized_exact,high,1,resolved
303,modafinil,CIDm00004236,CHEMBL1373,MODAFINIL,unique_exact,high,1,resolved
304,deferoxamine,CIDm00002973,CHEMBL556,DEFEROXAMINE,unique_exact,high,1,resolved
305,tretinoin,CIDm00444795,CHEMBL38,TRETINOIN,unique_exact,high,1,resolved
306,dolasetron,CIDm14476155,CHEMBL2368925,DOLASETRON,unique_exact,high,1,resolved
307,clopidogrel,CIDm00060606,CHEMBL1771,CLOPIDOGREL,unique_exact,high,1,resolved
308,meropenem,CIDm00060706,CHEMBL127,MEROPENEM,unique_exact,high,1,resolved
309,irinotecan,CIDm00060837,CHEMBL481,IRINOTECAN,unique_exact,high,1,resolved
310,olopatadine,CIDm05281071,CHEMBL1189432,OLOPATADINE,unique_exact,high,1,resolved
311,alprostadil,CIDm06433212,CHEMBL495,ALPROSTADIL,unique_exact,high,1,resolved
312,etoposide,CIDm00036462,CHEMBL44657,ETOPOSIDE,unique_exact,high,1,resolved
313,tirofiban,CIDm00060946,CHEMBL916,TIROFIBAN,unique_exact,high,1,resolved
314,oxcarbazepine,CIDm00034312,CHEMBL1068,OXCARBAZEPINE,unique_exact,high,1,resolved
315,estradiol,CIDm00005757,"","","","",2,ambiguous
316,aciclovir,CIDm00002022,CHEMBL184,ACYCLOVIR,unique_exact,high,1,resolved
317,naproxen,CIDm00156391,CHEMBL154,NAPROXEN,unique_exact,high,1,resolved
318,perindopril,CIDm00107807,CHEMBL1581,PERINDOPRIL,unique_exact,high,1,resolved
319,sulfasalazine,CIDm05359476,CHEMBL421,SULFASALAZINE,unique_exact,high,1,resolved
320,tazarotene,CIDm00005381,CHEMBL1657,TAZAROTENE,unique_exact,high,1,resolved
321,alfentanil,CIDm00051263,CHEMBL634,ALFENTANIL,unique_exact,high,1,resolved
322,dicycloverine,CIDm00003042,CHEMBL1123,DICYCLOMINE,unique_exact,high,1,resolved
323,pentoxifylline,CIDm00004740,CHEMBL628,PENTOXIFYLLINE,unique_exact,high,1,resolved
324,indapamide,CIDm00003702,CHEMBL406,INDAPAMIDE,unique_exact,high,1,resolved
325,ribavirin,CIDm00037542,CHEMBL1643,RIBAVIRIN,unique_exact,high,1,resolved
326,fentanyl,CIDm00003345,"","","","",2,ambiguous
327,meloxicam,CIDm00004051,CHEMBL599,MELOXICAM,unique_exact,high,1,resolved
328,orciprenaline,CIDm00004086,CHEMBL776,METAPROTERENOL,unique_exact,high,1,resolved
329,tadalafil,CIDm00110635,CHEMBL779,TADALAFIL,unique_exact,high,1,resolved
330,fosfomycin,CIDm00073491,CHEMBL1757,FOSFOMYCIN,unique_exact,high,1,resolved
331,diazepam,CIDm00003016,CHEMBL12,DIAZEPAM,unique_exact,high,1,resolved
332,cefaclor,CIDm00051038,CHEMBL1201018,CEFACLOR,canonical_name_disambiguation,high,2,resolved
333,mifepristone,CIDm00055245,CHEMBL1276308,MIFEPRISTONE,unique_exact,high,1,resolved
334,donepezil,CIDm00003152,CHEMBL502,DONEPEZIL,unique_exact,high,1,resolved
335,mercaptamine,CIDm00006058,CHEMBL602,CYSTEAMINE,unique_exact,high,1,resolved
336,dacarbazine,CIDm05353562,CHEMBL476,DACARBAZINE,unique_exact,high,1,resolved
337,temozolomide,CIDm00005394,CHEMBL810,TEMOZOLOMIDE,unique_exact,high,1,resolved
338,aminolevulinic.acid,CIDm00000137,CHEMBL601,AMINOLEVULINIC ACID,dot_normalized_exact,high,1,resolved
339,terbinafine,CIDm01549007,CHEMBL822,TERBINAFINE,unique_exact,high,1,resolved
340,penicillamine,CIDm00005852,CHEMBL1430,PENICILLAMINE,unique_exact,high,1,resolved
341,vardenafil,CIDm00110634,"","","","",2,ambiguous
342,tacrolimus,CIDm00445643,CHEMBL3989887,TACROLIMUS,canonical_name_disambiguation,high,2,resolved
343,terbutaline,CIDm00005403,CHEMBL1760,TERBUTALINE,unique_exact,high,1,resolved
344,conivaptan,CIDm00151171,CHEMBL1755,CONIVAPTAN,unique_exact,high,1,resolved
345,eprosartan,CIDm05281037,CHEMBL813,EPROSARTAN,unique_exact,high,1,resolved
346,sirolimus,CIDm05284616,CHEMBL413,SIROLIMUS,unique_exact,high,1,resolved
347,emtricitabine,CIDm00060877,"","","","",2,ambiguous
348,quinapril,CIDm00054891,CHEMBL1592,QUINAPRIL,unique_exact,high,1,resolved
349,clomifene,CIDm01548954,CHEMBL2355051,CLOMIPHENE,unique_exact,high,1,resolved
350,risedronic.acid,CIDm00005245,CHEMBL923,RISEDRONIC ACID,dot_normalized_exact,high,1,resolved
351,bumetanide,CIDm00002471,CHEMBL1072,BUMETANIDE,unique_exact,high,1,resolved
352,chlormethine,CIDm00004033,CHEMBL427,MECHLORETHAMINE,unique_exact,high,1,resolved
353,granisetron,CIDm05284566,CHEMBL289469,GRANISETRON,canonical_name_disambiguation,high,2,resolved
354,triazolam,CIDm00005556,CHEMBL646,TRIAZOLAM,unique_exact,high,1,resolved
355,remifentanil,CIDm00060814,CHEMBL1005,REMIFENTANIL,unique_exact,high,1,resolved
356,didanosine,CIDm00050599,CHEMBL1460,DIDANOSINE,unique_exact,high,1,resolved
357,ondansetron,CIDm00004595,CHEMBL46,ONDANSETRON,unique_exact,high,1,resolved
358,bimatoprost,CIDm05311027,CHEMBL1200963,BIMATOPROST,unique_exact,high,1,resolved
359,tiagabine,CIDm00060648,CHEMBL1027,TIAGABINE,unique_exact,high,1,resolved
360,quinidine,CIDm00005768,CHEMBL1294,QUINIDINE,unique_exact,high,1,resolved
361,zonisamide,CIDm00005734,"","","","",2,ambiguous
362,paricalcitol,CIDm05281104,CHEMBL1200622,PARICALCITOL,unique_exact,high,1,resolved
363,tinidazole,CIDm00005479,CHEMBL1220,TINIDAZOLE,unique_exact,high,1,resolved
364,repaglinide,CIDm00065981,CHEMBL1272,REPAGLINIDE,unique_exact,high,1,resolved
365,amantadine,CIDm00002130,CHEMBL660,AMANTADINE,unique_exact,high,1,resolved
366,metronidazole,CIDm00004173,CHEMBL137,METRONIDAZOLE,unique_exact,high,1,resolved
367,almotriptan,CIDm00123606,CHEMBL1505,ALMOTRIPTAN,unique_exact,high,1,resolved
368,buprenorphine,CIDm06321408,"","","","",2,ambiguous
369,levosimendan,CIDm03033825,CHEMBL2051955,LEVOSIMENDAN,unique_exact,high,1,resolved
370,cyclobenzaprine,CIDm00002895,CHEMBL669,CYCLOBENZAPRINE,unique_exact,high,1,resolved
371,famotidine,CIDm05702160,CHEMBL902,FAMOTIDINE,unique_exact,high,1,resolved
372,azacitidine,CIDm00009444,"","","","",2,ambiguous
373,misoprostol,CIDm05282381,CHEMBL606,MISOPROSTOL,unique_exact,high,1,resolved
374,colesevelam,CIDm00160051,DRUGBANK:DB00930,Colesevelam,canonical_name_disambiguation,high,2,resolved
375,tipranavir,CIDm00163296,CHEMBL222559,TIPRANAVIR,unique_exact,high,1,resolved
376,maprotiline,CIDm00004011,CHEMBL21731,MAPROTILINE,unique_exact,high,1,resolved
377,salmeterol,CIDm00005152,CHEMBL1263,SALMETEROL,unique_exact,high,1,resolved
378,fulvestrant,CIDm00104741,CHEMBL1358,FULVESTRANT,unique_exact,high,1,resolved
379,felbamate,CIDm00003331,CHEMBL1094,FELBAMATE,unique_exact,high,1,resolved
380,fexofenadine,CIDm00003348,CHEMBL914,FEXOFENADINE,unique_exact,high,1,resolved
381,naratriptan,CIDm00004440,CHEMBL1278,NARATRIPTAN,canonical_name_disambiguation,high,2,resolved
382,rizatriptan,CIDm00005078,CHEMBL905,RIZATRIPTAN,unique_exact,high,1,resolved
383,hydrocodone,CIDm05284569,CHEMBL1457,HYDROCODONE,unique_exact,high,1,resolved
384,carboplatin,CIDm00038904,"","","","",2,ambiguous
385,pindolol,CIDm00004828,CHEMBL500,PINDOLOL,unique_exact,high,1,resolved
386,zaleplon,CIDm00005719,CHEMBL1521,ZALEPLON,unique_exact,high,1,resolved
387,apraclonidine,CIDm00002216,CHEMBL647,APRACLONIDINE,unique_exact,high,1,resolved
388,telmisartan,CIDm00065999,"","","","",2,ambiguous
389,desloratadine,CIDm00124087,"","","","",2,ambiguous
390,alosetron,CIDm00002099,CHEMBL1110,ALOSETRON,unique_exact,high,1,resolved
391,azelastine,CIDm00002267,CHEMBL639,AZELASTINE,unique_exact,high,1,resolved
392,ezetimibe,CIDm00150311,CHEMBL1138,EZETIMIBE,unique_exact,high,1,resolved
393,dipyridamole,CIDm00003108,CHEMBL932,DIPYRIDAMOLE,unique_exact,high,1,resolved
394,telithromycin,CIDm03002190,CHEMBL1136,TELITHROMYCIN,unique_exact,high,1,resolved
395,lomefloxacin,CIDm00003948,CHEMBL561,LOMEFLOXACIN,unique_exact,high,1,resolved
396,ramelteon,CIDm00208902,CHEMBL1218,RAMELTEON,unique_exact,high,1,resolved
397,isotretinoin,CIDm05282379,CHEMBL547,ISOTRETINOIN,unique_exact,high,1,resolved
398,formoterol,CIDm03083544,"","","","",2,ambiguous
399,glycopyrronium.bromide,CIDm00003494,CHEMBL1201027,GLYCOPYRROLATE,dot_normalized_exact,high,1,resolved
400,cytarabine,CIDm00006252,CHEMBL803,CYTARABINE,unique_exact,high,1,resolved
401,rivastigmine,CIDm00077990,CHEMBL636,RIVASTIGMINE,unique_exact,high,1,resolved
402,exemestane,CIDm00060198,CHEMBL1200374,EXEMESTANE,unique_exact,high,1,resolved
403,methyl.aminolevulinate,CIDm00157921,CHEMBL1096562,METHYL AMINOLEVULINATE,dot_normalized_exact,high,1,resolved
404,azathioprine,CIDm00002265,CHEMBL1542,AZATHIOPRINE,unique_exact,high,1,resolved
405,auranofin,CIDm06918453,"","","","",2,ambiguous
406,gabapentin,CIDm00003446,CHEMBL940,GABAPENTIN,unique_exact,high,1,resolved
407,doxorubicin,CIDm00031703,CHEMBL53463,DOXORUBICIN,unique_exact,high,1,resolved
408,frovatriptan,CIDm00077992,CHEMBL1279,FROVATRIPTAN,unique_exact,high,1,resolved
409,hydrochlorothiazide,CIDm00003639,"","","","",2,ambiguous
410,salbutamol,CIDm00002083,CHEMBL714,ALBUTEROL,unique_exact,high,1,resolved
411,levobupivacaine,CIDm00092253,CHEMBL1201193,LEVOBUPIVACAINE,unique_exact,high,1,resolved
412,cromoglicic.acid,CIDm00002881,CHEMBL428880,CROMOLYN,dot_normalized_exact,high,1,resolved
413,ganciclovir,CIDm00003454,CHEMBL182,GANCICLOVIR,unique_exact,high,1,resolved
414,hydroxycarbamide,CIDm00003657,CHEMBL467,HYDROXYUREA,unique_exact,high,1,resolved
415,letrozole,CIDm00003902,CHEMBL1444,LETROZOLE,unique_exact,high,1,resolved
416,busulfan,CIDm00002478,CHEMBL820,BUSULFAN,unique_exact,high,1,resolved
417,metyrapone,CIDm00004174,CHEMBL934,METYRAPONE,unique_exact,high,1,resolved
418,cinacalcet,CIDm00156418,"","","","",2,ambiguous
419,balsalazide,CIDm05362070,CHEMBL1201346,BALSALAZIDE,unique_exact,high,1,resolved
420,sulfamethoxazole.and.trimethoprim,CIDm00358641,"","","","",0,unmatched
421,minocycline,CIDm26275995,CHEMBL1434,MINOCYCLINE,unique_exact,high,1,resolved
422,guanfacine,CIDm00003519,CHEMBL862,GUANFACINE,unique_exact,high,1,resolved
423,isosorbide.mononitrate,CIDm00027661,CHEMBL1311,ISOSORBIDE MONONITRATE,dot_normalized_exact,high,1,resolved
424,mycophenolic.acid,CIDm00446541,CHEMBL866,MYCOPHENOLIC ACID,dot_normalized_exact,high,1,resolved
425,amlexanox,CIDm00002161,CHEMBL1096,AMLEXANOX,unique_exact,high,1,resolved
426,irbesartan,CIDm00003749,CHEMBL1513,IRBESARTAN,unique_exact,high,1,resolved
427,topotecan,CIDm00060699,CHEMBL84,TOPOTECAN,canonical_name_disambiguation,high,2,resolved
428,tolterodine,CIDm00060774,CHEMBL1382,TOLTERODINE,unique_exact,high,1,resolved
429,selegiline,CIDm00026757,CHEMBL972,SELEGILINE,unique_exact,high,1,resolved
430,fenofibrate,CIDm00003339,CHEMBL672,FENOFIBRATE,unique_exact,high,1,resolved
431,thalidomide,CIDm00005426,CHEMBL468,THALIDOMIDE,unique_exact,high,1,resolved
432,melphalan,CIDm00460612,CHEMBL852,MELPHALAN,canonical_name_disambiguation,high,2,resolved
433,memantine,CIDm00004054,"","","","",2,ambiguous
434,gatifloxacin,CIDm00005379,CHEMBL31,GATIFLOXACIN,unique_exact,high,1,resolved
435,lubiprostone,CIDm00157920,CHEMBL1201134,LUBIPROSTONE,unique_exact,high,1,resolved
436,fluocinonide,CIDm00009642,CHEMBL1501,FLUOCINONIDE,unique_exact,high,1,resolved
437,abacavir,CIDm00065139,"","","","",2,ambiguous
438,ibuprofen,CIDm00003672,CHEMBL521,IBUPROFEN,unique_exact,high,1,resolved
439,norfloxacin,CIDm00004539,CHEMBL9,NORFLOXACIN,unique_exact,high,1,resolved
440,amoxicillin,CIDm00033613,CHEMBL1082,AMOXICILLIN,unique_exact,high,1,resolved
441,oxybutynin,CIDm00004634,CHEMBL1231,OXYBUTYNIN,unique_exact,high,1,resolved
442,glipizide,CIDm00003478,CHEMBL1073,GLIPIZIDE,unique_exact,high,1,resolved
443,clonazepam,CIDm00002802,CHEMBL452,CLONAZEPAM,unique_exact,high,1,resolved
444,atazanavir,CIDm00148192,CHEMBL1163,ATAZANAVIR,unique_exact,high,1,resolved
445,fludarabine,CIDm00657237,CHEMBL1568,FLUDARABINE,canonical_name_disambiguation,high,2,resolved
446,atorvastatin,CIDm00060822,CHEMBL1487,ATORVASTATIN,unique_exact,high,1,resolved
447,tegaserod,CIDm05487301,CHEMBL76370,TEGASEROD,unique_exact,high,1,resolved
448,vigabatrin,CIDm00005665,"","","","",2,ambiguous
449,streptomycin,CIDm06419957,CHEMBL372795,STREPTOMYCIN,unique_exact,high,1,resolved
450,orlistat,CIDm03034010,CHEMBL175247,ORLISTAT,unique_exact,high,1,resolved
451,pilocarpine,CIDm00005909,CHEMBL550,PILOCARPINE,unique_exact,high,1,resolved
452,iloprost,CIDm06435378,CHEMBL494,ILOPROST,unique_exact,high,1,resolved
453,fluvastatin,CIDm00446155,CHEMBL2220442,FLUVASTATIN,canonical_name_disambiguation,high,2,resolved
454,leflunomide,CIDm00003899,CHEMBL960,LEFLUNOMIDE,unique_exact,high,1,resolved
455,rosuvastatin,CIDm00446157,CHEMBL1496,ROSUVASTATIN,unique_exact,high,1,resolved
456,pimozide,CIDm00016362,CHEMBL1423,PIMOZIDE,unique_exact,high,1,resolved
457,capecitabine,CIDm00060953,CHEMBL1773,CAPECITABINE,unique_exact,high,1,resolved
458,sertraline,CIDm00063009,CHEMBL809,SERTRALINE,unique_exact,high,1,resolved
459,heparin,CIDm00000772,"","","","",2,ambiguous
460,miconazole,CIDm00004189,CHEMBL91,MICONAZOLE,unique_exact,high,1,resolved
461,nifedipine,CIDm00004485,CHEMBL193,NIFEDIPINE,unique_exact,high,1,resolved
462,atovaquone,CIDm00074989,CHEMBL1450,ATOVAQUONE,unique_exact,high,1,resolved
463,amiodarone,CIDm00002156,CHEMBL633,AMIODARONE,canonical_name_disambiguation,high,2,resolved
464,gliclazide,CIDm00003475,CHEMBL427216,GLICLAZIDE,unique_exact,high,1,resolved
465,bicalutamide,CIDm00002375,CHEMBL409,BICALUTAMIDE,unique_exact,high,1,resolved
466,rabeprazole,CIDm00005029,CHEMBL1219,RABEPRAZOLE,unique_exact,high,1,resolved
467,pioglitazone,CIDm00004829,"","","","",2,ambiguous
468,carvedilol,CIDm00002585,CHEMBL723,CARVEDILOL,unique_exact,high,1,resolved
469,levofloxacin,CIDm00149096,CHEMBL5315124,LEVOFLOXACIN,canonical_name_disambiguation,high,2,resolved
470,micafungin,CIDm06602291,CHEMBL457547,MICAFUNGIN,unique_exact,high,1,resolved
471,doxepin,CIDm00003158,CHEMBL1628227,DOXEPIN,unique_exact,high,1,resolved
472,nefazodone,CIDm00004449,CHEMBL623,NEFAZODONE,unique_exact,high,1,resolved
473,cefprozil,CIDm05281006,CHEMBL3301800,CEFPROZIL,canonical_name_disambiguation,high,2,resolved
474,gemifloxacin,CIDm09571107,CHEMBL430,GEMIFLOXACIN,unique_exact,high,1,resolved
475,bupropion,CIDm00000444,CHEMBL894,BUPROPION,unique_exact,high,1,resolved
476,trimetrexate,CIDm00005582,CHEMBL119,TRIMETREXATE,unique_exact,high,1,resolved
477,terazosin,CIDm00005401,CHEMBL611,TERAZOSIN,unique_exact,high,1,resolved
478,ofloxacin,CIDm00004583,CHEMBL4,OFLOXACIN,unique_exact,high,1,resolved
479,cilostazol,CIDm00002754,CHEMBL799,CILOSTAZOL,unique_exact,high,1,resolved
480,itraconazole,CIDm00055283,"","","","",2,ambiguous
481,arsenic.trioxide,CIDm00014888,"","","","",2,ambiguous
482,escitalopram,CIDm00146570,CHEMBL1508,ESCITALOPRAM,unique_exact,high,1,resolved
483,idarubicin,CIDm00042890,CHEMBL1117,IDARUBICIN,unique_exact,high,1,resolved
484,podophyllotoxin,CIDm00010607,CHEMBL61,PODOFILOX,unique_exact,high,1,resolved
485,rescinnamine,CIDm05280954,CHEMBL1668,RESCINNAMINE,unique_exact,high,1,resolved
486,ifosfamide,CIDm00003690,CHEMBL1024,IFOSFAMIDE,unique_exact,high,1,resolved
487,propafenone,CIDm00004932,CHEMBL631,PROPAFENONE,unique_exact,high,1,resolved
488,pergolide,CIDm00047811,CHEMBL531,PERGOLIDE,unique_exact,high,1,resolved
489,ciclopirox,CIDm00002749,CHEMBL1413,CICLOPIROX,unique_exact,high,1,resolved
490,desflurane,CIDm00042113,CHEMBL1200733,DESFLURANE,unique_exact,high,1,resolved
491,clindamycin,CIDm00029029,CHEMBL1753,CLINDAMYCIN,canonical_name_disambiguation,high,2,resolved
492,acebutolol,CIDm00001978,CHEMBL642,ACEBUTOLOL,unique_exact,high,1,resolved
493,brinzolamide,CIDm00068844,CHEMBL220491,BRINZOLAMIDE,unique_exact,high,1,resolved
494,flecainide,CIDm00003355,CHEMBL652,FLECAINIDE,unique_exact,high,1,resolved
495,estramustine,CIDm00259331,CHEMBL1575,ESTRAMUSTINE,unique_exact,high,1,resolved
496,bromocriptine,CIDm00031100,CHEMBL493,BROMOCRIPTINE,unique_exact,high,1,resolved
497,levetiracetam,CIDm05284583,"","","","",2,ambiguous
498,nadolol,CIDm00039147,"","","","",2,ambiguous
499,mitoxantrone,CIDm00004212,CHEMBL58,MITOXANTRONE,unique_exact,high,1,resolved
500,sparfloxacin,CIDm00060464,CHEMBL850,SPARFLOXACIN,unique_exact,high,1,resolved
501,clarithromycin,CIDm00084029,CHEMBL1741,CLARITHROMYCIN,unique_exact,high,1,resolved
502,ceftriaxone,CIDm05479530,CHEMBL161,CEFTRIAXONE,unique_exact,high,1,resolved
503,estazolam,CIDm00003261,CHEMBL285674,ESTAZOLAM,unique_exact,high,1,resolved
504,finasteride,CIDm00057363,CHEMBL710,FINASTERIDE,unique_exact,high,1,resolved
505,anastrozole,CIDm00002187,CHEMBL1399,ANASTROZOLE,unique_exact,high,1,resolved
506,halofantrine,CIDm00037392,CHEMBL1107,HALOFANTRINE,unique_exact,high,1,resolved
507,dantrolene,CIDm06604100,CHEMBL1201288,DANTROLENE,unique_exact,high,1,resolved
508,rifaximin,CIDm06436173,CHEMBL1617,RIFAXIMIN,unique_exact,high,1,resolved
509,budesonide,CIDm05281004,"","","","",2,ambiguous
510,aminophylline,CIDm00009433,CHEMBL1370561,AMINOPHYLLINE,unique_exact,high,1,resolved
511,quetiapine,CIDm00005002,CHEMBL716,QUETIAPINE,unique_exact,high,1,resolved
512,paclitaxel,CIDm05352019,"","","","",2,ambiguous
513,saquinavir,CIDm00060934,CHEMBL114,SAQUINAVIR,unique_exact,high,1,resolved
514,dexamethasone,CIDm00005743,CHEMBL384467,DEXAMETHASONE,canonical_name_disambiguation,high,2,resolved
515,levodopa,CIDm00441193,"","","","",2,ambiguous
516,aripiprazole,CIDm00060795,"","","","",2,ambiguous
517,epoprostenol,CIDm05282411,CHEMBL1139,EPOPROSTENOL,unique_exact,high,1,resolved
518,gemfibrozil,CIDm00003463,CHEMBL457,GEMFIBROZIL,unique_exact,high,1,resolved
519,clomipramine,CIDm00002801,CHEMBL415,CLOMIPRAMINE,unique_exact,high,1,resolved
520,bepridil,CIDm00002351,CHEMBL1008,BEPRIDIL,unique_exact,high,1,resolved
521,docetaxel,CIDm00064780,CHEMBL3545252,DOCETAXEL,canonical_name_disambiguation,high,2,resolved
522,iodixanol,CIDm00003724,CHEMBL1200507,IODIXANOL,unique_exact,high,1,resolved
523,olsalazine,CIDm05462337,CHEMBL425,OLSALAZINE,unique_exact,high,1,resolved
524,dasatinib,CIDm03062316,CHEMBL1421,DASATINIB,unique_exact,high,1,resolved
525,lisdexamfetamine,CIDm11597697,CHEMBL1201222,LISDEXAMFETAMINE,unique_exact,high,1,resolved
526,lapatinib,CIDm00208908,CHEMBL554,LAPATINIB,canonical_name_disambiguation,high,2,resolved
527,desonide,CIDm00012536,CHEMBL1201109,DESONIDE,unique_exact,high,1,resolved
528,sitagliptin,CIDm04369359,CHEMBL1422,SITAGLIPTIN,unique_exact,high,1,resolved
529,decitabine,CIDm00451668,CHEMBL1201129,DECITABINE,unique_exact,high,1,resolved
530,posaconazole,CIDm00468595,"","","","",2,ambiguous
531,darunavir,CIDm00213039,CHEMBL1323,DARUNAVIR,unique_exact,high,1,resolved
532,telbivudine,CIDm00159269,CHEMBL374731,TELBIVUDINE,unique_exact,high,1,resolved
533,paliperidone,CIDm00115237,CHEMBL1621,PALIPERIDONE,unique_exact,high,1,resolved
534,sunitinib,CIDm05329102,CHEMBL535,SUNITINIB,unique_exact,high,1,resolved
535,varenicline,CIDm00170361,"","","","",2,ambiguous
536,hydralazine,CIDm00003637,CHEMBL276832,HYDRALAZINE,unique_exact,high,1,resolved
537,exenatide,CIDm16157882,"","","","",2,ambiguous
538,nelarabine,CIDm03011155,CHEMBL1201112,NELARABINE,unique_exact,high,1,resolved
539,corticotropin,CIDm16132265,"","","","",2,ambiguous
540,pirbuterol,CIDm00004845,CHEMBL1094966,PIRBUTEROL,unique_exact,high,1,resolved
541,insulin.aspart,CIDm16132418,"","","","",2,ambiguous
542,insulin.detemir,CIDm16137271,"","","","",2,ambiguous
543,fosamprenavir,CIDm00131535,CHEMBL1664,FOSAMPRENAVIR,unique_exact,high,1,resolved
544,fosphenytoin,CIDm00056338,CHEMBL1201336,FOSPHENYTOIN,unique_exact,high,1,resolved
545,cilazapril,CIDm00056329,CHEMBL515606,CILAZAPRIL,unique_exact,high,1,resolved
546,penbutolol,CIDm00037464,CHEMBL1290,PENBUTOLOL,unique_exact,high,1,resolved
547,iohexol,CIDm00003730,CHEMBL1200455,IOHEXOL,unique_exact,high,1,resolved
548,rasagiline,CIDm03052775,"","","","",2,ambiguous
549,sodium.bicarbonate,CIDm00000923,CHEMBL1353,SODIUM BICARBONATE,dot_normalized_exact,high,1,resolved
550,bezafibrate,CIDm00039042,CHEMBL264374,BEZAFIBRATE,unique_exact,high,1,resolved
551,colchicine,CIDm00006167,CHEMBL107,COLCHICINE,canonical_name_disambiguation,high,2,resolved
552,danazol,CIDm00028417,CHEMBL1479,DANAZOL,unique_exact,high,1,resolved
553,tiotropium.bromide,CIDm00060830,CHEMBL3545181,TIOTROPIUM BROMIDE,dot_normalized_exact,high,1,resolved
554,ciclesonide,CIDm06918155,CHEMBL2040682,CICLESONIDE,unique_exact,high,1,resolved
555,cefepime,CIDm05479537,CHEMBL186,CEFEPIME,unique_exact,high,1,resolved
556,colestyramine,CIDm70695640,"","","","",2,ambiguous
557,flunitrazepam,CIDm00003380,CHEMBL13280,FLUNITRAZEPAM,unique_exact,high,1,resolved
558,dihydrocodeine,CIDm05284543,CHEMBL1595,DIHYDROCODEINE,unique_exact,high,1,resolved
559,bromazepam,CIDm00002441,CHEMBL277062,BROMAZEPAM,unique_exact,high,1,resolved
560,ursodeoxycholic.acid,CIDm00031401,CHEMBL1551,URSODIOL,dot_normalized_exact,high,1,resolved
561,quazepam,CIDm00004999,CHEMBL1200472,QUAZEPAM,unique_exact,high,1,resolved
562,everolimus,CIDm06442177,"","","","",2,ambiguous
563,solifenacin,CIDm00154058,CHEMBL1734,SOLIFENACIN,unique_exact,high,1,resolved
564,tiaprofenic.acid,CIDm00005468,CHEMBL365795,TIAPROFENIC ACID,dot_normalized_exact,high,1,resolved
565,deferasirox,CIDm05493381,CHEMBL550348,DEFERASIROX,unique_exact,high,1,resolved
566,valganciclovir,CIDm00064147,CHEMBL1201314,VALGANCICLOVIR,unique_exact,high,1,resolved
567,roflumilast,CIDm00449193,CHEMBL193240,ROFLUMILAST,unique_exact,high,1,resolved
568,fusidic.acid,CIDm03000226,CHEMBL374975,FUSIDIC ACID,dot_normalized_exact,high,1,resolved
569,fotemustine,CIDm00104799,"","","","",2,ambiguous
570,thiotepa,CIDm00005453,"","","","",2,ambiguous
571,maraviroc,CIDm03002977,CHEMBL1201187,MARAVIROC,unique_exact,high,1,resolved
572,cyproterone,CIDm05284537,CHEMBL142130,CYPROTERONE,canonical_name_disambiguation,high,2,resolved
573,tetrabenazine,CIDm00006018,CHEMBL117785,TETRABENAZINE,unique_exact,high,1,resolved
574,ixabepilone,CIDm06445540,CHEMBL1201752,IXABEPILONE,unique_exact,high,1,resolved
575,febuxostat,CIDm00134018,"","","","",2,ambiguous
576,dronedarone,CIDm00208898,CHEMBL184412,DRONEDARONE,unique_exact,high,1,resolved
577,nebivolol,CIDm00071301,CHEMBL434394,NEBIVOLOL,unique_exact,high,1,resolved
578,nilotinib,CIDm00644241,CHEMBL255863,NILOTINIB,unique_exact,high,1,resolved
579,lorcaserin,CIDm11658859,CHEMBL360328,LORCASERIN,unique_exact,high,1,resolved
580,vildagliptin,CIDm06918537,CHEMBL142703,VILDAGLIPTIN,unique_exact,high,1,resolved
581,milnacipran,CIDm00055480,CHEMBL259209,MILNACIPRAN,unique_exact,high,1,resolved
582,nesiritide,CIDm25081014,"","","","",2,ambiguous
583,oritavancin,CIDm16136912,CHEMBL1688530,ORITAVANCIN,unique_exact,high,1,resolved
584,clevidipine,CIDm00153994,CHEMBL1237132,CLEVIDIPINE,unique_exact,high,1,resolved
585,ospemifene,CIDm03036505,CHEMBL2105395,OSPEMIFENE,unique_exact,high,1,resolved
586,iloperidone,CIDm00071360,CHEMBL14376,ILOPERIDONE,unique_exact,high,1,resolved
587,retigabine,CIDm00121892,CHEMBL41355,EZOGABINE,unique_exact,high,1,resolved
588,ingenol.mebutate,CIDm06918670,"","","","",2,ambiguous
589,belinostat,CIDm06918638,CHEMBL408513,BELINOSTAT,unique_exact,high,1,resolved
590,indacaterol,CIDm06918554,CHEMBL1095777,INDACATEROL,unique_exact,high,1,resolved
591,trabectedin,CIDm00108150,CHEMBL450449,TRABECTEDIN,unique_exact,high,1,resolved
592,glatiramer.acetate,CIDm03081884,CHEMBL1201507,GLATIRAMER ACETATE,dot_normalized_exact,high,1,resolved
593,rotigotine,CIDm00059226,CHEMBL1303,ROTIGOTINE,unique_exact,high,1,resolved
594,samarium.(153Sm).lexidronam,CIDm00023951,CHEMBL2096660,SAMARIUM SM 153 LEXIDRONAM PENTASODIUM,dot_normalized_exact,high,1,resolved
595,vandetanib,CIDm03081361,CHEMBL24828,VANDETANIB,unique_exact,high,1,resolved
596,ecallantide,CIDm44201343,"","","","",2,ambiguous
597,romiplostim,CIDm05329098,"","","","",2,ambiguous
598,dexlansoprazole,CIDm09578005,CHEMBL1201863,DEXLANSOPRAZOLE,unique_exact,high,1,resolved
599,telaprevir,CIDm03010818,CHEMBL231813,TELAPREVIR,unique_exact,high,1,resolved
600,mipomersen,CIDm44564107,"","","","",2,ambiguous
601,apremilast,CIDm11561674,CHEMBL514800,APREMILAST,unique_exact,high,1,resolved
602,ustekinumab,CIDm00121749,"","","","",2,ambiguous
603,abiraterone,CIDm00132971,"","","","",2,ambiguous
604,mianserin,CIDm00004184,CHEMBL6437,MIANSERIN,unique_exact,high,1,resolved
605,acetylcysteine,CIDm00012035,CHEMBL600,ACETYLCYSTEINE,unique_exact,high,1,resolved
606,romidepsin,CIDm05352062,CHEMBL343448,ROMIDEPSIN,unique_exact,high,1,resolved
607,rufinamide,CIDm00129228,CHEMBL1201754,RUFINAMIDE,unique_exact,high,1,resolved
608,lasofoxifene,CIDm00216416,CHEMBL328190,LASOFOXIFENE,unique_exact,high,1,resolved
609,tapentadol,CIDm09838021,CHEMBL1201776,TAPENTADOL,unique_exact,high,1,resolved
610,silodosin,CIDm05312125,CHEMBL24778,SILODOSIN,unique_exact,high,1,resolved
611,prasugrel,CIDm06918456,"","","","",2,ambiguous
612,eltrombopag,CIDm25181561,CHEMBL461101,ELTROMBOPAG,unique_exact,high,1,resolved
613,doripenem,CIDm00073303,CHEMBL491571,DORIPENEM,unique_exact,high,1,resolved
614,tolvaptan,CIDm00216237,"","","","",2,ambiguous
615,regadenoson,CIDm00219024,CHEMBL3989695,REGADENOSON,canonical_name_disambiguation,high,2,resolved
616,asenapine,CIDm00163091,CHEMBL3187365,ASENAPINE,canonical_name_disambiguation,high,2,resolved
617,vernakalant,CIDm09930048,CHEMBL2111112,VERNAKALANT,unique_exact,high,1,resolved
618,lacosamide,CIDm00219078,"","","","",2,ambiguous
619,dalbavancin,CIDm44567678,"","","","",2,ambiguous
620,rivaroxaban,CIDm09875401,CHEMBL198362,RIVAROXABAN,unique_exact,high,1,resolved
621,nalmefene,CIDm05284594,CHEMBL982,NALMEFENE,unique_exact,high,1,resolved
622,avanafil,CIDm09869929,CHEMBL1963681,AVANAFIL,unique_exact,high,1,resolved
623,eflornithine,CIDm00003009,CHEMBL830,EFLORNITHINE,unique_exact,high,1,resolved
624,droxidopa,CIDm00092974,CHEMBL2103827,DROXIDOPA,unique_exact,high,1,resolved
625,sitaxentan,CIDm00216235,CHEMBL282724,SITAXENTAN,unique_exact,high,1,resolved
626,ziconotide,CIDm16129690,"","","","",2,ambiguous
627,teriparatide,CIDm16129682,"","","","",2,ambiguous
628,temsirolimus,CIDm06918289,CHEMBL1201182,TEMSIROLIMUS,unique_exact,high,1,resolved
629,amisulpride,CIDm00002159,CHEMBL243712,AMISULPRIDE,unique_exact,high,1,resolved
630,simeprevir,CIDm24873435,CHEMBL501849,SIMEPREVIR,unique_exact,high,1,resolved
631,dapagliflozin,CIDm09887712,CHEMBL429910,DAPAGLIFLOZIN,unique_exact,high,1,resolved
632,bazedoxifene,CIDm00154256,CHEMBL46740,BAZEDOXIFENE,unique_exact,high,1,resolved
633,ambrisentan,CIDm06918493,"","","","",2,ambiguous
634,doxercalciferol,CIDm05281107,CHEMBL1200810,DOXERCALCIFEROL,unique_exact,high,1,resolved
635,armodafinil,CIDm09690109,CHEMBL1201192,ARMODAFINIL,unique_exact,high,1,resolved
636,etravirine,CIDm00193962,CHEMBL308954,ETRAVIRINE,unique_exact,high,1,resolved
637,prucalopride,CIDm03052762,CHEMBL117287,PRUCALOPRIDE,unique_exact,high,1,resolved
638,pazopanib,CIDm10113978,CHEMBL477772,PAZOPANIB,unique_exact,high,1,resolved
639,ceftaroline.fosamil,CIDm09852981,CHEMBL501122,CEFTAROLINE FOSAMIL,dot_normalized_exact,high,1,resolved
640,agomelatine,CIDm00082148,CHEMBL10878,AGOMELATINE,unique_exact,high,1,resolved
641,apixaban,CIDm10182969,CHEMBL231779,APIXABAN,unique_exact,high,1,resolved
642,bosutinib,CIDm05328940,CHEMBL288441,BOSUTINIB,unique_exact,high,1,resolved
643,axitinib,CIDm06450551,CHEMBL1289926,AXITINIB,unique_exact,high,1,resolved
644,fampridine,CIDm00001727,CHEMBL284348,DALFAMPRIDINE,unique_exact,high,1,resolved
645,ofatumumab,CIDm06918250,"","","","",2,ambiguous
646,liraglutide,CIDm16134956,"","","","",2,ambiguous
647,pasireotide,CIDm70788982,CHEMBL3349607,PASIREOTIDE,unique_exact,high,1,resolved
648,vilazodone,CIDm06918313,CHEMBL439849,VILAZODONE,unique_exact,high,1,resolved
649,dabigatran.etexilate,CIDm09578572,CHEMBL539697,DABIGATRAN ETEXILATE,dot_normalized_exact,high,1,resolved
650,betahistine,CIDm00002366,CHEMBL24441,BETAHISTINE,unique_exact,high,1,resolved
651,degarelix,CIDm16136245,CHEMBL415606,DEGARELIX,unique_exact,high,1,resolved
652,desvenlafaxine,CIDm00125017,CHEMBL1118,DESVENLAFAXINE,unique_exact,high,1,resolved
653,dexmethylphenidate,CIDm00154100,CHEMBL827,DEXMETHYLPHENIDATE,unique_exact,high,1,resolved
654,fesoterodine,CIDm06918558,CHEMBL1201764,FESOTERODINE,unique_exact,high,1,resolved
655,gadobutrol,CIDm09916860,CHEMBL2218860,GADOBUTROL,unique_exact,high,1,resolved
656,naphazoline,CIDm00004436,CHEMBL761,NAPHAZOLINE,unique_exact,high,1,resolved
657,buserelin,CIDm00050224,"","","","",2,ambiguous
658,betaine,CIDm00000247,CHEMBL95889,BETAINE,unique_exact,high,1,resolved
659,bendamustine,CIDm00065628,CHEMBL487253,BENDAMUSTINE,unique_exact,high,1,resolved
660,cabazitaxel,CIDm09854073,CHEMBL1201748,CABAZITAXEL,unique_exact,high,1,resolved
661,capsaicin,CIDm01548943,CHEMBL294199,CAPSAICIN,unique_exact,high,1,resolved
662,dalteparin,CIDm25244225,DRUGBANK:DB06779,Dalteparin,canonical_name_disambiguation,high,2,resolved
663,ganirelix,CIDm16130965,CHEMBL1251,GANIRELIX,canonical_name_disambiguation,high,2,resolved
664,histrelin,CIDm25077993,"","","","",2,ambiguous
665,lanreotide,CIDm00071348,"","","","",2,ambiguous
666,lanthanum.carbonate,CIDm00168924,"","","","",2,ambiguous
667,lodoxamide,CIDm00044563,CHEMBL1201266,LODOXAMIDE,unique_exact,high,1,resolved
668,methylnaltrexone.bromide,CIDm05361917,CHEMBL1201770,METHYLNALTREXONE BROMIDE,dot_normalized_exact,high,1,resolved
669,plerixafor,CIDm00065014,CHEMBL18442,PLERIXAFOR,unique_exact,high,1,resolved
670,raltegravir,CIDm23668479,CHEMBL254316,RALTEGRAVIR,unique_exact,high,1,resolved
671,sodium.phenylbutyrate,CIDm00004775,CHEMBL1746,SODIUM PHENYLBUTYRATE,dot_normalized_exact,high,1,resolved
672,triptorelin,CIDm25074470,CHEMBL1201334,TRIPTORELIN,unique_exact,high,1,resolved
673,lurasidone,CIDm00213046,"","","","",2,ambiguous
674,ticagrelor,CIDm09871419,CHEMBL398435,TICAGRELOR,unique_exact,high,1,resolved
675,tafluprost,CIDm09868491,CHEMBL1963683,TAFLUPROST,unique_exact,high,1,resolved
676,ivacaftor,CIDm16220172,CHEMBL2010601,IVACAFTOR,unique_exact,high,1,resolved
677,iodine.ioflupane.(123I),CIDm03086674,CHEMBL3989517,IOFLUPANE I 123,dot_normalized_exact,high,1,resolved
678,vismodegib,CIDm24776445,CHEMBL473417,VISMODEGIB,unique_exact,high,1,resolved
679,rilpivirine,CIDm06451164,CHEMBL175691,RILPIVIRINE,unique_exact,high,1,resolved
680,crizotinib,CIDm11626560,CHEMBL601719,CRIZOTINIB,unique_exact,high,1,resolved
681,ulipristal,CIDm13559281,CHEMBL2103846,ULIPRISTAL,unique_exact,high,1,resolved
682,fingolimod,CIDm00107969,CHEMBL314854,FINGOLIMOD,canonical_name_disambiguation,high,2,resolved
683,tesamorelin,CIDm44201342,"","","","",2,ambiguous
684,eribulin,CIDm53320414,CHEMBL1683590,ERIBULIN,unique_exact,high,1,resolved
685,boceprevir,CIDm10324367,CHEMBL218394,BOCEPREVIR,unique_exact,high,1,resolved
686,fidaxomicin,CIDm10034073,CHEMBL1255800,FIDAXOMICIN,unique_exact,high,1,resolved
687,cabozantinib,CIDm25102847,CHEMBL2105717,CABOZANTINIB,unique_exact,high,1,resolved
688,ruxolitinib,CIDm25126797,CHEMBL1789941,RUXOLITINIB,unique_exact,high,1,resolved
689,teriflunomide,CIDm54684141,CHEMBL973,TERIFLUNOMIDE,unique_exact,high,1,resolved
690,vemurafenib,CIDm42611257,CHEMBL1229517,VEMURAFENIB,unique_exact,high,1,resolved
691,linagliptin,CIDm10096344,CHEMBL237500,LINAGLIPTIN,unique_exact,high,1,resolved
692,perampanel,CIDm09924495,CHEMBL1214124,PERAMPANEL,unique_exact,high,1,resolved
693,carfilzomib,CIDm11556711,CHEMBL451887,CARFILZOMIB,unique_exact,high,1,resolved
694,mirabegron,CIDm09865528,CHEMBL2095212,MIRABEGRON,unique_exact,high,1,resolved
695,tofacitinib,CIDm09926791,CHEMBL221959,TOFACITINIB,unique_exact,high,1,resolved
696,regorafenib,CIDm11167602,CHEMBL1946170,REGORAFENIB,unique_exact,high,1,resolved
697,aclidinium.bromide,CIDm11467166,CHEMBL551466,ACLIDINIUM BROMIDE,dot_normalized_exact,high,1,resolved
698,enzalutamide,CIDm15951529,CHEMBL1082407,ENZALUTAMIDE,unique_exact,high,1,resolved
699,teduglutide,CIDm70683012,"","","","",2,ambiguous
700,ponatinib,CIDm24826799,CHEMBL1171837,PONATINIB,unique_exact,high,1,resolved
701,bedaquiline,CIDm05388906,CHEMBL376488,BEDAQUILINE,unique_exact,high,1,resolved
702,fluticasone.furoate,CIDm09854489,CHEMBL1676,FLUTICASONE FUROATE,dot_normalized_exact,high,1,resolved
703,canagliflozin,CIDm24812758,CHEMBL4594217,CANAGLIFLOZIN,canonical_name_disambiguation,high,2,resolved
704,glycerol.phenylbutyrate,CIDm10482134,CHEMBL2105745,GLYCEROL PHENYLBUTYRATE,dot_normalized_exact,high,1,resolved
705,pomalidomide,CIDm00134780,CHEMBL43452,POMALIDOMIDE,unique_exact,high,1,resolved
706,trametinib,CIDm11707110,CHEMBL2103875,TRAMETINIB,unique_exact,high,1,resolved
707,dabrafenib,CIDm44462760,CHEMBL2028663,DABRAFENIB,unique_exact,high,1,resolved
708,radium.(223Ra).dichloride,CIDm06328144,CHEMBL2107816,RADIUM RA 223 DICHLORIDE,dot_normalized_exact,high,1,resolved
709,afatinib,CIDm10184653,CHEMBL1173655,AFATINIB,unique_exact,high,1,resolved
710,dolutegravir,CIDm46216142,CHEMBL1229211,DOLUTEGRAVIR,unique_exact,high,1,resolved
711,riociguat,CIDm11304743,CHEMBL2107834,RIOCIGUAT,unique_exact,high,1,resolved
712,macitentan,CIDm16004692,CHEMBL2103873,MACITENTAN,unique_exact,high,1,resolved
713,sofosbuvir,CIDm45375808,CHEMBL1259059,SOFOSBUVIR,unique_exact,high,1,resolved
714,iopamidol,CIDm00065492,CHEMBL1200932,IOPAMIDOL,unique_exact,high,1,resolved
715,aliskiren,CIDm05493444,CHEMBL1639,ALISKIREN,unique_exact,high,1,resolved
716,vorapaxar,CIDm10077129,CHEMBL493982,VORAPAXAR,unique_exact,high,1,resolved
717,suvorexant,CIDm24965990,CHEMBL1083659,SUVOREXANT,unique_exact,high,1,resolved
718,empagliflozin,CIDm11949646,CHEMBL2107830,EMPAGLIFLOZIN,unique_exact,high,1,resolved
719,eliglustat,CIDm23652731,CHEMBL2110588,ELIGLUSTAT,unique_exact,high,1,resolved
720,ibrutinib,CIDm24821094,CHEMBL1873475,IBRUTINIB,unique_exact,high,1,resolved
721,cobicistat,CIDm25151504,CHEMBL2095208,COBICISTAT,unique_exact,high,1,resolved
722,vortioxetine,CIDm09966051,CHEMBL2104993,VORTIOXETINE,unique_exact,high,1,resolved
723,tasimelteon,CIDm10220503,CHEMBL2103822,TASIMELTEON,unique_exact,high,1,resolved
724,sodium.oxybate,CIDm00010413,CHEMBL1200682,SODIUM OXYBATE,dot_normalized_exact,high,1,resolved
725,umeclidinium.bromide,CIDm11519069,CHEMBL523299,UMECLIDINIUM BROMIDE,dot_normalized_exact,high,1,resolved
726,olodaterol,CIDm11504294,CHEMBL605846,OLODATEROL,unique_exact,high,1,resolved
727,pinaverium,CIDm00040703,CHEMBL1909324,PINAVERIUM,unique_exact,high,1,resolved
728,benzoyl.peroxide,CIDm00007187,CHEMBL1200370,BENZOYL PEROXIDE,dot_normalized_exact,high,1,resolved
729,elvitegravir,CIDm05277135,CHEMBL204656,ELVITEGRAVIR,unique_exact,high,1,resolved
730,mesna,CIDm00000598,CHEMBL975,MESNA,unique_exact,high,1,resolved
731,saccharated.iron.oxide,CIDm06850789,"","","","",2,ambiguous
732,florbetapir.(18F),CIDm24822371,CHEMBL1774461,FLORBETAPIR F 18,dot_normalized_exact,high,1,resolved
733,flutemetamol.(18F),CIDm15950376,CHEMBL2042122,FLUTEMETAMOL F 18,dot_normalized_exact,high,1,resolved
734,iopromide,CIDm00003736,CHEMBL1725,IOPROMIDE,unique_exact,high,1,resolved
735,technetium.(99mTc).tetrofosmin,CIDm00004274,"","","","",0,unmatched
736,technetium.(99mTc).exametazime,CIDm00023957,DRUGBANK:DB09163,Technetium Tc-99m exametazime,dot_normalized_exact,high,1,resolved
737,nicorandil,CIDm00047528,CHEMBL284906,NICORANDIL,unique_exact,high,1,resolved
738,sodium.aurothiomalate,CIDm00022318,DRUGBANK:DB09276,Sodium aurothiomalate,dot_normalized_exact,high,2,resolved
739,sodium.phosphate,CIDm00001003,CHEMBL1060,SODIUM PHOSPHATE,dot_normalized_exact,high,1,resolved
740,iotrolan,CIDm00003738,"","","","",0,unmatched
741,secretin,CIDm16129665,CHEMBL3039582,SECRETIN,canonical_name_disambiguation,high,2,resolved
742,desirudin,CIDm16129703,"","","","",2,ambiguous
743,temoporfin,CIDm00060751,CHEMBL383675,TEMOPORFIN,canonical_name_disambiguation,high,2,resolved
744,colestilan,CIDm00065840,"","","","",2,ambiguous
745,tropisetron,CIDm00072165,CHEMBL56564,TROPISETRON,unique_exact,high,1,resolved
746,clobetasol,CIDm00032797,CHEMBL1201362,CLOBETASOL,canonical_name_disambiguation,high,2,resolved
747,clobetasone,CIDm00071386,DRUGBANK:DB13158,Clobetasone,canonical_name_disambiguation,high,2,resolved
748,atracurium,CIDm00047319,"","","","",2,ambiguous
749,mifamurtide,CIDm11672602,"","","","",2,ambiguous
750,fluticasone,CIDm05311101,"","","","",3,ambiguous
751,candesartan,CIDm00002541,CHEMBL1016,CANDESARTAN,unique_exact,high,1,resolved
752,mometasone,CIDm00441335,CHEMBL1201404,MOMETASONE,unique_exact,high,1,resolved
753,tedizolid,CIDm11234049,CHEMBL1257051,TEDIZOLID,unique_exact,high,1,resolved
754,hydroxyprogesterone,CIDm00006238,CHEMBL1062,HYDROXYPROGESTERONE,canonical_name_disambiguation,high,2,resolved
755,eslicarbazepine,CIDm09881504,CHEMBL315985,ESLICARBAZEPINE,unique_exact,high,1,resolved
756,ceftobiprole.medocaril,CIDm12993649,"","","","",3,ambiguous
