matrix_index,drug_name,stitch_id,stitch_found,distinct_stitch_inchikey_count,optimuskg_structure_match_count,optimuskg_structure_match_ids,structure_status
0,lepirudin,CIDm16132441,true,3,0,[],stitch_found_no_optimuskg_match
1,bivalirudin,CIDm16129704,true,9,1,"[""DRUGBANK:DB00006""]",unique_structure_match
2,leuprorelin,CIDm00657180,false,0,0,[],stitch_not_found
3,goserelin,CIDm00047725,true,20,2,"[""CHEMBL1200501"",""CHEMBL1201247""]",multiple_structure_matches
4,erythropoietin,CIDm05288169,false,0,0,[],stitch_not_found
5,insulin,CIDm16129672,true,3,0,[],stitch_found_no_optimuskg_match
6,desmopressin,CIDm05311065,false,0,0,[],stitch_not_found
7,insulin.lispro,CIDm16132438,true,2,0,[],stitch_found_no_optimuskg_match
8,insulin.glargine,CIDm44146714,true,1,0,[],stitch_found_no_optimuskg_match
9,rasburicase,CIDm00474409,false,0,0,[],stitch_not_found
10,albumin,CIDm00006432,true,9,1,"[""CHEMBL1663""]",unique_structure_match
11,eptifibatide,CIDm00448812,false,0,0,[],stitch_not_found
12,muromonab-CD3,CIDm00083030,true,2,0,[],stitch_found_no_optimuskg_match
13,daptomycin,CIDm16129688,false,0,0,[],stitch_not_found
14,ciclosporin,CIDm05280754,false,0,0,[],stitch_not_found
15,urofollitropin,CIDm00062819,true,5,0,[],stitch_found_no_optimuskg_match
16,octreotide,CIDm00054373,true,46,3,"[""CHEMBL1200480"",""CHEMBL1680"",""CHEMBL3545066""]",multiple_structure_matches
17,interferon.alfa-2b,CIDm71306834,true,1,0,[],stitch_found_no_optimuskg_match
18,abarelix,CIDm16131215,true,5,1,"[""CHEMBL1252""]",unique_structure_match
19,oxytocin,CIDm00005771,true,21,2,"[""CHEMBL395429"",""DRUGBANK:DB00107""]",equivalent_structure_group
20,enfuvirtide,CIDm16130199,true,3,2,"[""CHEMBL525076"",""DRUGBANK:DB00109""]",equivalent_structure_group
21,glutamine,CIDm00005961,false,0,0,[],stitch_not_found
22,calcitriol,CIDm05280453,false,0,0,[],stitch_not_found
23,pravastatin,CIDm00054687,false,0,0,[],stitch_not_found
24,fluvoxamine,CIDm05324345,false,0,0,[],stitch_not_found
25,valsartan,CIDm00060846,false,0,0,[],stitch_not_found
26,ramipril,CIDm05362129,false,0,0,[],stitch_not_found
27,flunisolide,CIDm00082153,false,0,0,[],stitch_not_found
28,baclofen,CIDm00002284,true,15,2,"[""CHEMBL301742"",""CHEMBL701""]",multiple_structure_matches
29,nicotine,CIDm00089594,false,0,0,[],stitch_not_found
30,cevimeline,CIDm00083898,false,0,0,[],stitch_not_found
31,lorazepam,CIDm00003958,true,13,1,"[""CHEMBL580""]",unique_structure_match
32,esmolol,CIDm00059768,true,15,2,"[""CHEMBL1201115"",""CHEMBL768""]",multiple_structure_matches
33,bortezomib,CIDm00387447,false,0,0,[],stitch_not_found
34,tramadol,CIDm00033741,false,0,0,[],stitch_not_found
35,betaxolol,CIDm00002369,true,113,4,"[""CHEMBL1200837"",""CHEMBL1201274"",""CHEMBL1691"",""CHEMBL423""]",multiple_structure_matches
36,fluconazole,CIDm00003365,true,24,1,"[""CHEMBL106""]",unique_structure_match
37,oseltamivir,CIDm00065028,false,0,0,[],stitch_not_found
38,caffeine,CIDm00002519,true,75,2,"[""CHEMBL113"",""CHEMBL1200569""]",multiple_structure_matches
39,sildenafil,CIDm00005212,true,56,2,"[""CHEMBL1737"",""CHEMBL192""]",multiple_structure_matches
40,dofetilide,CIDm00071329,true,6,1,"[""CHEMBL473""]",unique_structure_match
41,azithromycin,CIDm00447043,false,0,0,[],stitch_not_found
42,trospium,CIDm00005596,true,22,0,[],stitch_found_no_optimuskg_match
43,adapalene,CIDm00060164,true,14,1,"[""CHEMBL1265""]",unique_structure_match
44,midodrine,CIDm00004195,true,12,2,"[""CHEMBL1200461"",""CHEMBL1201212""]",multiple_structure_matches
45,pantoprazole,CIDm00004679,true,151,2,"[""CHEMBL1502"",""CHEMBL3989559""]",multiple_structure_matches
46,torasemide,CIDm00041781,true,11,1,"[""CHEMBL1148""]",unique_structure_match
47,citalopram,CIDm00002771,true,67,4,"[""CHEMBL1200322"",""CHEMBL1200781"",""CHEMBL1508"",""CHEMBL549""]",multiple_structure_matches
48,eletriptan,CIDm00077993,true,55,2,"[""CHEMBL1201003"",""CHEMBL1510""]",multiple_structure_matches
49,moxifloxacin,CIDm00101526,false,0,0,[],stitch_not_found
50,nelfinavir,CIDm00064142,false,0,0,[],stitch_not_found
51,glimepiride,CIDm00003476,true,14,0,[],stitch_found_no_optimuskg_match
52,indinavir,CIDm05362440,false,0,0,[],stitch_not_found
53,lovastatin,CIDm00053232,false,0,0,[],stitch_not_found
54,pregabalin,CIDm05486971,false,0,0,[],stitch_not_found
55,temazepam,CIDm00005391,true,11,1,"[""CHEMBL967""]",unique_structure_match
56,reboxetine,CIDm00065856,true,47,3,"[""CHEMBL14370"",""CHEMBL180101"",""CHEMBL383921""]",multiple_structure_matches
57,nevirapine,CIDm00004463,true,18,1,"[""CHEMBL57""]",unique_structure_match
58,cladribine,CIDm00020279,false,0,0,[],stitch_not_found
59,ranolazine,CIDm00056959,true,174,1,"[""CHEMBL1404""]",unique_structure_match
60,mesalazine,CIDm00004075,true,22,1,"[""CHEMBL704""]",unique_structure_match
61,ziprasidone,CIDm00060853,true,58,3,"[""CHEMBL1375743"",""CHEMBL3989833"",""CHEMBL708""]",multiple_structure_matches
62,cabergoline,CIDm00054746,false,0,0,[],stitch_not_found
63,dapsone,CIDm00002955,true,10,1,"[""CHEMBL1043""]",unique_structure_match
64,terconazole,CIDm00441383,false,0,0,[],stitch_not_found
65,phenytoin,CIDm00001775,true,32,2,"[""CHEMBL16"",""CHEMBL1611""]",multiple_structure_matches
66,doxycycline,CIDm54671203,false,0,0,[],stitch_not_found
67,anagrelide,CIDm00002182,true,11,2,"[""CHEMBL1200759"",""CHEMBL760""]",multiple_structure_matches
68,carmustine,CIDm00002578,true,6,1,"[""CHEMBL513""]",unique_structure_match
69,metoprolol,CIDm00004171,true,208,4,"[""CHEMBL13"",""CHEMBL2062335"",""CHEMBL2356097"",""CHEMBL3989566""]",multiple_structure_matches
70,ropinirole,CIDm00005095,true,59,2,"[""CHEMBL1200411"",""CHEMBL589""]",multiple_structure_matches
71,isradipine,CIDm00003784,true,10,1,"[""CHEMBL1648""]",unique_structure_match
72,topiramate,CIDm05284627,false,0,0,[],stitch_not_found
73,olmesartan.medoxomil,CIDm00158781,true,4,1,"[""CHEMBL1516""]",unique_structure_match
74,amsacrine,CIDm00002179,true,12,1,"[""CHEMBL43""]",unique_structure_match
75,theophylline,CIDm00002153,true,79,1,"[""CHEMBL190""]",unique_structure_match
76,argatroban,CIDm00092721,false,0,0,[],stitch_not_found
77,lidocaine,CIDm00003676,true,32,2,"[""CHEMBL1200409"",""CHEMBL79""]",multiple_structure_matches
78,pamidronic.acid,CIDm00004673,true,30,2,"[""CHEMBL3989401"",""CHEMBL834""]",multiple_structure_matches
79,venlafaxine,CIDm00005656,true,279,2,"[""CHEMBL1201066"",""CHEMBL637""]",multiple_structure_matches
80,conjugated.estrogens,CIDm00168708,false,0,0,[],stitch_not_found
81,travoprost,CIDm05282226,false,0,0,[],stitch_not_found
82,atomoxetine,CIDm00054840,true,130,2,"[""CHEMBL1702"",""CHEMBL641""]",multiple_structure_matches
83,bleomycin,CIDm05360373,false,0,0,[],stitch_not_found
84,chlorambucil,CIDm00002708,true,8,1,"[""CHEMBL515""]",unique_structure_match
85,raltitrexed,CIDm00104758,true,9,1,"[""CHEMBL225071""]",unique_structure_match
86,etonogestrel,CIDm06917715,false,0,0,[],stitch_not_found
87,morphine,CIDm05288826,false,0,0,[],stitch_not_found
88,ropivacaine,CIDm00175804,false,0,0,[],stitch_not_found
89,bupivacaine,CIDm00002474,true,44,4,"[""CHEMBL1098"",""CHEMBL1200396"",""CHEMBL1200749"",""CHEMBL1201193""]",multiple_structure_matches
90,penciclovir,CIDm00004725,true,14,2,"[""CHEMBL1540"",""CHEMBL2079793""]",multiple_structure_matches
91,tenofovir.disoproxil,CIDm05481350,false,0,0,[],stitch_not_found
92,flucloxacillin,CIDm00021319,false,0,0,[],stitch_not_found
93,tranexamic.acid,CIDm00005526,true,10,0,[],stitch_found_no_optimuskg_match
94,ertapenem,CIDm00150610,true,40,1,"[""CHEMBL1359""]",unique_structure_match
95,bexarotene,CIDm00082146,true,9,1,"[""CHEMBL1023""]",unique_structure_match
96,ibutilide,CIDm00060752,true,24,2,"[""CHEMBL2355456"",""CHEMBL533""]",multiple_structure_matches
97,chlortalidone,CIDm00002732,true,6,2,"[""CHEMBL1055"",""CHEMBL402262""]",multiple_structure_matches
98,valproic.acid,CIDm00003121,true,63,4,"[""CHEMBL109"",""CHEMBL2105613"",""CHEMBL2315212"",""CHEMBL433""]",multiple_structure_matches
99,zolmitriptan,CIDm00060857,false,0,0,[],stitch_not_found
100,paracetamol,CIDm00001983,true,46,1,"[""CHEMBL112""]",unique_structure_match
101,gefitinib,CIDm00123631,true,92,1,"[""CHEMBL939""]",unique_structure_match
102,piperacillin,CIDm00043672,false,0,0,[],stitch_not_found
103,dihydroergotamine,CIDm00010531,false,0,0,[],stitch_not_found
104,tolcapone,CIDm04659569,true,4,1,"[""CHEMBL1324""]",unique_structure_match
105,hydromorphone,CIDm05284570,false,0,0,[],stitch_not_found
106,indometacin,CIDm00003715,true,36,2,"[""CHEMBL3989410"",""CHEMBL6""]",multiple_structure_matches
107,metformin,CIDm00004091,true,43,2,"[""CHEMBL1431"",""CHEMBL1703""]",multiple_structure_matches
108,ipratropium.bromide,CIDm00003746,true,87,0,[],stitch_found_no_optimuskg_match
109,olanzapine,CIDm00004585,true,91,0,[],stitch_found_no_optimuskg_match
110,atenolol,CIDm00002249,true,23,3,"[""CHEMBL1230004"",""CHEMBL24"",""CHEMBL343633""]",multiple_structure_matches
111,pimecrolimus,CIDm06509979,false,0,0,[],stitch_not_found
112,omeprazole,CIDm00004594,true,190,5,"[""CHEMBL1200470"",""CHEMBL1201320"",""CHEMBL1503"",""CHEMBL1567328"",""CHEMBL2105294""]",multiple_structure_matches
113,cetirizine,CIDm01548999,false,0,0,[],stitch_not_found
114,diltiazem,CIDm00039186,false,0,0,[],stitch_not_found
115,alfuzosin,CIDm00002092,true,86,2,"[""CHEMBL1723"",""CHEMBL709""]",multiple_structure_matches
116,nitisinone,CIDm00115355,true,3,1,"[""CHEMBL1337""]",unique_structure_match
117,clobazam,CIDm00002789,true,3,1,"[""CHEMBL70418""]",unique_structure_match
118,megestrol,CIDm00019090,true,9,0,[],stitch_found_no_optimuskg_match
119,aztreonam,CIDm05742832,false,0,0,[],stitch_not_found
120,sapropterin,CIDm00044257,false,0,0,[],stitch_not_found
121,vinorelbine,CIDm00060779,false,0,0,[],stitch_not_found
122,anidulafungin,CIDm00166548,true,26,1,"[""CHEMBL264241""]",unique_structure_match
123,clozapine,CIDm00002818,true,24,0,[],stitch_found_no_optimuskg_match
124,levonorgestrel,CIDm00013109,false,0,0,[],stitch_not_found
125,cidofovir,CIDm00466146,false,0,0,[],stitch_not_found
126,mirtazapine,CIDm00004205,true,37,3,"[""CHEMBL1366933"",""CHEMBL2107339"",""CHEMBL654""]",multiple_structure_matches
127,timolol,CIDm00033624,false,0,0,[],stitch_not_found
128,treprostinil,CIDm06918140,false,0,0,[],stitch_not_found
129,palonosetron,CIDm06337614,false,0,0,[],stitch_not_found
130,mexiletine,CIDm00004178,true,20,3,"[""CHEMBL1200606"",""CHEMBL147507"",""CHEMBL558""]",multiple_structure_matches
131,dexrazoxane,CIDm00071384,false,0,0,[],stitch_not_found
132,amlodipine,CIDm00002162,true,108,4,"[""CHEMBL1200984"",""CHEMBL1491"",""CHEMBL2111097"",""CHEMBL4594288""]",multiple_structure_matches
133,digoxin,CIDm02724385,false,0,0,[],stitch_not_found
134,nimodipine,CIDm00004497,true,6,1,"[""CHEMBL1428""]",unique_structure_match
135,beclometasone,CIDm00020469,false,0,0,[],stitch_not_found
136,progesterone,CIDm00005994,false,0,0,[],stitch_not_found
137,sorafenib,CIDm00216239,true,62,3,"[""CHEMBL1200485"",""CHEMBL1336"",""CHEMBL4297490""]",multiple_structure_matches
138,zoledronic.acid,CIDm00068740,true,38,2,"[""CHEMBL4303669"",""CHEMBL924""]",multiple_structure_matches
139,nisoldipine,CIDm00004499,true,19,1,"[""CHEMBL1726""]",unique_structure_match
140,eszopiclone,CIDm00969472,false,0,0,[],stitch_not_found
141,alprazolam,CIDm00002118,true,11,1,"[""CHEMBL661""]",unique_structure_match
142,loxapine,CIDm00003964,true,10,3,"[""CHEMBL1201060"",""CHEMBL1201155"",""CHEMBL831""]",multiple_structure_matches
143,mupirocin,CIDm00446596,false,0,0,[],stitch_not_found
144,rosiglitazone,CIDm00077998,true,85,2,"[""CHEMBL121"",""CHEMBL843""]",multiple_structure_matches
145,pramipexole,CIDm00119569,false,0,0,[],stitch_not_found
146,miglustat,CIDm00051634,true,41,2,"[""CHEMBL1029"",""CHEMBL1086997""]",multiple_structure_matches
147,methylphenidate,CIDm00004158,true,50,4,"[""CHEMBL1722"",""CHEMBL796"",""CHEMBL827"",""CHEMBL904""]",multiple_structure_matches
148,hyoscyamine,CIDm00003661,true,101,0,[],stitch_found_no_optimuskg_match
149,zolpidem,CIDm00005732,true,193,2,"[""CHEMBL3989820"",""CHEMBL911""]",multiple_structure_matches
150,famciclovir,CIDm00003324,true,6,1,"[""CHEMBL880""]",unique_structure_match
151,streptozocin,CIDm00029327,false,0,0,[],stitch_not_found
152,allopurinol,CIDm00002094,true,11,2,"[""CHEMBL1200477"",""CHEMBL1467""]",multiple_structure_matches
153,ceftazidime,CIDm05481173,false,0,0,[],stitch_not_found
154,cerivastatin,CIDm00446156,false,0,0,[],stitch_not_found
155,trimethoprim,CIDm00005578,true,25,3,"[""CHEMBL1201080"",""CHEMBL2110367"",""CHEMBL22""]",multiple_structure_matches
156,gemcitabine,CIDm00060749,false,0,0,[],stitch_not_found
157,entecavir,CIDm00153941,true,58,2,"[""CHEMBL5314362"",""CHEMBL713""]",multiple_structure_matches
158,teniposide,CIDm00452548,false,0,0,[],stitch_not_found
159,epirubicin,CIDm00041867,false,0,0,[],stitch_not_found
160,lansoprazole,CIDm00003883,true,72,2,"[""CHEMBL1201863"",""CHEMBL480""]",multiple_structure_matches
161,loratadine,CIDm00003957,true,14,1,"[""CHEMBL998""]",unique_structure_match
162,prazosin,CIDm00004893,true,75,2,"[""CHEMBL1558"",""CHEMBL2""]",multiple_structure_matches
163,imipramine,CIDm00003696,true,20,2,"[""CHEMBL11"",""CHEMBL1692""]",multiple_structure_matches
164,acitretin,CIDm05284513,false,0,0,[],stitch_not_found
165,verteporfin,CIDm05362420,true,6,0,[],stitch_found_no_optimuskg_match
166,nabumetone,CIDm00004409,true,6,1,"[""CHEMBL1070""]",unique_structure_match
167,ketorolac,CIDm00003826,true,16,1,"[""CHEMBL469""]",unique_structure_match
168,montelukast,CIDm05281040,false,0,0,[],stitch_not_found
169,fluoxetine,CIDm00003386,true,85,4,"[""CHEMBL1169388"",""CHEMBL1201082"",""CHEMBL153036"",""CHEMBL41""]",multiple_structure_matches
170,duloxetine,CIDm00060834,true,101,2,"[""CHEMBL1175"",""CHEMBL1200328""]",multiple_structure_matches
171,rimantadine,CIDm00005071,true,17,2,"[""CHEMBL535396"",""CHEMBL959""]",multiple_structure_matches
172,lenalidomide,CIDm00216326,true,99,1,"[""CHEMBL848""]",unique_structure_match
173,raloxifene,CIDm00005035,true,43,2,"[""CHEMBL1116"",""CHEMBL81""]",multiple_structure_matches
174,celecoxib,CIDm00002662,true,30,1,"[""CHEMBL118""]",unique_structure_match
175,brimonidine,CIDm00002435,true,15,2,"[""CHEMBL2062257"",""CHEMBL844""]",multiple_structure_matches
176,dicloxacillin,CIDm00018381,false,0,0,[],stitch_not_found
177,nabilone,CIDm00039860,true,54,2,"[""CHEMBL2218896"",""CHEMBL947""]",multiple_structure_matches
178,sotalol,CIDm00005253,true,17,2,"[""CHEMBL1700"",""CHEMBL471""]",multiple_structure_matches
179,buspirone,CIDm00002477,true,14,2,"[""CHEMBL1200399"",""CHEMBL49""]",multiple_structure_matches
180,fosinopril,CIDm00055891,false,0,0,[],stitch_not_found
181,entacapone,CIDm05281081,false,0,0,[],stitch_not_found
182,zidovudine,CIDm00035370,false,0,0,[],stitch_not_found
183,darifenacin,CIDm00444030,false,0,0,[],stitch_not_found
184,oxycodone,CIDm05284603,false,0,0,[],stitch_not_found
185,flutamide,CIDm00003397,true,6,1,"[""CHEMBL806""]",unique_structure_match
186,cimetidine,CIDm00002756,true,15,2,"[""CHEMBL1201051"",""CHEMBL30""]",multiple_structure_matches
187,haloperidol,CIDm00003559,true,16,2,"[""CHEMBL4297147"",""CHEMBL54""]",multiple_structure_matches
188,ritonavir,CIDm00392622,false,0,0,[],stitch_not_found
189,nitazoxanide,CIDm00041684,true,3,1,"[""CHEMBL1401""]",unique_structure_match
190,vancomycin,CIDm00014969,false,0,0,[],stitch_not_found
191,dextromethorphan,CIDm05360696,false,0,0,[],stitch_not_found
192,albendazole,CIDm00002082,true,8,1,"[""CHEMBL1483""]",unique_structure_match
193,trandolapril,CIDm05484727,false,0,0,[],stitch_not_found
194,caspofungin,CIDm02826718,false,0,0,[],stitch_not_found
195,alitretinoin,CIDm00449171,false,0,0,[],stitch_not_found
196,metolazone,CIDm00004170,true,10,1,"[""CHEMBL878""]",unique_structure_match
197,oxaliplatin,CIDm00004609,true,74,4,"[""DRUGBANK:DB00526"",""DRUGBANK:DB00958"",""DRUGBANK:DB12257"",""DRUGBANK:DB13145""]",multiple_structure_matches
198,lercanidipine,CIDm00065866,true,33,2,"[""CHEMBL2106419"",""CHEMBL250270""]",multiple_structure_matches
199,foscarnet,CIDm00003414,true,31,2,"[""CHEMBL666"",""CHEMBL754""]",multiple_structure_matches
200,erlotinib,CIDm00176870,true,67,2,"[""CHEMBL1079742"",""CHEMBL553""]",multiple_structure_matches
201,cyclophosphamide,CIDm00002907,true,190,2,"[""CHEMBL1200796"",""CHEMBL88""]",multiple_structure_matches
202,rofecoxib,CIDm00005090,true,15,1,"[""CHEMBL122""]",unique_structure_match
203,ciprofloxacin,CIDm00002764,true,47,2,"[""CHEMBL1202"",""CHEMBL8""]",multiple_structure_matches
204,gadoversetamide,CIDm00444013,true,3,0,[],stitch_found_no_optimuskg_match
205,toremifene,CIDm03005572,false,0,0,[],stitch_not_found
206,vincristine,CIDm06324671,false,0,0,[],stitch_not_found
207,benazepril,CIDm05362123,false,0,0,[],stitch_not_found
208,fluorouracil,CIDm00003385,true,20,1,"[""CHEMBL185""]",unique_structure_match
209,pyridostigmine,CIDm00004991,true,9,2,"[""CHEMBL1115"",""CHEMBL812""]",multiple_structure_matches
210,azelaic.acid,CIDm00002266,true,37,1,"[""CHEMBL1238""]",unique_structure_match
211,zafirlukast,CIDm00005717,true,142,1,"[""CHEMBL603""]",unique_structure_match
212,pentostatin,CIDm00439693,false,0,0,[],stitch_not_found
213,piroxicam,CIDm23690938,true,23,1,"[""CHEMBL527""]",unique_structure_match
214,lamotrigine,CIDm00003878,true,15,1,"[""CHEMBL741""]",unique_structure_match
215,zanamivir,CIDm00060855,false,0,0,[],stitch_not_found
216,bosentan,CIDm00104865,true,51,1,"[""CHEMBL957""]",unique_structure_match
217,tigecycline,CIDm54686904,false,0,0,[],stitch_not_found
218,methotrexate,CIDm00126941,false,0,0,[],stitch_not_found
219,carbamazepine,CIDm00002554,true,14,1,"[""CHEMBL108""]",unique_structure_match
220,cisatracurium,CIDm00062886,false,0,0,[],stitch_not_found
221,fondaparinux,CIDm00636380,false,0,0,[],stitch_not_found
222,propranolol,CIDm00004946,true,122,3,"[""CHEMBL1671"",""CHEMBL27"",""CHEMBL275742""]",multiple_structure_matches
223,clonidine,CIDm00002803,true,24,2,"[""CHEMBL134"",""CHEMBL1705""]",multiple_structure_matches
224,valaciclovir,CIDm00060772,false,0,0,[],stitch_not_found
225,valdecoxib,CIDm00119607,true,11,1,"[""CHEMBL865""]",unique_structure_match
226,voriconazole,CIDm00071616,true,54,1,"[""CHEMBL638""]",unique_structure_match
227,levocarnitine,CIDm00010917,false,0,0,[],stitch_not_found
228,enalapril,CIDm05388961,false,0,0,[],stitch_not_found
229,nizatidine,CIDm03033637,false,0,0,[],stitch_not_found
230,diclofenac,CIDm00003032,true,42,3,"[""CHEMBL1034"",""CHEMBL1200804"",""CHEMBL139""]",multiple_structure_matches
231,doxazosin,CIDm00003157,true,151,2,"[""CHEMBL1200561"",""CHEMBL707""]",multiple_structure_matches
232,amiloride,CIDm00016230,true,16,2,"[""CHEMBL1398126"",""CHEMBL945""]",multiple_structure_matches
233,gadoteridol,CIDm00060714,false,0,0,[],stitch_not_found
234,labetalol,CIDm00003869,true,27,4,"[""CHEMBL1200323"",""CHEMBL1204165"",""CHEMBL27193"",""CHEMBL429""]",multiple_structure_matches
235,linezolid,CIDm00441401,false,0,0,[],stitch_not_found
236,ivermectin,CIDm06435110,true,13,2,"[""CHEMBL1200633"",""DRUGBANK:DB00602""]",equivalent_structure_group
237,medroxyprogesterone,CIDm00010631,true,27,0,[],stitch_found_no_optimuskg_match
238,butorphanol,CIDm05361092,false,0,0,[],stitch_not_found
239,bisoprolol,CIDm00002405,true,28,2,"[""CHEMBL1472989"",""CHEMBL645""]",multiple_structure_matches
240,rifabutin,CIDm06323490,false,0,0,[],stitch_not_found
241,imatinib,CIDm00005291,true,57,2,"[""CHEMBL1642"",""CHEMBL941""]",multiple_structure_matches
242,triamcinolone,CIDm00031307,false,0,0,[],stitch_not_found
243,testosterone,CIDm00006013,false,0,0,[],stitch_not_found
244,efavirenz,CIDm00064139,false,0,0,[],stitch_not_found
245,alendronic.acid,CIDm00002088,true,96,2,"[""CHEMBL675"",""CHEMBL870""]",multiple_structure_matches
246,clofarabine,CIDm00119182,true,26,1,"[""CHEMBL1750""]",unique_structure_match
247,dexmedetomidine,CIDm05311068,false,0,0,[],stitch_not_found
248,adenosine,CIDm00060961,false,0,0,[],stitch_not_found
249,simvastatin,CIDm00054454,true,188,1,"[""CHEMBL1064""]",unique_structure_match
250,pemetrexed,CIDm00060843,true,43,2,"[""CHEMBL225072"",""CHEMBL2360464""]",multiple_structure_matches
251,gonadorelin,CIDm00036523,true,24,4,"[""CHEMBL1007"",""CHEMBL1200511"",""CHEMBL1200516"",""CHEMBL1981292""]",multiple_structure_matches
252,stavudine,CIDm00018283,false,0,0,[],stitch_not_found
253,calcium.folinate,CIDm00006006,false,0,0,[],stitch_not_found
254,latanoprost,CIDm05311221,false,0,0,[],stitch_not_found
255,estrone,CIDm03001028,false,0,0,[],stitch_not_found
256,trazodone,CIDm00005533,true,73,2,"[""CHEMBL1200798"",""CHEMBL621""]",multiple_structure_matches
257,sevelamer,CIDm03085017,true,3,1,"[""DRUGBANK:DB00658""]",unique_structure_match
258,acamprosate,CIDm00071158,true,54,2,"[""CHEMBL1201293"",""CHEMBL2068724""]",multiple_structure_matches
259,verapamil,CIDm00002520,true,123,3,"[""CHEMBL1280"",""CHEMBL197"",""CHEMBL6966""]",multiple_structure_matches
260,nilutamide,CIDm00004493,true,4,1,"[""CHEMBL1274""]",unique_structure_match
261,nafarelin,CIDm25077649,false,0,0,[],stitch_not_found
262,sumatriptan,CIDm00005358,true,412,2,"[""CHEMBL1201150"",""CHEMBL128""]",multiple_structure_matches
263,cefixime,CIDm06321411,false,0,0,[],stitch_not_found
264,aprepitant,CIDm00151165,true,28,1,"[""CHEMBL1471""]",unique_structure_match
265,galantamine,CIDm00009651,false,0,0,[],stitch_not_found
266,tamoxifen,CIDm02733525,false,0,0,[],stitch_not_found
267,losartan,CIDm00003961,true,48,2,"[""CHEMBL191"",""CHEMBL995""]",multiple_structure_matches
268,amphotericin.B,CIDm05280965,false,0,0,[],stitch_not_found
269,midazolam,CIDm00004192,true,30,2,"[""CHEMBL1200420"",""CHEMBL655""]",multiple_structure_matches
270,tobramycin,CIDm00036294,false,0,0,[],stitch_not_found
271,trovafloxacin,CIDm00062959,true,19,0,[],stitch_found_no_optimuskg_match
272,pentosan.polysulfate.sodium,CIDm00037720,true,2,1,"[""CHEMBL4073796""]",unique_structure_match
273,moexipril,CIDm00055331,true,12,1,"[""CHEMBL1201405""]",unique_structure_match
274,phentolamine,CIDm00005775,true,12,2,"[""CHEMBL1200873"",""CHEMBL597""]",multiple_structure_matches
275,fluorescein,CIDm00016850,true,46,1,"[""CHEMBL1057""]",unique_structure_match
276,daunorubicin,CIDm00030323,false,0,0,[],stitch_not_found
277,furosemide,CIDm00003440,true,14,1,"[""CHEMBL35""]",unique_structure_match
278,tizanidine,CIDm00005487,true,19,2,"[""CHEMBL1079"",""CHEMBL1200329""]",multiple_structure_matches
279,eplerenone,CIDm00443872,false,0,0,[],stitch_not_found
280,amprenavir,CIDm00065016,false,0,0,[],stitch_not_found
281,naltrexone,CIDm05360515,false,0,0,[],stitch_not_found
282,delavirdine,CIDm00005625,true,6,2,"[""CHEMBL593"",""CHEMBL929""]",multiple_structure_matches
283,tamsulosin,CIDm00129211,false,0,0,[],stitch_not_found
284,porfimer.sodium,CIDm03086257,true,4,0,[],stitch_found_no_optimuskg_match
285,sufentanil,CIDm00041693,true,21,2,"[""CHEMBL1201163"",""CHEMBL658""]",multiple_structure_matches
286,lamivudine,CIDm00060825,false,0,0,[],stitch_not_found
287,ibandronic.acid,CIDm00060852,true,53,2,"[""CHEMBL3989569"",""CHEMBL997""]",multiple_structure_matches
288,apomorphine,CIDm00006005,false,0,0,[],stitch_not_found
289,paroxetine,CIDm00043815,false,0,0,[],stitch_not_found
290,adefovir.dipivoxil,CIDm00060871,true,10,1,"[""CHEMBL922""]",unique_structure_match
291,lisinopril,CIDm05362118,false,0,0,[],stitch_not_found
292,imiquimod,CIDm00057469,true,15,1,"[""CHEMBL1282""]",unique_structure_match
293,glyceryl.trinitrate,CIDm00004510,true,7,1,"[""CHEMBL730""]",unique_structure_match
294,nateglinide,CIDm05311309,false,0,0,[],stitch_not_found
295,risperidone,CIDm00005073,true,96,1,"[""CHEMBL85""]",unique_structure_match
296,naftifine,CIDm00047641,false,0,0,[],stitch_not_found
297,esomeprazole,CIDm09579578,false,0,0,[],stitch_not_found
298,pentamidine.isethionate,CIDm00004735,true,20,1,"[""CHEMBL55""]",unique_structure_match
299,riluzole,CIDm00005070,true,13,1,"[""CHEMBL744""]",unique_structure_match
300,hydrocortisone,CIDm00005754,false,0,0,[],stitch_not_found
301,mannitol,CIDm00006251,false,0,0,[],stitch_not_found
302,gadobenic.acid,CIDm06918204,false,0,0,[],stitch_not_found
303,modafinil,CIDm00004236,true,24,2,"[""CHEMBL1201192"",""CHEMBL1373""]",multiple_structure_matches
304,deferoxamine,CIDm00002973,true,16,2,"[""CHEMBL1234"",""CHEMBL556""]",multiple_structure_matches
305,tretinoin,CIDm00444795,false,0,0,[],stitch_not_found
306,dolasetron,CIDm14476155,false,0,0,[],stitch_not_found
307,clopidogrel,CIDm00060606,false,0,0,[],stitch_not_found
308,meropenem,CIDm00060706,true,50,1,"[""CHEMBL127""]",unique_structure_match
309,irinotecan,CIDm00060837,false,0,0,[],stitch_not_found
310,olopatadine,CIDm05281071,false,0,0,[],stitch_not_found
311,alprostadil,CIDm06433212,false,0,0,[],stitch_not_found
312,etoposide,CIDm00036462,false,0,0,[],stitch_not_found
313,tirofiban,CIDm00060946,false,0,0,[],stitch_not_found
314,oxcarbazepine,CIDm00034312,true,10,1,"[""CHEMBL1068""]",unique_structure_match
315,estradiol,CIDm00005757,false,0,0,[],stitch_not_found
316,aciclovir,CIDm00002022,true,34,2,"[""CHEMBL1200380"",""CHEMBL184""]",multiple_structure_matches
317,naproxen,CIDm00156391,false,0,0,[],stitch_not_found
318,perindopril,CIDm00107807,false,0,0,[],stitch_not_found
319,sulfasalazine,CIDm05359476,false,0,0,[],stitch_not_found
320,tazarotene,CIDm00005381,true,5,1,"[""CHEMBL1657""]",unique_structure_match
321,alfentanil,CIDm00051263,true,19,2,"[""CHEMBL1200531"",""CHEMBL634""]",multiple_structure_matches
322,dicycloverine,CIDm00003042,true,16,2,"[""CHEMBL1123"",""CHEMBL1200479""]",multiple_structure_matches
323,pentoxifylline,CIDm00004740,true,44,1,"[""CHEMBL628""]",unique_structure_match
324,indapamide,CIDm00003702,true,11,1,"[""CHEMBL406""]",unique_structure_match
325,ribavirin,CIDm00037542,false,0,0,[],stitch_not_found
326,fentanyl,CIDm00003345,true,60,3,"[""CHEMBL1201159"",""CHEMBL596"",""CHEMBL688""]",multiple_structure_matches
327,meloxicam,CIDm00004051,true,45,1,"[""CHEMBL599""]",unique_structure_match
328,orciprenaline,CIDm00004086,true,19,2,"[""CHEMBL1568057"",""CHEMBL776""]",multiple_structure_matches
329,tadalafil,CIDm00110635,true,307,1,"[""CHEMBL779""]",unique_structure_match
330,fosfomycin,CIDm00073491,false,0,0,[],stitch_not_found
331,diazepam,CIDm00003016,true,15,1,"[""CHEMBL12""]",unique_structure_match
332,cefaclor,CIDm00051038,false,0,0,[],stitch_not_found
333,mifepristone,CIDm00055245,false,0,0,[],stitch_not_found
334,donepezil,CIDm00003152,true,248,3,"[""CHEMBL107316"",""CHEMBL1678"",""CHEMBL502""]",multiple_structure_matches
335,mercaptamine,CIDm00006058,true,7,1,"[""CHEMBL602""]",unique_structure_match
336,dacarbazine,CIDm05353562,false,0,0,[],stitch_not_found
337,temozolomide,CIDm00005394,true,15,1,"[""CHEMBL810""]",unique_structure_match
338,aminolevulinic.acid,CIDm00000137,true,60,2,"[""CHEMBL1200582"",""CHEMBL601""]",multiple_structure_matches
339,terbinafine,CIDm01549007,false,0,0,[],stitch_not_found
340,penicillamine,CIDm00005852,false,0,0,[],stitch_not_found
341,vardenafil,CIDm00110634,true,36,2,"[""CHEMBL1339"",""CHEMBL1520""]",multiple_structure_matches
342,tacrolimus,CIDm00445643,false,0,0,[],stitch_not_found
343,terbutaline,CIDm00005403,true,34,2,"[""CHEMBL1315867"",""CHEMBL1760""]",multiple_structure_matches
344,conivaptan,CIDm00151171,true,22,2,"[""CHEMBL1201108"",""CHEMBL1755""]",multiple_structure_matches
345,eprosartan,CIDm05281037,false,0,0,[],stitch_not_found
346,sirolimus,CIDm05284616,false,0,0,[],stitch_not_found
347,emtricitabine,CIDm00060877,true,29,3,"[""CHEMBL161381"",""CHEMBL885"",""DRUGBANK:DB12753""]",multiple_structure_matches
348,quinapril,CIDm00054891,false,0,0,[],stitch_not_found
349,clomifene,CIDm01548954,false,0,0,[],stitch_not_found
350,risedronic.acid,CIDm00005245,true,49,2,"[""CHEMBL1654"",""CHEMBL923""]",multiple_structure_matches
351,bumetanide,CIDm00002471,true,55,1,"[""CHEMBL1072""]",unique_structure_match
352,chlormethine,CIDm00004033,true,21,2,"[""CHEMBL1201001"",""CHEMBL427""]",multiple_structure_matches
353,granisetron,CIDm05284566,false,0,0,[],stitch_not_found
354,triazolam,CIDm00005556,true,10,1,"[""CHEMBL646""]",unique_structure_match
355,remifentanil,CIDm00060814,true,11,2,"[""CHEMBL1005"",""CHEMBL1201120""]",multiple_structure_matches
356,didanosine,CIDm00050599,false,0,0,[],stitch_not_found
357,ondansetron,CIDm00004595,true,105,2,"[""CHEMBL3186492"",""CHEMBL46""]",multiple_structure_matches
358,bimatoprost,CIDm05311027,false,0,0,[],stitch_not_found
359,tiagabine,CIDm00060648,false,0,0,[],stitch_not_found
360,quinidine,CIDm00005768,false,0,0,[],stitch_not_found
361,zonisamide,CIDm00005734,true,13,1,"[""CHEMBL750""]",unique_structure_match
362,paricalcitol,CIDm05281104,false,0,0,[],stitch_not_found
363,tinidazole,CIDm00005479,true,3,1,"[""CHEMBL1220""]",unique_structure_match
364,repaglinide,CIDm00065981,false,0,0,[],stitch_not_found
365,amantadine,CIDm00002130,true,35,2,"[""CHEMBL1569"",""CHEMBL660""]",multiple_structure_matches
366,metronidazole,CIDm00004173,true,38,2,"[""CHEMBL1200869"",""CHEMBL137""]",multiple_structure_matches
367,almotriptan,CIDm00123606,true,16,1,"[""CHEMBL1505""]",unique_structure_match
368,buprenorphine,CIDm06321408,false,0,0,[],stitch_not_found
369,levosimendan,CIDm03033825,false,0,0,[],stitch_not_found
370,cyclobenzaprine,CIDm00002895,true,16,2,"[""CHEMBL1200636"",""CHEMBL669""]",multiple_structure_matches
371,famotidine,CIDm05702160,false,0,0,[],stitch_not_found
372,azacitidine,CIDm00009444,false,0,0,[],stitch_not_found
373,misoprostol,CIDm05282381,false,0,0,[],stitch_not_found
374,colesevelam,CIDm00160051,true,3,0,[],stitch_found_no_optimuskg_match
375,tipranavir,CIDm00163296,true,30,2,"[""CHEMBL222559"",""CHEMBL445699""]",multiple_structure_matches
376,maprotiline,CIDm00004011,true,15,2,"[""CHEMBL1237135"",""CHEMBL21731""]",multiple_structure_matches
377,salmeterol,CIDm00005152,true,263,1,"[""CHEMBL1263""]",unique_structure_match
378,fulvestrant,CIDm00104741,true,41,1,"[""CHEMBL1358""]",unique_structure_match
379,felbamate,CIDm00003331,true,20,1,"[""CHEMBL1094""]",unique_structure_match
380,fexofenadine,CIDm00003348,true,38,2,"[""CHEMBL1200618"",""CHEMBL914""]",multiple_structure_matches
381,naratriptan,CIDm00004440,true,21,2,"[""CHEMBL1200601"",""CHEMBL1278""]",multiple_structure_matches
382,rizatriptan,CIDm00005078,true,20,1,"[""CHEMBL905""]",unique_structure_match
383,hydrocodone,CIDm05284569,false,0,0,[],stitch_not_found
384,carboplatin,CIDm00038904,false,0,0,[],stitch_not_found
385,pindolol,CIDm00004828,true,17,1,"[""CHEMBL500""]",unique_structure_match
386,zaleplon,CIDm00005719,true,12,1,"[""CHEMBL1521""]",unique_structure_match
387,apraclonidine,CIDm00002216,true,5,2,"[""CHEMBL1200379"",""CHEMBL647""]",multiple_structure_matches
388,telmisartan,CIDm00065999,true,35,1,"[""CHEMBL1017""]",unique_structure_match
389,desloratadine,CIDm00124087,true,31,1,"[""CHEMBL1172""]",unique_structure_match
390,alosetron,CIDm00002099,true,46,2,"[""CHEMBL1110"",""CHEMBL1200885""]",multiple_structure_matches
391,azelastine,CIDm00002267,true,56,2,"[""CHEMBL1200809"",""CHEMBL639""]",multiple_structure_matches
392,ezetimibe,CIDm00150311,true,34,1,"[""CHEMBL1138""]",unique_structure_match
393,dipyridamole,CIDm00003108,true,8,1,"[""CHEMBL932""]",unique_structure_match
394,telithromycin,CIDm03002190,false,0,0,[],stitch_not_found
395,lomefloxacin,CIDm00003948,true,20,2,"[""CHEMBL1728"",""CHEMBL561""]",multiple_structure_matches
396,ramelteon,CIDm00208902,true,16,1,"[""CHEMBL1218""]",unique_structure_match
397,isotretinoin,CIDm05282379,false,0,0,[],stitch_not_found
398,formoterol,CIDm03083544,false,0,0,[],stitch_not_found
399,glycopyrronium.bromide,CIDm00003494,true,63,3,"[""CHEMBL1201027"",""CHEMBL1201335"",""CHEMBL3707243""]",multiple_structure_matches
400,cytarabine,CIDm00006252,false,0,0,[],stitch_not_found
401,rivastigmine,CIDm00077990,false,0,0,[],stitch_not_found
402,exemestane,CIDm00060198,true,19,1,"[""CHEMBL1200374""]",unique_structure_match
403,methyl.aminolevulinate,CIDm00157921,true,7,2,"[""CHEMBL1096562"",""CHEMBL1201093""]",multiple_structure_matches
404,azathioprine,CIDm00002265,true,11,2,"[""CHEMBL1200400"",""CHEMBL1542""]",multiple_structure_matches
405,auranofin,CIDm06918453,false,0,0,[],stitch_not_found
406,gabapentin,CIDm00003446,true,52,1,"[""CHEMBL940""]",unique_structure_match
407,doxorubicin,CIDm00031703,false,0,0,[],stitch_not_found
408,frovatriptan,CIDm00077992,true,23,2,"[""CHEMBL1279"",""CHEMBL2138684""]",multiple_structure_matches
409,hydrochlorothiazide,CIDm00003639,true,17,1,"[""CHEMBL435""]",unique_structure_match
410,salbutamol,CIDm00002083,true,71,4,"[""CHEMBL1002"",""CHEMBL1201061"",""CHEMBL1441059"",""CHEMBL714""]",multiple_structure_matches
411,levobupivacaine,CIDm00092253,false,0,0,[],stitch_not_found
412,cromoglicic.acid,CIDm00002881,true,18,2,"[""CHEMBL428880"",""CHEMBL74""]",multiple_structure_matches
413,ganciclovir,CIDm00003454,true,20,2,"[""CHEMBL1200850"",""CHEMBL182""]",multiple_structure_matches
414,hydroxycarbamide,CIDm00003657,true,7,1,"[""CHEMBL467""]",unique_structure_match
415,letrozole,CIDm00003902,true,8,1,"[""CHEMBL1444""]",unique_structure_match
416,busulfan,CIDm00002478,true,5,1,"[""CHEMBL820""]",unique_structure_match
417,metyrapone,CIDm00004174,true,9,1,"[""CHEMBL934""]",unique_structure_match
418,cinacalcet,CIDm00156418,true,167,2,"[""CHEMBL1200776"",""CHEMBL1201284""]",multiple_structure_matches
419,balsalazide,CIDm05362070,false,0,0,[],stitch_not_found
420,sulfamethoxazole.and.trimethoprim,CIDm00358641,true,2,1,"[""CHEMBL58061""]",unique_structure_match
421,minocycline,CIDm26275995,true,98,0,[],stitch_found_no_optimuskg_match
422,guanfacine,CIDm00003519,true,10,2,"[""CHEMBL1200494"",""CHEMBL862""]",multiple_structure_matches
423,isosorbide.mononitrate,CIDm00027661,true,22,1,"[""CHEMBL1311""]",unique_structure_match
424,mycophenolic.acid,CIDm00446541,false,0,0,[],stitch_not_found
425,amlexanox,CIDm00002161,true,7,1,"[""CHEMBL1096""]",unique_structure_match
426,irbesartan,CIDm00003749,true,31,1,"[""CHEMBL1513""]",unique_structure_match
427,topotecan,CIDm00060699,false,0,0,[],stitch_not_found
428,tolterodine,CIDm00060774,false,0,0,[],stitch_not_found
429,selegiline,CIDm00026757,false,0,0,[],stitch_not_found
430,fenofibrate,CIDm00003339,true,37,1,"[""CHEMBL672""]",unique_structure_match
431,thalidomide,CIDm00005426,true,70,1,"[""CHEMBL468""]",unique_structure_match
432,melphalan,CIDm00460612,false,0,0,[],stitch_not_found
433,memantine,CIDm00004054,true,53,2,"[""CHEMBL1699"",""CHEMBL807""]",multiple_structure_matches
434,gatifloxacin,CIDm00005379,true,28,1,"[""CHEMBL31""]",unique_structure_match
435,lubiprostone,CIDm00157920,true,13,1,"[""CHEMBL1201134""]",unique_structure_match
436,fluocinonide,CIDm00009642,false,0,0,[],stitch_not_found
437,abacavir,CIDm00065139,false,0,0,[],stitch_not_found
438,ibuprofen,CIDm00003672,true,133,3,"[""CHEMBL175"",""CHEMBL3989408"",""CHEMBL521""]",multiple_structure_matches
439,norfloxacin,CIDm00004539,true,17,1,"[""CHEMBL9""]",unique_structure_match
440,amoxicillin,CIDm00033613,false,0,0,[],stitch_not_found
441,oxybutynin,CIDm00004634,true,191,2,"[""CHEMBL1133"",""CHEMBL1231""]",multiple_structure_matches
442,glipizide,CIDm00003478,true,21,1,"[""CHEMBL1073""]",unique_structure_match
443,clonazepam,CIDm00002802,true,8,1,"[""CHEMBL452""]",unique_structure_match
444,atazanavir,CIDm00148192,true,65,2,"[""CHEMBL1163"",""CHEMBL1200678""]",multiple_structure_matches
445,fludarabine,CIDm00657237,false,0,0,[],stitch_not_found
446,atorvastatin,CIDm00060822,false,0,0,[],stitch_not_found
447,tegaserod,CIDm05487301,true,6,0,[],stitch_found_no_optimuskg_match
448,vigabatrin,CIDm00005665,true,13,1,"[""CHEMBL89598""]",unique_structure_match
449,streptomycin,CIDm06419957,false,0,0,[],stitch_not_found
450,orlistat,CIDm03034010,false,0,0,[],stitch_not_found
451,pilocarpine,CIDm00005909,false,0,0,[],stitch_not_found
452,iloprost,CIDm06435378,false,0,0,[],stitch_not_found
453,fluvastatin,CIDm00446155,false,0,0,[],stitch_not_found
454,leflunomide,CIDm00003899,true,4,1,"[""CHEMBL960""]",unique_structure_match
455,rosuvastatin,CIDm00446157,false,0,0,[],stitch_not_found
456,pimozide,CIDm00016362,true,6,1,"[""CHEMBL1423""]",unique_structure_match
457,capecitabine,CIDm00060953,true,27,1,"[""CHEMBL1773""]",unique_structure_match
458,sertraline,CIDm00063009,false,0,0,[],stitch_not_found
459,heparin,CIDm00000772,true,2,0,[],stitch_found_no_optimuskg_match
460,miconazole,CIDm00004189,true,29,2,"[""CHEMBL1559"",""CHEMBL91""]",multiple_structure_matches
461,nifedipine,CIDm00004485,true,21,1,"[""CHEMBL193""]",unique_structure_match
462,atovaquone,CIDm00074989,true,9,0,[],stitch_found_no_optimuskg_match
463,amiodarone,CIDm00002156,true,12,2,"[""CHEMBL1083993"",""CHEMBL633""]",multiple_structure_matches
464,gliclazide,CIDm00003475,true,20,1,"[""CHEMBL427216""]",unique_structure_match
465,bicalutamide,CIDm00002375,true,23,2,"[""CHEMBL409"",""CHEMBL63560""]",multiple_structure_matches
466,rabeprazole,CIDm00005029,true,109,3,"[""CHEMBL1200930"",""CHEMBL1219"",""CHEMBL1615209""]",multiple_structure_matches
467,pioglitazone,CIDm00004829,true,52,2,"[""CHEMBL1715"",""CHEMBL595""]",multiple_structure_matches
468,carvedilol,CIDm00002585,true,65,2,"[""CHEMBL1201167"",""CHEMBL723""]",multiple_structure_matches
469,levofloxacin,CIDm00149096,false,0,0,[],stitch_not_found
470,micafungin,CIDm06602291,false,0,0,[],stitch_not_found
471,doxepin,CIDm00003158,true,31,3,"[""CHEMBL101740"",""CHEMBL1628227"",""CHEMBL1628234""]",multiple_structure_matches
472,nefazodone,CIDm00004449,true,17,2,"[""CHEMBL1200492"",""CHEMBL623""]",multiple_structure_matches
473,cefprozil,CIDm05281006,false,0,0,[],stitch_not_found
474,gemifloxacin,CIDm09571107,false,0,0,[],stitch_not_found
475,bupropion,CIDm00000444,true,57,3,"[""CHEMBL1201735"",""CHEMBL1698"",""CHEMBL894""]",multiple_structure_matches
476,trimetrexate,CIDm00005582,true,73,1,"[""CHEMBL119""]",unique_structure_match
477,terazosin,CIDm00005401,true,98,2,"[""CHEMBL3989562"",""CHEMBL611""]",multiple_structure_matches
478,ofloxacin,CIDm00004583,true,38,4,"[""CHEMBL33"",""CHEMBL4"",""CHEMBL420937"",""CHEMBL5315124""]",multiple_structure_matches
479,cilostazol,CIDm00002754,true,20,1,"[""CHEMBL799""]",unique_structure_match
480,itraconazole,CIDm00055283,false,0,0,[],stitch_not_found
481,arsenic.trioxide,CIDm00014888,true,2,0,[],stitch_found_no_optimuskg_match
482,escitalopram,CIDm00146570,false,0,0,[],stitch_not_found
483,idarubicin,CIDm00042890,false,0,0,[],stitch_not_found
484,podophyllotoxin,CIDm00010607,false,0,0,[],stitch_not_found
485,rescinnamine,CIDm05280954,false,0,0,[],stitch_not_found
486,ifosfamide,CIDm00003690,true,17,1,"[""CHEMBL1024""]",unique_structure_match
487,propafenone,CIDm00004932,true,17,3,"[""CHEMBL1201063"",""CHEMBL1322675"",""CHEMBL631""]",multiple_structure_matches
488,pergolide,CIDm00047811,false,0,0,[],stitch_not_found
489,ciclopirox,CIDm00002749,true,18,1,"[""CHEMBL1413""]",unique_structure_match
490,desflurane,CIDm00042113,true,4,1,"[""CHEMBL1200733""]",unique_structure_match
491,clindamycin,CIDm00029029,false,0,0,[],stitch_not_found
492,acebutolol,CIDm00001978,true,17,2,"[""CHEMBL1200813"",""CHEMBL642""]",multiple_structure_matches
493,brinzolamide,CIDm00068844,true,72,1,"[""CHEMBL220491""]",unique_structure_match
494,flecainide,CIDm00003355,true,15,2,"[""CHEMBL1200822"",""CHEMBL652""]",multiple_structure_matches
495,estramustine,CIDm00259331,false,0,0,[],stitch_not_found
496,bromocriptine,CIDm00031100,false,0,0,[],stitch_not_found
497,levetiracetam,CIDm05284583,false,0,0,[],stitch_not_found
498,nadolol,CIDm00039147,false,0,0,[],stitch_not_found
499,mitoxantrone,CIDm00004212,true,16,2,"[""CHEMBL1417019"",""CHEMBL58""]",multiple_structure_matches
500,sparfloxacin,CIDm00060464,false,0,0,[],stitch_not_found
501,clarithromycin,CIDm00084029,false,0,0,[],stitch_not_found
502,ceftriaxone,CIDm05479530,false,0,0,[],stitch_not_found
503,estazolam,CIDm00003261,true,5,1,"[""CHEMBL285674""]",unique_structure_match
504,finasteride,CIDm00057363,false,0,0,[],stitch_not_found
505,anastrozole,CIDm00002187,true,42,1,"[""CHEMBL1399""]",unique_structure_match
506,halofantrine,CIDm00037392,true,15,1,"[""CHEMBL1107""]",unique_structure_match
507,dantrolene,CIDm06604100,false,0,0,[],stitch_not_found
508,rifaximin,CIDm06436173,false,0,0,[],stitch_not_found
509,budesonide,CIDm05281004,false,0,0,[],stitch_not_found
510,aminophylline,CIDm00009433,true,2,1,"[""CHEMBL1370561""]",unique_structure_match
511,quetiapine,CIDm00005002,true,136,2,"[""CHEMBL3188993"",""CHEMBL716""]",multiple_structure_matches
512,paclitaxel,CIDm05352019,false,0,0,[],stitch_not_found
513,saquinavir,CIDm00060934,false,0,0,[],stitch_not_found
514,dexamethasone,CIDm00005743,false,0,0,[],stitch_not_found
515,levodopa,CIDm00441193,false,0,0,[],stitch_not_found
516,aripiprazole,CIDm00060795,true,49,1,"[""CHEMBL1112""]",unique_structure_match
517,epoprostenol,CIDm05282411,false,0,0,[],stitch_not_found
518,gemfibrozil,CIDm00003463,true,9,1,"[""CHEMBL457""]",unique_structure_match
519,clomipramine,CIDm00002801,true,11,2,"[""CHEMBL1200710"",""CHEMBL415""]",multiple_structure_matches
520,bepridil,CIDm00002351,true,16,2,"[""CHEMBL1008"",""CHEMBL1200382""]",multiple_structure_matches
521,docetaxel,CIDm00064780,false,0,0,[],stitch_not_found
522,iodixanol,CIDm00003724,true,4,1,"[""CHEMBL1200507""]",unique_structure_match
523,olsalazine,CIDm05462337,true,17,0,[],stitch_found_no_optimuskg_match
524,dasatinib,CIDm03062316,true,44,1,"[""CHEMBL1421""]",unique_structure_match
525,lisdexamfetamine,CIDm11597697,true,25,2,"[""CHEMBL1201178"",""CHEMBL1201222""]",multiple_structure_matches
526,lapatinib,CIDm00208908,true,76,2,"[""CHEMBL1201179"",""CHEMBL554""]",multiple_structure_matches
527,desonide,CIDm00012536,true,25,1,"[""CHEMBL1201109""]",unique_structure_match
528,sitagliptin,CIDm04369359,true,95,3,"[""CHEMBL1201174"",""CHEMBL1422"",""CHEMBL5315049""]",multiple_structure_matches
529,decitabine,CIDm00451668,false,0,0,[],stitch_not_found
530,posaconazole,CIDm00468595,false,0,0,[],stitch_not_found
531,darunavir,CIDm00213039,true,140,1,"[""CHEMBL1323""]",unique_structure_match
532,telbivudine,CIDm00159269,false,0,0,[],stitch_not_found
533,paliperidone,CIDm00115237,true,113,1,"[""CHEMBL1621""]",unique_structure_match
534,sunitinib,CIDm05329102,false,0,0,[],stitch_not_found
535,varenicline,CIDm00170361,true,57,3,"[""CHEMBL1076903"",""CHEMBL5303393"",""DRUGBANK:DB01273""]",multiple_structure_matches
536,hydralazine,CIDm00003637,true,11,2,"[""CHEMBL276832"",""CHEMBL542541""]",multiple_structure_matches
537,exenatide,CIDm16157882,false,0,0,[],stitch_not_found
538,nelarabine,CIDm03011155,false,0,0,[],stitch_not_found
539,corticotropin,CIDm16132265,true,3,0,[],stitch_found_no_optimuskg_match
540,pirbuterol,CIDm00004845,true,12,2,"[""CHEMBL1094966"",""CHEMBL1200444""]",multiple_structure_matches
541,insulin.aspart,CIDm16132418,true,2,0,[],stitch_found_no_optimuskg_match
542,insulin.detemir,CIDm16137271,true,2,1,"[""CHEMBL2104391""]",unique_structure_match
543,fosamprenavir,CIDm00131535,true,54,2,"[""CHEMBL1200734"",""CHEMBL1664""]",multiple_structure_matches
544,fosphenytoin,CIDm00056338,true,13,2,"[""CHEMBL1201336"",""CHEMBL919""]",multiple_structure_matches
545,cilazapril,CIDm00056329,false,0,0,[],stitch_not_found
546,penbutolol,CIDm00037464,false,0,0,[],stitch_not_found
547,iohexol,CIDm00003730,true,10,1,"[""CHEMBL1200455""]",unique_structure_match
548,rasagiline,CIDm03052775,false,0,0,[],stitch_not_found
549,sodium.bicarbonate,CIDm00000923,true,62,1,"[""DRUGBANK:DB14516""]",unique_structure_match
550,bezafibrate,CIDm00039042,true,7,1,"[""CHEMBL264374""]",unique_structure_match
551,colchicine,CIDm00006167,false,0,0,[],stitch_not_found
552,danazol,CIDm00028417,false,0,0,[],stitch_not_found
553,tiotropium.bromide,CIDm00060830,true,190,0,[],stitch_found_no_optimuskg_match
554,ciclesonide,CIDm06918155,false,0,0,[],stitch_not_found
555,cefepime,CIDm05479537,false,0,0,[],stitch_not_found
556,colestyramine,CIDm70695640,true,2,0,[],stitch_found_no_optimuskg_match
557,flunitrazepam,CIDm00003380,true,5,1,"[""CHEMBL13280""]",unique_structure_match
558,dihydrocodeine,CIDm05284543,false,0,0,[],stitch_not_found
559,bromazepam,CIDm00002441,true,3,1,"[""CHEMBL277062""]",unique_structure_match
560,ursodeoxycholic.acid,CIDm00031401,false,0,0,[],stitch_not_found
561,quazepam,CIDm00004999,true,1,1,"[""CHEMBL1200472""]",unique_structure_match
562,everolimus,CIDm06442177,false,0,0,[],stitch_not_found
563,solifenacin,CIDm00154058,true,69,2,"[""CHEMBL1200803"",""CHEMBL1734""]",multiple_structure_matches
564,tiaprofenic.acid,CIDm00005468,true,9,1,"[""CHEMBL365795""]",unique_structure_match
565,deferasirox,CIDm05493381,true,21,0,[],stitch_found_no_optimuskg_match
566,valganciclovir,CIDm00064147,true,27,2,"[""CHEMBL1200454"",""CHEMBL1201314""]",multiple_structure_matches
567,roflumilast,CIDm00449193,true,5,1,"[""CHEMBL193240""]",unique_structure_match
568,fusidic.acid,CIDm03000226,false,0,0,[],stitch_not_found
569,fotemustine,CIDm00104799,true,3,2,"[""CHEMBL549386"",""DRUGBANK:DB04106""]",equivalent_structure_group
570,thiotepa,CIDm00005453,true,4,1,"[""CHEMBL671""]",unique_structure_match
571,maraviroc,CIDm03002977,false,0,0,[],stitch_not_found
572,cyproterone,CIDm05284537,false,0,0,[],stitch_not_found
573,tetrabenazine,CIDm00006018,true,135,3,"[""CHEMBL117785"",""CHEMBL3137326"",""DRUGBANK:DB12161""]",multiple_structure_matches
574,ixabepilone,CIDm06445540,false,0,0,[],stitch_not_found
575,febuxostat,CIDm00134018,true,16,1,"[""CHEMBL1164729""]",unique_structure_match
576,dronedarone,CIDm00208898,true,42,2,"[""CHEMBL1201729"",""CHEMBL184412""]",multiple_structure_matches
577,nebivolol,CIDm00071301,true,86,2,"[""CHEMBL1201731"",""CHEMBL434394""]",multiple_structure_matches
578,nilotinib,CIDm00644241,true,148,2,"[""CHEMBL1201740"",""CHEMBL255863""]",multiple_structure_matches
579,lorcaserin,CIDm11658859,false,0,0,[],stitch_not_found
580,vildagliptin,CIDm06918537,false,0,0,[],stitch_not_found
581,milnacipran,CIDm00055480,true,57,4,"[""CHEMBL2105732"",""CHEMBL259209"",""CHEMBL4297064"",""CHEMBL99946""]",multiple_structure_matches
582,nesiritide,CIDm25081014,false,0,0,[],stitch_not_found
583,oritavancin,CIDm16136912,false,0,0,[],stitch_not_found
584,clevidipine,CIDm00153994,true,4,1,"[""CHEMBL1237132""]",unique_structure_match
585,ospemifene,CIDm03036505,false,0,0,[],stitch_not_found
586,iloperidone,CIDm00071360,true,26,1,"[""CHEMBL14376""]",unique_structure_match
587,retigabine,CIDm00121892,true,20,1,"[""CHEMBL41355""]",unique_structure_match
588,ingenol.mebutate,CIDm06918670,true,16,2,"[""CHEMBL1863513"",""DRUGBANK:DB05013""]",multiple_structure_matches
589,belinostat,CIDm06918638,true,2,1,"[""CHEMBL408513""]",unique_structure_match
590,indacaterol,CIDm06918554,false,0,0,[],stitch_not_found
591,trabectedin,CIDm00108150,false,0,0,[],stitch_not_found
592,glatiramer.acetate,CIDm03081884,true,2,0,[],stitch_found_no_optimuskg_match
593,rotigotine,CIDm00059226,false,0,0,[],stitch_not_found
594,samarium.(153Sm).lexidronam,CIDm00023951,true,25,0,[],stitch_found_no_optimuskg_match
595,vandetanib,CIDm03081361,true,23,1,"[""CHEMBL24828""]",unique_structure_match
596,ecallantide,CIDm44201343,true,1,0,[],stitch_found_no_optimuskg_match
597,romiplostim,CIDm05329098,false,0,0,[],stitch_not_found
598,dexlansoprazole,CIDm09578005,false,0,0,[],stitch_not_found
599,telaprevir,CIDm03010818,true,121,1,"[""CHEMBL231813""]",unique_structure_match
600,mipomersen,CIDm44564107,true,3,2,"[""CHEMBL2219536"",""CHEMBL502097""]",multiple_structure_matches
601,apremilast,CIDm11561674,false,0,0,[],stitch_not_found
602,ustekinumab,CIDm00121749,true,4,1,"[""CHEMBL129788""]",unique_structure_match
603,abiraterone,CIDm00132971,true,21,1,"[""CHEMBL254328""]",unique_structure_match
604,mianserin,CIDm00004184,true,15,1,"[""CHEMBL6437""]",unique_structure_match
605,acetylcysteine,CIDm00012035,false,0,0,[],stitch_not_found
606,romidepsin,CIDm05352062,false,0,0,[],stitch_not_found
607,rufinamide,CIDm00129228,true,7,1,"[""CHEMBL1201754""]",unique_structure_match
608,lasofoxifene,CIDm00216416,true,33,1,"[""CHEMBL328190""]",unique_structure_match
609,tapentadol,CIDm09838021,false,0,0,[],stitch_not_found
610,silodosin,CIDm05312125,false,0,0,[],stitch_not_found
611,prasugrel,CIDm06918456,true,43,2,"[""CHEMBL1201772"",""CHEMBL1201773""]",multiple_structure_matches
612,eltrombopag,CIDm25181561,false,0,0,[],stitch_not_found
613,doripenem,CIDm00073303,true,38,2,"[""CHEMBL4303454"",""CHEMBL491571""]",multiple_structure_matches
614,tolvaptan,CIDm00216237,true,10,2,"[""CHEMBL344159"",""DRUGBANK:DB06212""]",multiple_structure_matches
615,regadenoson,CIDm00219024,true,38,2,"[""CHEMBL317052"",""CHEMBL3989695""]",multiple_structure_matches
616,asenapine,CIDm00163091,false,0,0,[],stitch_not_found
617,vernakalant,CIDm09930048,true,95,2,"[""CHEMBL2107383"",""CHEMBL2111112""]",multiple_structure_matches
618,lacosamide,CIDm00219078,true,36,1,"[""CHEMBL58323""]",unique_structure_match
619,dalbavancin,CIDm44567678,true,2,0,[],stitch_found_no_optimuskg_match
620,rivaroxaban,CIDm09875401,false,0,0,[],stitch_not_found
621,nalmefene,CIDm05284594,false,0,0,[],stitch_not_found
622,avanafil,CIDm09869929,true,11,1,"[""CHEMBL1963681""]",unique_structure_match
623,eflornithine,CIDm00003009,true,26,3,"[""CHEMBL1201037"",""CHEMBL222838"",""CHEMBL830""]",multiple_structure_matches
624,droxidopa,CIDm00092974,false,0,0,[],stitch_not_found
625,sitaxentan,CIDm00216235,true,106,2,"[""CHEMBL2105740"",""CHEMBL282724""]",multiple_structure_matches
626,ziconotide,CIDm16129690,true,3,2,"[""CHEMBL4594214"",""DRUGBANK:DB06283""]",equivalent_structure_group
627,teriparatide,CIDm16129682,true,4,2,"[""CHEMBL525610"",""DRUGBANK:DB06285""]",equivalent_structure_group
628,temsirolimus,CIDm06918289,false,0,0,[],stitch_not_found
629,amisulpride,CIDm00002159,true,77,1,"[""CHEMBL243712""]",unique_structure_match
630,simeprevir,CIDm24873435,false,0,0,[],stitch_not_found
631,dapagliflozin,CIDm09887712,true,83,1,"[""CHEMBL429910""]",unique_structure_match
632,bazedoxifene,CIDm00154256,true,23,2,"[""CHEMBL2106615"",""CHEMBL46740""]",multiple_structure_matches
633,ambrisentan,CIDm06918493,false,0,0,[],stitch_not_found
634,doxercalciferol,CIDm05281107,false,0,0,[],stitch_not_found
635,armodafinil,CIDm09690109,false,0,0,[],stitch_not_found
636,etravirine,CIDm00193962,true,25,1,"[""CHEMBL308954""]",unique_structure_match
637,prucalopride,CIDm03052762,true,10,2,"[""CHEMBL117287"",""CHEMBL2105748""]",multiple_structure_matches
638,pazopanib,CIDm10113978,true,115,2,"[""CHEMBL1201733"",""CHEMBL477772""]",multiple_structure_matches
639,ceftaroline.fosamil,CIDm09852981,false,0,0,[],stitch_not_found
640,agomelatine,CIDm00082148,true,83,1,"[""CHEMBL10878""]",unique_structure_match
641,apixaban,CIDm10182969,true,184,1,"[""CHEMBL231779""]",unique_structure_match
642,bosutinib,CIDm05328940,true,8,2,"[""CHEMBL2095206"",""CHEMBL288441""]",multiple_structure_matches
643,axitinib,CIDm06450551,false,0,0,[],stitch_not_found
644,fampridine,CIDm00001727,true,9,1,"[""CHEMBL284348""]",unique_structure_match
645,ofatumumab,CIDm06918250,false,0,0,[],stitch_not_found
646,liraglutide,CIDm16134956,true,2,2,"[""CHEMBL4084119"",""DRUGBANK:DB06655""]",equivalent_structure_group
647,pasireotide,CIDm70788982,false,0,0,[],stitch_not_found
648,vilazodone,CIDm06918313,true,20,2,"[""CHEMBL1615374"",""CHEMBL439849""]",multiple_structure_matches
649,dabigatran.etexilate,CIDm09578572,false,0,0,[],stitch_not_found
650,betahistine,CIDm00002366,true,20,2,"[""CHEMBL1446813"",""CHEMBL24441""]",multiple_structure_matches
651,degarelix,CIDm16136245,true,14,2,"[""CHEMBL2028987"",""CHEMBL415606""]",multiple_structure_matches
652,desvenlafaxine,CIDm00125017,true,130,3,"[""CHEMBL1118"",""CHEMBL1201728"",""CHEMBL3989861""]",multiple_structure_matches
653,dexmethylphenidate,CIDm00154100,false,0,0,[],stitch_not_found
654,fesoterodine,CIDm06918558,true,44,2,"[""CHEMBL1201764"",""CHEMBL1201765""]",multiple_structure_matches
655,gadobutrol,CIDm09916860,false,0,0,[],stitch_not_found
656,naphazoline,CIDm00004436,true,17,2,"[""CHEMBL1706"",""CHEMBL761""]",multiple_structure_matches
657,buserelin,CIDm00050224,false,0,0,[],stitch_not_found
658,betaine,CIDm00000247,true,79,3,"[""CHEMBL1182"",""CHEMBL1201130"",""CHEMBL95889""]",multiple_structure_matches
659,bendamustine,CIDm00065628,true,19,2,"[""CHEMBL1201734"",""CHEMBL487253""]",multiple_structure_matches
660,cabazitaxel,CIDm09854073,false,0,0,[],stitch_not_found
661,capsaicin,CIDm01548943,false,0,0,[],stitch_not_found
662,dalteparin,CIDm25244225,false,0,0,[],stitch_not_found
663,ganirelix,CIDm16130965,false,0,0,[],stitch_not_found
664,histrelin,CIDm25077993,true,13,3,"[""CHEMBL1200509"",""CHEMBL1201255"",""DRUGBANK:DB06788""]",multiple_structure_matches
665,lanreotide,CIDm00071348,true,14,3,"[""CHEMBL1201184"",""CHEMBL1201185"",""DRUGBANK:DB06791""]",multiple_structure_matches
666,lanthanum.carbonate,CIDm00168924,true,8,1,"[""DRUGBANK:DB06792""]",unique_structure_match
667,lodoxamide,CIDm00044563,true,2,0,[],stitch_found_no_optimuskg_match
668,methylnaltrexone.bromide,CIDm05361917,true,67,3,"[""CHEMBL1186579"",""CHEMBL1201770"",""DRUGBANK:DB06800""]",multiple_structure_matches
669,plerixafor,CIDm00065014,true,16,1,"[""CHEMBL18442""]",unique_structure_match
670,raltegravir,CIDm23668479,true,49,2,"[""CHEMBL254316"",""CHEMBL518520""]",multiple_structure_matches
671,sodium.phenylbutyrate,CIDm00004775,true,22,2,"[""CHEMBL1469"",""CHEMBL1746""]",multiple_structure_matches
672,triptorelin,CIDm25074470,true,11,1,"[""CHEMBL1201334""]",unique_structure_match
673,lurasidone,CIDm00213046,true,51,2,"[""CHEMBL1237021"",""CHEMBL1615372""]",multiple_structure_matches
674,ticagrelor,CIDm09871419,true,116,1,"[""CHEMBL398435""]",unique_structure_match
675,tafluprost,CIDm09868491,false,0,0,[],stitch_not_found
676,ivacaftor,CIDm16220172,true,34,2,"[""CHEMBL2010601"",""CHEMBL4297603""]",multiple_structure_matches
677,iodine.ioflupane.(123I),CIDm03086674,false,0,0,[],stitch_not_found
678,vismodegib,CIDm24776445,true,3,1,"[""CHEMBL473417""]",unique_structure_match
679,rilpivirine,CIDm06451164,false,0,0,[],stitch_not_found
680,crizotinib,CIDm11626560,false,0,0,[],stitch_not_found
681,ulipristal,CIDm13559281,false,0,0,[],stitch_not_found
682,fingolimod,CIDm00107969,true,29,2,"[""CHEMBL314854"",""CHEMBL544665""]",multiple_structure_matches
683,tesamorelin,CIDm44201342,true,1,0,[],stitch_found_no_optimuskg_match
684,eribulin,CIDm53320414,false,0,0,[],stitch_not_found
685,boceprevir,CIDm10324367,true,104,1,"[""CHEMBL218394""]",unique_structure_match
686,fidaxomicin,CIDm10034073,false,0,0,[],stitch_not_found
687,cabozantinib,CIDm25102847,true,2,1,"[""CHEMBL2105717""]",unique_structure_match
688,ruxolitinib,CIDm25126797,false,0,0,[],stitch_not_found
689,teriflunomide,CIDm54684141,false,0,0,[],stitch_not_found
690,vemurafenib,CIDm42611257,true,26,1,"[""CHEMBL1229517""]",unique_structure_match
691,linagliptin,CIDm10096344,true,23,1,"[""CHEMBL237500""]",unique_structure_match
692,perampanel,CIDm09924495,true,14,1,"[""CHEMBL1214124""]",unique_structure_match
693,carfilzomib,CIDm11556711,true,62,1,"[""CHEMBL451887""]",unique_structure_match
694,mirabegron,CIDm09865528,true,98,1,"[""CHEMBL2095212""]",unique_structure_match
695,tofacitinib,CIDm09926791,false,0,0,[],stitch_not_found
696,regorafenib,CIDm11167602,true,28,1,"[""CHEMBL1946170""]",unique_structure_match
697,aclidinium.bromide,CIDm11467166,false,0,0,[],stitch_not_found
698,enzalutamide,CIDm15951529,true,12,2,"[""CHEMBL1082407"",""CHEMBL4594421""]",multiple_structure_matches
699,teduglutide,CIDm70683012,false,0,0,[],stitch_not_found
700,ponatinib,CIDm24826799,true,32,2,"[""CHEMBL1171837"",""CHEMBL2105708""]",multiple_structure_matches
701,bedaquiline,CIDm05388906,false,0,0,[],stitch_not_found
702,fluticasone.furoate,CIDm09854489,true,22,1,"[""CHEMBL1676""]",unique_structure_match
703,canagliflozin,CIDm24812758,true,22,2,"[""CHEMBL2048484"",""CHEMBL4594217""]",multiple_structure_matches
704,glycerol.phenylbutyrate,CIDm10482134,true,1,1,"[""CHEMBL2105745""]",unique_structure_match
705,pomalidomide,CIDm00134780,true,54,1,"[""CHEMBL43452""]",unique_structure_match
706,trametinib,CIDm11707110,true,6,2,"[""CHEMBL2103875"",""CHEMBL2105741""]",multiple_structure_matches
707,dabrafenib,CIDm44462760,true,7,2,"[""CHEMBL2028663"",""CHEMBL2105729""]",multiple_structure_matches
708,radium.(223Ra).dichloride,CIDm06328144,true,12,2,"[""CHEMBL4297420"",""CHEMBL4300465""]",multiple_structure_matches
709,afatinib,CIDm10184653,false,0,0,[],stitch_not_found
710,dolutegravir,CIDm46216142,true,77,2,"[""CHEMBL1213165"",""CHEMBL1229211""]",multiple_structure_matches
711,riociguat,CIDm11304743,true,35,1,"[""CHEMBL2107834""]",unique_structure_match
712,macitentan,CIDm16004692,true,92,1,"[""CHEMBL2103873""]",unique_structure_match
713,sofosbuvir,CIDm45375808,false,0,0,[],stitch_not_found
714,iopamidol,CIDm00065492,false,0,0,[],stitch_not_found
715,aliskiren,CIDm05493444,false,0,0,[],stitch_not_found
716,vorapaxar,CIDm10077129,false,0,0,[],stitch_not_found
717,suvorexant,CIDm24965990,true,4,1,"[""CHEMBL1083659""]",unique_structure_match
718,empagliflozin,CIDm11949646,true,9,1,"[""CHEMBL2107830""]",unique_structure_match
719,eliglustat,CIDm23652731,false,0,0,[],stitch_not_found
720,ibrutinib,CIDm24821094,false,0,0,[],stitch_not_found
721,cobicistat,CIDm25151504,false,0,0,[],stitch_not_found
722,vortioxetine,CIDm09966051,true,29,2,"[""CHEMBL2104993"",""CHEMBL2107387""]",multiple_structure_matches
723,tasimelteon,CIDm10220503,false,0,0,[],stitch_not_found
724,sodium.oxybate,CIDm00010413,true,41,5,"[""CHEMBL1200682"",""CHEMBL1342"",""CHEMBL4594393"",""CHEMBL4594394"",""CHEMBL4594395""]",multiple_structure_matches
725,umeclidinium.bromide,CIDm11519069,true,19,2,"[""CHEMBL1187833"",""CHEMBL523299""]",multiple_structure_matches
726,olodaterol,CIDm11504294,false,0,0,[],stitch_not_found
727,pinaverium,CIDm00040703,true,19,1,"[""CHEMBL1909324""]",unique_structure_match
728,benzoyl.peroxide,CIDm00007187,true,5,1,"[""CHEMBL1200370""]",unique_structure_match
729,elvitegravir,CIDm05277135,true,20,1,"[""CHEMBL204656""]",unique_structure_match
730,mesna,CIDm00000598,true,18,2,"[""CHEMBL1098319"",""CHEMBL975""]",multiple_structure_matches
731,saccharated.iron.oxide,CIDm06850789,true,4,0,[],stitch_found_no_optimuskg_match
732,florbetapir.(18F),CIDm24822371,true,4,2,"[""CHEMBL1774461"",""CHEMBL1908919""]",multiple_structure_matches
733,flutemetamol.(18F),CIDm15950376,false,0,0,[],stitch_not_found
734,iopromide,CIDm00003736,true,9,1,"[""CHEMBL1725""]",unique_structure_match
735,technetium.(99mTc).tetrofosmin,CIDm00004274,true,1,0,[],stitch_found_no_optimuskg_match
736,technetium.(99mTc).exametazime,CIDm00023957,true,17,0,[],stitch_found_no_optimuskg_match
737,nicorandil,CIDm00047528,true,9,1,"[""CHEMBL284906""]",unique_structure_match
738,sodium.aurothiomalate,CIDm00022318,true,10,1,"[""DRUGBANK:DB09276""]",unique_structure_match
739,sodium.phosphate,CIDm00001003,true,31,2,"[""CHEMBL1187"",""DRUGBANK:DB14523""]",multiple_structure_matches
740,iotrolan,CIDm00003738,true,2,0,[],stitch_found_no_optimuskg_match
741,secretin,CIDm16129665,true,1,0,[],stitch_found_no_optimuskg_match
742,desirudin,CIDm16129703,true,2,0,[],stitch_found_no_optimuskg_match
743,temoporfin,CIDm00060751,true,1,0,[],stitch_found_no_optimuskg_match
744,colestilan,CIDm00065840,true,1,0,[],stitch_found_no_optimuskg_match
745,tropisetron,CIDm00072165,false,0,0,[],stitch_not_found
746,clobetasol,CIDm00032797,true,16,1,"[""CHEMBL1201362""]",unique_structure_match
747,clobetasone,CIDm00071386,false,0,0,[],stitch_not_found
748,atracurium,CIDm00047319,true,29,3,"[""CHEMBL1201248"",""CHEMBL1360"",""DRUGBANK:DB13295""]",multiple_structure_matches
749,mifamurtide,CIDm11672602,false,0,0,[],stitch_not_found
750,fluticasone,CIDm05311101,false,0,0,[],stitch_not_found
751,candesartan,CIDm00002541,true,8,1,"[""CHEMBL1016""]",unique_structure_match
752,mometasone,CIDm00441335,false,0,0,[],stitch_not_found
753,tedizolid,CIDm11234049,true,6,1,"[""CHEMBL1257051""]",unique_structure_match
754,hydroxyprogesterone,CIDm00006238,true,41,1,"[""CHEMBL1062""]",unique_structure_match
755,eslicarbazepine,CIDm09881504,false,0,0,[],stitch_not_found
756,ceftobiprole.medocaril,CIDm12993649,false,0,0,[],stitch_not_found
