matrix_index,drug_name,stitch_id,name_resolution_status,name_selected_id,name_candidate_ids,structure_status,structure_match_ids,intersection_ids,proposed_optimuskg_id,evidence_class,confidence,final_status
0,lepirudin,CIDm16132441,ambiguous,"","[""CHEMBL1201666"",""DRUGBANK:DB00001""]",stitch_found_no_optimuskg_match,[],[],"",unresolved_ambiguous,review_required,unresolved
7,insulin.lispro,CIDm16132438,ambiguous,"",[],stitch_found_no_optimuskg_match,[],[],"",unresolved_ambiguous,review_required,unresolved
8,insulin.glargine,CIDm44146714,ambiguous,"",[],stitch_found_no_optimuskg_match,[],[],"",unresolved_ambiguous,review_required,unresolved
9,rasburicase,CIDm00474409,ambiguous,"","[""CHEMBL1201594"",""DRUGBANK:DB00049""]",stitch_not_found,[],[],"",unresolved_ambiguous,review_required,unresolved
10,albumin,CIDm00006432,resolved,CHEMBL1201451,"[""CHEMBL1201451""]",unique_structure_match,"[""CHEMBL1663""]",[],"",conflicting_evidence,review_required,review_required
11,eptifibatide,CIDm00448812,ambiguous,"","[""CHEMBL1174"",""DRUGBANK:DB00063""]",stitch_not_found,[],[],"",unresolved_ambiguous,review_required,unresolved
13,daptomycin,CIDm16129688,ambiguous,"","[""CHEMBL387675"",""DRUGBANK:DB00080"",""RXNORM:22299""]",stitch_not_found,[],[],"",unresolved_ambiguous,review_required,unresolved
17,interferon.alfa-2b,CIDm71306834,ambiguous,"",[],stitch_found_no_optimuskg_match,[],[],"",unresolved_ambiguous,review_required,unresolved
19,oxytocin,CIDm00005771,ambiguous,"","[""CHEMBL395429"",""DRUGBANK:DB00107""]",equivalent_structure_group,"[""CHEMBL395429"",""DRUGBANK:DB00107""]","[""CHEMBL395429"",""DRUGBANK:DB00107""]","",unresolved_ambiguous,review_required,unresolved
20,enfuvirtide,CIDm16130199,ambiguous,"","[""CHEMBL525076"",""DRUGBANK:DB00109""]",equivalent_structure_group,"[""CHEMBL525076"",""DRUGBANK:DB00109""]","[""CHEMBL525076"",""DRUGBANK:DB00109""]","",unresolved_ambiguous,review_required,unresolved
30,cevimeline,CIDm00083898,ambiguous,"","[""CHEMBL168815"",""CHEMBL2218917"",""DRUGBANK:DB00185""]",stitch_not_found,[],[],"",unresolved_ambiguous,review_required,unresolved
33,bortezomib,CIDm00387447,ambiguous,"","[""CHEMBL325041"",""RXNORM:358258""]",stitch_not_found,[],[],"",unresolved_ambiguous,review_required,unresolved
73,olmesartan.medoxomil,CIDm00158781,resolved,CHEMBL1200692,[],unique_structure_match,"[""CHEMBL1516""]",[],"",conflicting_evidence,review_required,review_required
83,bleomycin,CIDm05360373,ambiguous,"","[""CHEMBL403664"",""DRUGBANK:DB00290""]",stitch_not_found,[],[],"",unresolved_ambiguous,review_required,unresolved
91,tenofovir.disoproxil,CIDm05481350,ambiguous,"",[],stitch_not_found,[],[],"",unresolved_ambiguous,review_required,unresolved
128,treprostinil,CIDm06918140,ambiguous,"","[""CHEMBL1237119"",""RXNORM:343048""]",stitch_not_found,[],[],"",unresolved_ambiguous,review_required,unresolved
181,entacapone,CIDm05281081,ambiguous,"","[""CHEMBL953"",""RXNORM:60307""]",stitch_not_found,[],[],"",unresolved_ambiguous,review_required,unresolved
188,ritonavir,CIDm00392622,ambiguous,"","[""CHEMBL163"",""RXNORM:85762""]",stitch_not_found,[],[],"",unresolved_ambiguous,review_required,unresolved
194,caspofungin,CIDm02826718,ambiguous,"","[""CHEMBL1630575"",""DRUGBANK:DB00520""]",stitch_not_found,[],[],"",unresolved_ambiguous,review_required,unresolved
204,gadoversetamide,CIDm00444013,unmatched,"",[],stitch_found_no_optimuskg_match,[],[],"",unresolved_unmatched,unresolved,unresolved
218,methotrexate,CIDm00126941,ambiguous,"","[""CHEMBL34259"",""RXNORM:6851""]",stitch_not_found,[],[],"",unresolved_ambiguous,review_required,unresolved
233,gadoteridol,CIDm00060714,ambiguous,"","[""CHEMBL1200593"",""DRUGBANK:DB00597""]",stitch_not_found,[],[],"",unresolved_ambiguous,review_required,unresolved
236,ivermectin,CIDm06435110,ambiguous,"","[""CHEMBL1200633"",""DRUGBANK:DB00602""]",equivalent_structure_group,"[""CHEMBL1200633"",""DRUGBANK:DB00602""]","[""CHEMBL1200633"",""DRUGBANK:DB00602""]","",unresolved_ambiguous,review_required,unresolved
238,butorphanol,CIDm05361092,ambiguous,"","[""CHEMBL33986"",""DRUGBANK:DB00611""]",stitch_not_found,[],[],"",unresolved_ambiguous,review_required,unresolved
243,testosterone,CIDm00006013,ambiguous,"","[""CHEMBL386630"",""RXNORM:10379""]",stitch_not_found,[],[],"",unresolved_ambiguous,review_required,unresolved
261,nafarelin,CIDm25077649,ambiguous,"","[""CHEMBL1201309"",""DRUGBANK:DB00666""]",stitch_not_found,[],[],"",unresolved_ambiguous,review_required,unresolved
272,pentosan.polysulfate.sodium,CIDm00037720,resolved,CHEMBL1201516,[],unique_structure_match,"[""CHEMBL4073796""]",[],"",conflicting_evidence,review_required,review_required
273,moexipril,CIDm00055331,resolved,CHEMBL1165,"[""CHEMBL1165""]",unique_structure_match,"[""CHEMBL1201405""]",[],"",conflicting_evidence,review_required,review_required
275,fluorescein,CIDm00016850,resolved,CHEMBL4297067,"[""CHEMBL4297067""]",unique_structure_match,"[""CHEMBL1057""]",[],"",conflicting_evidence,review_required,review_required
284,porfimer.sodium,CIDm03086257,ambiguous,"",[],stitch_found_no_optimuskg_match,[],[],"",unresolved_ambiguous,review_required,unresolved
286,lamivudine,CIDm00060825,ambiguous,"","[""CHEMBL141"",""RXNORM:68244""]",stitch_not_found,[],[],"",unresolved_ambiguous,review_required,unresolved
296,naftifine,CIDm00047641,ambiguous,"","[""CHEMBL626"",""DRUGBANK:DB00735""]",stitch_not_found,[],[],"",unresolved_ambiguous,review_required,unresolved
298,pentamidine.isethionate,CIDm00004735,resolved,CHEMBL361506,[],unique_structure_match,"[""CHEMBL55""]",[],"",conflicting_evidence,review_required,review_required
315,estradiol,CIDm00005757,ambiguous,"","[""CHEMBL135"",""RXNORM:4083""]",stitch_not_found,[],[],"",unresolved_ambiguous,review_required,unresolved
368,buprenorphine,CIDm06321408,ambiguous,"","[""CHEMBL511142"",""CHEMBL560511""]",stitch_not_found,[],[],"",unresolved_ambiguous,review_required,unresolved
372,azacitidine,CIDm00009444,ambiguous,"","[""CHEMBL1489"",""RXNORM:1251""]",stitch_not_found,[],[],"",unresolved_ambiguous,review_required,unresolved
384,carboplatin,CIDm00038904,ambiguous,"","[""CHEMBL1351"",""DRUGBANK:DB00958""]",stitch_not_found,[],[],"",unresolved_ambiguous,review_required,unresolved
398,formoterol,CIDm03083544,ambiguous,"","[""CHEMBL1256786"",""RXNORM:25255""]",stitch_not_found,[],[],"",unresolved_ambiguous,review_required,unresolved
405,auranofin,CIDm06918453,ambiguous,"","[""CHEMBL1366"",""DRUGBANK:DB00995""]",stitch_not_found,[],[],"",unresolved_ambiguous,review_required,unresolved
420,sulfamethoxazole.and.trimethoprim,CIDm00358641,unmatched,"",[],unique_structure_match,"[""CHEMBL58061""]",[],CHEMBL58061,structure_only_candidate,review_required,review_required
437,abacavir,CIDm00065139,ambiguous,"","[""CHEMBL1380"",""RXNORM:190521""]",stitch_not_found,[],[],"",unresolved_ambiguous,review_required,unresolved
459,heparin,CIDm00000772,ambiguous,"","[""CHEMBL4650299"",""DRUGBANK:DB01109""]",stitch_found_no_optimuskg_match,[],[],"",unresolved_ambiguous,review_required,unresolved
480,itraconazole,CIDm00055283,ambiguous,"","[""CHEMBL64391"",""DRUGBANK:DB01167""]",stitch_not_found,[],[],"",unresolved_ambiguous,review_required,unresolved
481,arsenic.trioxide,CIDm00014888,ambiguous,"",[],stitch_found_no_optimuskg_match,[],[],"",unresolved_ambiguous,review_required,unresolved
497,levetiracetam,CIDm05284583,ambiguous,"","[""CHEMBL1286"",""RXNORM:114477""]",stitch_not_found,[],[],"",unresolved_ambiguous,review_required,unresolved
498,nadolol,CIDm00039147,ambiguous,"","[""CHEMBL521606"",""CHEMBL649""]",stitch_not_found,[],[],"",unresolved_ambiguous,review_required,unresolved
509,budesonide,CIDm05281004,ambiguous,"","[""CHEMBL1370"",""RXNORM:19831""]",stitch_not_found,[],[],"",unresolved_ambiguous,review_required,unresolved
512,paclitaxel,CIDm05352019,ambiguous,"","[""CHEMBL428647"",""RXNORM:56946""]",stitch_not_found,[],[],"",unresolved_ambiguous,review_required,unresolved
515,levodopa,CIDm00441193,ambiguous,"","[""CHEMBL1009"",""RXNORM:6375""]",stitch_not_found,[],[],"",unresolved_ambiguous,review_required,unresolved
530,posaconazole,CIDm00468595,ambiguous,"","[""CHEMBL1397"",""RXNORM:282446""]",stitch_not_found,[],[],"",unresolved_ambiguous,review_required,unresolved
535,varenicline,CIDm00170361,ambiguous,"","[""CHEMBL1076903"",""DRUGBANK:DB01273""]",multiple_structure_matches,"[""CHEMBL1076903"",""CHEMBL5303393"",""DRUGBANK:DB01273""]","[""CHEMBL1076903"",""DRUGBANK:DB01273""]","",unresolved_ambiguous,review_required,unresolved
537,exenatide,CIDm16157882,ambiguous,"","[""CHEMBL414357"",""DRUGBANK:DB01276""]",stitch_not_found,[],[],"",unresolved_ambiguous,review_required,unresolved
539,corticotropin,CIDm16132265,ambiguous,"","[""CHEMBL1201610"",""DRUGBANK:DB01285""]",stitch_found_no_optimuskg_match,[],[],"",unresolved_ambiguous,review_required,unresolved
541,insulin.aspart,CIDm16132418,ambiguous,"",[],stitch_found_no_optimuskg_match,[],[],"",unresolved_ambiguous,review_required,unresolved
542,insulin.detemir,CIDm16137271,ambiguous,"",[],unique_structure_match,"[""CHEMBL2104391""]",[],"",unresolved_ambiguous,review_required,unresolved
548,rasagiline,CIDm03052775,ambiguous,"","[""CHEMBL887"",""RXNORM:134748""]",stitch_not_found,[],[],"",unresolved_ambiguous,review_required,unresolved
549,sodium.bicarbonate,CIDm00000923,resolved,CHEMBL1353,[],unique_structure_match,"[""DRUGBANK:DB14516""]",[],"",conflicting_evidence,review_required,review_required
556,colestyramine,CIDm70695640,ambiguous,"","[""CHEMBL1201625"",""DRUGBANK:DB01432""]",stitch_found_no_optimuskg_match,[],[],"",unresolved_ambiguous,review_required,unresolved
562,everolimus,CIDm06442177,ambiguous,"","[""CHEMBL1908360"",""RXNORM:141704""]",stitch_not_found,[],[],"",unresolved_ambiguous,review_required,unresolved
569,fotemustine,CIDm00104799,ambiguous,"","[""CHEMBL549386"",""DRUGBANK:DB04106""]",equivalent_structure_group,"[""CHEMBL549386"",""DRUGBANK:DB04106""]","[""CHEMBL549386"",""DRUGBANK:DB04106""]","",unresolved_ambiguous,review_required,unresolved
582,nesiritide,CIDm25081014,ambiguous,"","[""CHEMBL1201668"",""DRUGBANK:DB04899""]",stitch_not_found,[],[],"",unresolved_ambiguous,review_required,unresolved
588,ingenol.mebutate,CIDm06918670,ambiguous,"",[],multiple_structure_matches,"[""CHEMBL1863513"",""DRUGBANK:DB05013""]",[],"",unresolved_ambiguous,review_required,unresolved
596,ecallantide,CIDm44201343,ambiguous,"","[""CHEMBL1201837"",""DRUGBANK:DB05311""]",stitch_found_no_optimuskg_match,[],[],"",unresolved_ambiguous,review_required,unresolved
597,romiplostim,CIDm05329098,ambiguous,"","[""CHEMBL1201832"",""DRUGBANK:DB05332""]",stitch_not_found,[],[],"",unresolved_ambiguous,review_required,unresolved
602,ustekinumab,CIDm00121749,ambiguous,"","[""CHEMBL1201835"",""DRUGBANK:DB05679""]",unique_structure_match,"[""CHEMBL129788""]",[],"",unresolved_ambiguous,review_required,unresolved
614,tolvaptan,CIDm00216237,ambiguous,"","[""CHEMBL344159"",""DRUGBANK:DB06212""]",multiple_structure_matches,"[""CHEMBL344159"",""DRUGBANK:DB06212""]","[""CHEMBL344159"",""DRUGBANK:DB06212""]","",unresolved_ambiguous,review_required,unresolved
619,dalbavancin,CIDm44567678,ambiguous,"","[""CHEMBL3301669"",""DRUGBANK:DB06219""]",stitch_found_no_optimuskg_match,[],[],"",unresolved_ambiguous,review_required,unresolved
626,ziconotide,CIDm16129690,ambiguous,"","[""CHEMBL4594214"",""DRUGBANK:DB06283""]",equivalent_structure_group,"[""CHEMBL4594214"",""DRUGBANK:DB06283""]","[""CHEMBL4594214"",""DRUGBANK:DB06283""]","",unresolved_ambiguous,review_required,unresolved
627,teriparatide,CIDm16129682,ambiguous,"","[""CHEMBL525610"",""DRUGBANK:DB06285""]",equivalent_structure_group,"[""CHEMBL525610"",""DRUGBANK:DB06285""]","[""CHEMBL525610"",""DRUGBANK:DB06285""]","",unresolved_ambiguous,review_required,unresolved
633,ambrisentan,CIDm06918493,ambiguous,"","[""CHEMBL1111"",""RXNORM:358274""]",stitch_not_found,[],[],"",unresolved_ambiguous,review_required,unresolved
645,ofatumumab,CIDm06918250,ambiguous,"","[""CHEMBL1201836"",""DRUGBANK:DB06650""]",stitch_not_found,[],[],"",unresolved_ambiguous,review_required,unresolved
646,liraglutide,CIDm16134956,ambiguous,"","[""CHEMBL4084119"",""DRUGBANK:DB06655""]",equivalent_structure_group,"[""CHEMBL4084119"",""DRUGBANK:DB06655""]","[""CHEMBL4084119"",""DRUGBANK:DB06655""]","",unresolved_ambiguous,review_required,unresolved
657,buserelin,CIDm00050224,ambiguous,"","[""CHEMBL2110824"",""DRUGBANK:DB06719""]",stitch_not_found,[],[],"",unresolved_ambiguous,review_required,unresolved
664,histrelin,CIDm25077993,ambiguous,"","[""CHEMBL1201255"",""DRUGBANK:DB06788""]",multiple_structure_matches,"[""CHEMBL1200509"",""CHEMBL1201255"",""DRUGBANK:DB06788""]","[""CHEMBL1201255"",""DRUGBANK:DB06788""]","",unresolved_ambiguous,review_required,unresolved
665,lanreotide,CIDm00071348,ambiguous,"","[""CHEMBL1201185"",""DRUGBANK:DB06791""]",multiple_structure_matches,"[""CHEMBL1201184"",""CHEMBL1201185"",""DRUGBANK:DB06791""]","[""CHEMBL1201185"",""DRUGBANK:DB06791""]","",unresolved_ambiguous,review_required,unresolved
666,lanthanum.carbonate,CIDm00168924,ambiguous,"",[],unique_structure_match,"[""DRUGBANK:DB06792""]",[],"",unresolved_ambiguous,review_required,unresolved
683,tesamorelin,CIDm44201342,ambiguous,"","[""CHEMBL1237026"",""DRUGBANK:DB08869""]",stitch_found_no_optimuskg_match,[],[],"",unresolved_ambiguous,review_required,unresolved
699,teduglutide,CIDm70683012,ambiguous,"","[""CHEMBL2104987"",""DRUGBANK:DB08900""]",stitch_not_found,[],[],"",unresolved_ambiguous,review_required,unresolved
708,radium.(223Ra).dichloride,CIDm06328144,resolved,CHEMBL2107816,[],multiple_structure_matches,"[""CHEMBL4297420"",""CHEMBL4300465""]",[],"",conflicting_evidence,review_required,review_required
731,saccharated.iron.oxide,CIDm06850789,ambiguous,"",[],stitch_found_no_optimuskg_match,[],[],"",unresolved_ambiguous,review_required,unresolved
735,technetium.(99mTc).tetrofosmin,CIDm00004274,unmatched,"",[],stitch_found_no_optimuskg_match,[],[],"",unresolved_unmatched,unresolved,unresolved
739,sodium.phosphate,CIDm00001003,resolved,CHEMBL1060,[],multiple_structure_matches,"[""CHEMBL1187"",""DRUGBANK:DB14523""]",[],"",conflicting_evidence,review_required,review_required
740,iotrolan,CIDm00003738,unmatched,"",[],stitch_found_no_optimuskg_match,[],[],"",unresolved_unmatched,unresolved,unresolved
742,desirudin,CIDm16129703,ambiguous,"","[""CHEMBL1201662"",""DRUGBANK:DB11095""]",stitch_found_no_optimuskg_match,[],[],"",unresolved_ambiguous,review_required,unresolved
744,colestilan,CIDm00065840,ambiguous,"","[""CHEMBL2103800"",""DRUGBANK:DB11634""]",stitch_found_no_optimuskg_match,[],[],"",unresolved_ambiguous,review_required,unresolved
748,atracurium,CIDm00047319,ambiguous,"","[""CHEMBL1360"",""DRUGBANK:DB13295""]",multiple_structure_matches,"[""CHEMBL1201248"",""CHEMBL1360"",""DRUGBANK:DB13295""]","[""CHEMBL1360"",""DRUGBANK:DB13295""]","",unresolved_ambiguous,review_required,unresolved
749,mifamurtide,CIDm11672602,ambiguous,"","[""CHEMBL2107354"",""DRUGBANK:DB13615""]",stitch_not_found,[],[],"",unresolved_ambiguous,review_required,unresolved
750,fluticasone,CIDm05311101,ambiguous,"","[""CHEMBL1201396"",""CHEMBL1473"",""RXNORM:41126""]",stitch_not_found,[],[],"",unresolved_ambiguous,review_required,unresolved
756,ceftobiprole.medocaril,CIDm12993649,ambiguous,"",[],stitch_not_found,[],[],"",unresolved_ambiguous,review_required,unresolved
