matrix_index,biokorf_drug_id,graph_node_index,has_kg_connection
0,BIOKORF_DRUG_000,0,True
1,BIOKORF_DRUG_001,1,True
2,BIOKORF_DRUG_002,2,True
3,BIOKORF_DRUG_003,3,True
4,BIOKORF_DRUG_004,4,True
5,BIOKORF_DRUG_005,5,True
6,BIOKORF_DRUG_006,6,True
7,BIOKORF_DRUG_007,7,True
8,BIOKORF_DRUG_008,8,True
9,BIOKORF_DRUG_009,9,True
10,BIOKORF_DRUG_010,10,False
11,BIOKORF_DRUG_011,11,True
12,BIOKORF_DRUG_012,12,True
13,BIOKORF_DRUG_013,13,False
14,BIOKORF_DRUG_014,14,True
15,BIOKORF_DRUG_015,15,True
16,BIOKORF_DRUG_016,16,True
17,BIOKORF_DRUG_017,17,True
18,BIOKORF_DRUG_018,18,True
19,BIOKORF_DRUG_019,19,True
20,BIOKORF_DRUG_020,20,True
21,BIOKORF_DRUG_021,21,True
22,BIOKORF_DRUG_022,22,True
23,BIOKORF_DRUG_023,23,True
24,BIOKORF_DRUG_024,24,True
25,BIOKORF_DRUG_025,25,True
26,BIOKORF_DRUG_026,26,True
27,BIOKORF_DRUG_027,27,True
28,BIOKORF_DRUG_028,28,True
29,BIOKORF_DRUG_029,29,True
30,BIOKORF_DRUG_030,30,True
31,BIOKORF_DRUG_031,31,True
32,BIOKORF_DRUG_032,32,True
33,BIOKORF_DRUG_033,33,True
34,BIOKORF_DRUG_034,34,True
35,BIOKORF_DRUG_035,35,True
36,BIOKORF_DRUG_036,36,True
37,BIOKORF_DRUG_037,37,True
38,BIOKORF_DRUG_038,38,True
39,BIOKORF_DRUG_039,39,True
40,BIOKORF_DRUG_040,40,True
41,BIOKORF_DRUG_041,41,True
42,BIOKORF_DRUG_042,42,True
43,BIOKORF_DRUG_043,43,True
44,BIOKORF_DRUG_044,44,True
45,BIOKORF_DRUG_045,45,True
46,BIOKORF_DRUG_046,46,True
47,BIOKORF_DRUG_047,47,True
48,BIOKORF_DRUG_048,48,True
49,BIOKORF_DRUG_049,49,True
50,BIOKORF_DRUG_050,50,True
51,BIOKORF_DRUG_051,51,True
52,BIOKORF_DRUG_052,52,True
53,BIOKORF_DRUG_053,53,True
54,BIOKORF_DRUG_054,54,True
55,BIOKORF_DRUG_055,55,True
56,BIOKORF_DRUG_056,56,True
57,BIOKORF_DRUG_057,57,True
58,BIOKORF_DRUG_058,58,True
59,BIOKORF_DRUG_059,59,True
60,BIOKORF_DRUG_060,60,True
61,BIOKORF_DRUG_061,61,True
62,BIOKORF_DRUG_062,62,True
63,BIOKORF_DRUG_063,63,True
64,BIOKORF_DRUG_064,64,True
65,BIOKORF_DRUG_065,65,True
66,BIOKORF_DRUG_066,66,True
67,BIOKORF_DRUG_067,67,True
68,BIOKORF_DRUG_068,68,True
69,BIOKORF_DRUG_069,69,True
70,BIOKORF_DRUG_070,70,True
71,BIOKORF_DRUG_071,71,True
72,BIOKORF_DRUG_072,72,True
73,BIOKORF_DRUG_073,73,False
74,BIOKORF_DRUG_074,74,True
75,BIOKORF_DRUG_075,75,True
76,BIOKORF_DRUG_076,76,True
77,BIOKORF_DRUG_077,77,True
78,BIOKORF_DRUG_078,78,True
79,BIOKORF_DRUG_079,79,True
80,BIOKORF_DRUG_080,80,True
81,BIOKORF_DRUG_081,81,True
82,BIOKORF_DRUG_082,82,True
83,BIOKORF_DRUG_083,83,False
84,BIOKORF_DRUG_084,84,True
85,BIOKORF_DRUG_085,85,True
86,BIOKORF_DRUG_086,86,True
87,BIOKORF_DRUG_087,87,True
88,BIOKORF_DRUG_088,88,True
89,BIOKORF_DRUG_089,89,True
90,BIOKORF_DRUG_090,90,True
91,BIOKORF_DRUG_091,91,True
92,BIOKORF_DRUG_092,92,True
93,BIOKORF_DRUG_093,93,True
94,BIOKORF_DRUG_094,94,True
95,BIOKORF_DRUG_095,95,True
96,BIOKORF_DRUG_096,96,True
97,BIOKORF_DRUG_097,97,True
98,BIOKORF_DRUG_098,98,True
99,BIOKORF_DRUG_099,99,True
100,BIOKORF_DRUG_100,100,True
101,BIOKORF_DRUG_101,101,True
102,BIOKORF_DRUG_102,102,True
103,BIOKORF_DRUG_103,103,True
104,BIOKORF_DRUG_104,104,True
105,BIOKORF_DRUG_105,105,True
106,BIOKORF_DRUG_106,106,True
107,BIOKORF_DRUG_107,107,True
108,BIOKORF_DRUG_108,108,True
109,BIOKORF_DRUG_109,109,True
110,BIOKORF_DRUG_110,110,True
111,BIOKORF_DRUG_111,111,True
112,BIOKORF_DRUG_112,112,True
113,BIOKORF_DRUG_113,113,True
114,BIOKORF_DRUG_114,114,True
115,BIOKORF_DRUG_115,115,True
116,BIOKORF_DRUG_116,116,True
117,BIOKORF_DRUG_117,117,True
118,BIOKORF_DRUG_118,118,True
119,BIOKORF_DRUG_119,119,True
120,BIOKORF_DRUG_120,120,True
121,BIOKORF_DRUG_121,121,True
122,BIOKORF_DRUG_122,122,True
123,BIOKORF_DRUG_123,123,True
124,BIOKORF_DRUG_124,124,True
125,BIOKORF_DRUG_125,125,True
126,BIOKORF_DRUG_126,126,True
127,BIOKORF_DRUG_127,127,True
128,BIOKORF_DRUG_128,128,True
129,BIOKORF_DRUG_129,129,True
130,BIOKORF_DRUG_130,130,True
131,BIOKORF_DRUG_131,131,True
132,BIOKORF_DRUG_132,132,True
133,BIOKORF_DRUG_133,133,True
134,BIOKORF_DRUG_134,134,True
135,BIOKORF_DRUG_135,135,True
136,BIOKORF_DRUG_136,136,True
137,BIOKORF_DRUG_137,137,True
138,BIOKORF_DRUG_138,138,True
139,BIOKORF_DRUG_139,139,True
140,BIOKORF_DRUG_140,140,True
141,BIOKORF_DRUG_141,141,True
142,BIOKORF_DRUG_142,142,True
143,BIOKORF_DRUG_143,143,True
144,BIOKORF_DRUG_144,144,True
145,BIOKORF_DRUG_145,145,True
146,BIOKORF_DRUG_146,146,True
147,BIOKORF_DRUG_147,147,True
148,BIOKORF_DRUG_148,148,True
149,BIOKORF_DRUG_149,149,True
150,BIOKORF_DRUG_150,150,True
151,BIOKORF_DRUG_151,151,True
152,BIOKORF_DRUG_152,152,True
153,BIOKORF_DRUG_153,153,True
154,BIOKORF_DRUG_154,154,True
155,BIOKORF_DRUG_155,155,True
156,BIOKORF_DRUG_156,156,True
157,BIOKORF_DRUG_157,157,True
158,BIOKORF_DRUG_158,158,True
159,BIOKORF_DRUG_159,159,True
160,BIOKORF_DRUG_160,160,True
161,BIOKORF_DRUG_161,161,True
162,BIOKORF_DRUG_162,162,True
163,BIOKORF_DRUG_163,163,True
164,BIOKORF_DRUG_164,164,True
165,BIOKORF_DRUG_165,165,True
166,BIOKORF_DRUG_166,166,True
167,BIOKORF_DRUG_167,167,True
168,BIOKORF_DRUG_168,168,True
169,BIOKORF_DRUG_169,169,True
170,BIOKORF_DRUG_170,170,True
171,BIOKORF_DRUG_171,171,True
172,BIOKORF_DRUG_172,172,True
173,BIOKORF_DRUG_173,173,True
174,BIOKORF_DRUG_174,174,True
175,BIOKORF_DRUG_175,175,True
176,BIOKORF_DRUG_176,176,True
177,BIOKORF_DRUG_177,177,True
178,BIOKORF_DRUG_178,178,True
179,BIOKORF_DRUG_179,179,True
180,BIOKORF_DRUG_180,180,True
181,BIOKORF_DRUG_181,181,True
182,BIOKORF_DRUG_182,182,True
183,BIOKORF_DRUG_183,183,True
184,BIOKORF_DRUG_184,184,True
185,BIOKORF_DRUG_185,185,True
186,BIOKORF_DRUG_186,186,True
187,BIOKORF_DRUG_187,187,True
188,BIOKORF_DRUG_188,188,True
189,BIOKORF_DRUG_189,189,True
190,BIOKORF_DRUG_190,190,True
191,BIOKORF_DRUG_191,191,True
192,BIOKORF_DRUG_192,192,True
193,BIOKORF_DRUG_193,193,True
194,BIOKORF_DRUG_194,194,True
195,BIOKORF_DRUG_195,195,True
196,BIOKORF_DRUG_196,196,True
197,BIOKORF_DRUG_197,197,True
198,BIOKORF_DRUG_198,198,True
199,BIOKORF_DRUG_199,199,True
200,BIOKORF_DRUG_200,200,True
201,BIOKORF_DRUG_201,201,True
202,BIOKORF_DRUG_202,202,True
203,BIOKORF_DRUG_203,203,True
204,BIOKORF_DRUG_204,204,False
205,BIOKORF_DRUG_205,205,True
206,BIOKORF_DRUG_206,206,True
207,BIOKORF_DRUG_207,207,True
208,BIOKORF_DRUG_208,208,True
209,BIOKORF_DRUG_209,209,True
210,BIOKORF_DRUG_210,210,True
211,BIOKORF_DRUG_211,211,True
212,BIOKORF_DRUG_212,212,True
213,BIOKORF_DRUG_213,213,True
214,BIOKORF_DRUG_214,214,True
215,BIOKORF_DRUG_215,215,True
216,BIOKORF_DRUG_216,216,True
217,BIOKORF_DRUG_217,217,True
218,BIOKORF_DRUG_218,218,True
219,BIOKORF_DRUG_219,219,True
220,BIOKORF_DRUG_220,220,True
221,BIOKORF_DRUG_221,221,True
222,BIOKORF_DRUG_222,222,True
223,BIOKORF_DRUG_223,223,True
224,BIOKORF_DRUG_224,224,True
225,BIOKORF_DRUG_225,225,True
226,BIOKORF_DRUG_226,226,True
227,BIOKORF_DRUG_227,227,True
228,BIOKORF_DRUG_228,228,True
229,BIOKORF_DRUG_229,229,True
230,BIOKORF_DRUG_230,230,True
231,BIOKORF_DRUG_231,231,True
232,BIOKORF_DRUG_232,232,True
233,BIOKORF_DRUG_233,233,True
234,BIOKORF_DRUG_234,234,True
235,BIOKORF_DRUG_235,235,True
236,BIOKORF_DRUG_236,236,True
237,BIOKORF_DRUG_237,237,True
238,BIOKORF_DRUG_238,238,True
239,BIOKORF_DRUG_239,239,True
240,BIOKORF_DRUG_240,240,True
241,BIOKORF_DRUG_241,241,True
242,BIOKORF_DRUG_242,242,True
243,BIOKORF_DRUG_243,243,True
244,BIOKORF_DRUG_244,244,True
245,BIOKORF_DRUG_245,245,True
246,BIOKORF_DRUG_246,246,True
247,BIOKORF_DRUG_247,247,True
248,BIOKORF_DRUG_248,248,True
249,BIOKORF_DRUG_249,249,True
250,BIOKORF_DRUG_250,250,True
251,BIOKORF_DRUG_251,251,True
252,BIOKORF_DRUG_252,252,True
253,BIOKORF_DRUG_253,253,True
254,BIOKORF_DRUG_254,254,True
255,BIOKORF_DRUG_255,255,True
256,BIOKORF_DRUG_256,256,True
257,BIOKORF_DRUG_257,257,True
258,BIOKORF_DRUG_258,258,True
259,BIOKORF_DRUG_259,259,True
260,BIOKORF_DRUG_260,260,True
261,BIOKORF_DRUG_261,261,False
262,BIOKORF_DRUG_262,262,True
263,BIOKORF_DRUG_263,263,True
264,BIOKORF_DRUG_264,264,True
265,BIOKORF_DRUG_265,265,True
266,BIOKORF_DRUG_266,266,True
267,BIOKORF_DRUG_267,267,True
268,BIOKORF_DRUG_268,268,True
269,BIOKORF_DRUG_269,269,True
270,BIOKORF_DRUG_270,270,True
271,BIOKORF_DRUG_271,271,True
272,BIOKORF_DRUG_272,272,False
273,BIOKORF_DRUG_273,273,False
274,BIOKORF_DRUG_274,274,True
275,BIOKORF_DRUG_275,275,False
276,BIOKORF_DRUG_276,276,True
277,BIOKORF_DRUG_277,277,True
278,BIOKORF_DRUG_278,278,True
279,BIOKORF_DRUG_279,279,True
280,BIOKORF_DRUG_280,280,True
281,BIOKORF_DRUG_281,281,True
282,BIOKORF_DRUG_282,282,True
283,BIOKORF_DRUG_283,283,True
284,BIOKORF_DRUG_284,284,True
285,BIOKORF_DRUG_285,285,True
286,BIOKORF_DRUG_286,286,True
287,BIOKORF_DRUG_287,287,True
288,BIOKORF_DRUG_288,288,True
289,BIOKORF_DRUG_289,289,True
290,BIOKORF_DRUG_290,290,True
291,BIOKORF_DRUG_291,291,True
292,BIOKORF_DRUG_292,292,True
293,BIOKORF_DRUG_293,293,True
294,BIOKORF_DRUG_294,294,True
295,BIOKORF_DRUG_295,295,True
296,BIOKORF_DRUG_296,296,True
297,BIOKORF_DRUG_297,297,True
298,BIOKORF_DRUG_298,298,False
299,BIOKORF_DRUG_299,299,True
300,BIOKORF_DRUG_300,300,True
301,BIOKORF_DRUG_301,301,True
302,BIOKORF_DRUG_302,302,True
303,BIOKORF_DRUG_303,303,True
304,BIOKORF_DRUG_304,304,True
305,BIOKORF_DRUG_305,305,True
306,BIOKORF_DRUG_306,306,True
307,BIOKORF_DRUG_307,307,True
308,BIOKORF_DRUG_308,308,True
309,BIOKORF_DRUG_309,309,True
310,BIOKORF_DRUG_310,310,True
311,BIOKORF_DRUG_311,311,True
312,BIOKORF_DRUG_312,312,True
313,BIOKORF_DRUG_313,313,True
314,BIOKORF_DRUG_314,314,True
315,BIOKORF_DRUG_315,315,True
316,BIOKORF_DRUG_316,316,True
317,BIOKORF_DRUG_317,317,True
318,BIOKORF_DRUG_318,318,True
319,BIOKORF_DRUG_319,319,True
320,BIOKORF_DRUG_320,320,True
321,BIOKORF_DRUG_321,321,True
322,BIOKORF_DRUG_322,322,True
323,BIOKORF_DRUG_323,323,True
324,BIOKORF_DRUG_324,324,True
325,BIOKORF_DRUG_325,325,True
326,BIOKORF_DRUG_326,326,True
327,BIOKORF_DRUG_327,327,True
328,BIOKORF_DRUG_328,328,True
329,BIOKORF_DRUG_329,329,True
330,BIOKORF_DRUG_330,330,True
331,BIOKORF_DRUG_331,331,True
332,BIOKORF_DRUG_332,332,True
333,BIOKORF_DRUG_333,333,True
334,BIOKORF_DRUG_334,334,True
335,BIOKORF_DRUG_335,335,True
336,BIOKORF_DRUG_336,336,True
337,BIOKORF_DRUG_337,337,True
338,BIOKORF_DRUG_338,338,True
339,BIOKORF_DRUG_339,339,True
340,BIOKORF_DRUG_340,340,True
341,BIOKORF_DRUG_341,341,True
342,BIOKORF_DRUG_342,342,True
343,BIOKORF_DRUG_343,343,True
344,BIOKORF_DRUG_344,344,True
345,BIOKORF_DRUG_345,345,True
346,BIOKORF_DRUG_346,346,True
347,BIOKORF_DRUG_347,347,True
348,BIOKORF_DRUG_348,348,True
349,BIOKORF_DRUG_349,349,True
350,BIOKORF_DRUG_350,350,True
351,BIOKORF_DRUG_351,351,True
352,BIOKORF_DRUG_352,352,True
353,BIOKORF_DRUG_353,353,True
354,BIOKORF_DRUG_354,354,True
355,BIOKORF_DRUG_355,355,True
356,BIOKORF_DRUG_356,356,True
357,BIOKORF_DRUG_357,357,True
358,BIOKORF_DRUG_358,358,True
359,BIOKORF_DRUG_359,359,True
360,BIOKORF_DRUG_360,360,True
361,BIOKORF_DRUG_361,361,True
362,BIOKORF_DRUG_362,362,True
363,BIOKORF_DRUG_363,363,True
364,BIOKORF_DRUG_364,364,True
365,BIOKORF_DRUG_365,365,True
366,BIOKORF_DRUG_366,366,True
367,BIOKORF_DRUG_367,367,True
368,BIOKORF_DRUG_368,368,False
369,BIOKORF_DRUG_369,369,True
370,BIOKORF_DRUG_370,370,True
371,BIOKORF_DRUG_371,371,True
372,BIOKORF_DRUG_372,372,True
373,BIOKORF_DRUG_373,373,True
374,BIOKORF_DRUG_374,374,True
375,BIOKORF_DRUG_375,375,True
376,BIOKORF_DRUG_376,376,True
377,BIOKORF_DRUG_377,377,True
378,BIOKORF_DRUG_378,378,True
379,BIOKORF_DRUG_379,379,True
380,BIOKORF_DRUG_380,380,True
381,BIOKORF_DRUG_381,381,True
382,BIOKORF_DRUG_382,382,True
383,BIOKORF_DRUG_383,383,True
384,BIOKORF_DRUG_384,384,True
385,BIOKORF_DRUG_385,385,True
386,BIOKORF_DRUG_386,386,True
387,BIOKORF_DRUG_387,387,True
388,BIOKORF_DRUG_388,388,True
389,BIOKORF_DRUG_389,389,True
390,BIOKORF_DRUG_390,390,True
391,BIOKORF_DRUG_391,391,True
392,BIOKORF_DRUG_392,392,True
393,BIOKORF_DRUG_393,393,True
394,BIOKORF_DRUG_394,394,True
395,BIOKORF_DRUG_395,395,True
396,BIOKORF_DRUG_396,396,True
397,BIOKORF_DRUG_397,397,True
398,BIOKORF_DRUG_398,398,True
399,BIOKORF_DRUG_399,399,True
400,BIOKORF_DRUG_400,400,True
401,BIOKORF_DRUG_401,401,True
402,BIOKORF_DRUG_402,402,True
403,BIOKORF_DRUG_403,403,True
404,BIOKORF_DRUG_404,404,True
405,BIOKORF_DRUG_405,405,True
406,BIOKORF_DRUG_406,406,True
407,BIOKORF_DRUG_407,407,True
408,BIOKORF_DRUG_408,408,True
409,BIOKORF_DRUG_409,409,True
410,BIOKORF_DRUG_410,410,True
411,BIOKORF_DRUG_411,411,True
412,BIOKORF_DRUG_412,412,True
413,BIOKORF_DRUG_413,413,True
414,BIOKORF_DRUG_414,414,True
415,BIOKORF_DRUG_415,415,True
416,BIOKORF_DRUG_416,416,True
417,BIOKORF_DRUG_417,417,True
418,BIOKORF_DRUG_418,418,True
419,BIOKORF_DRUG_419,419,True
420,BIOKORF_DRUG_420,420,True
421,BIOKORF_DRUG_421,421,True
422,BIOKORF_DRUG_422,422,True
423,BIOKORF_DRUG_423,423,True
424,BIOKORF_DRUG_424,424,True
425,BIOKORF_DRUG_425,425,True
426,BIOKORF_DRUG_426,426,True
427,BIOKORF_DRUG_427,427,True
428,BIOKORF_DRUG_428,428,True
429,BIOKORF_DRUG_429,429,True
430,BIOKORF_DRUG_430,430,True
431,BIOKORF_DRUG_431,431,True
432,BIOKORF_DRUG_432,432,True
433,BIOKORF_DRUG_433,433,True
434,BIOKORF_DRUG_434,434,True
435,BIOKORF_DRUG_435,435,True
436,BIOKORF_DRUG_436,436,True
437,BIOKORF_DRUG_437,437,True
438,BIOKORF_DRUG_438,438,True
439,BIOKORF_DRUG_439,439,True
440,BIOKORF_DRUG_440,440,True
441,BIOKORF_DRUG_441,441,True
442,BIOKORF_DRUG_442,442,True
443,BIOKORF_DRUG_443,443,True
444,BIOKORF_DRUG_444,444,True
445,BIOKORF_DRUG_445,445,True
446,BIOKORF_DRUG_446,446,True
447,BIOKORF_DRUG_447,447,True
448,BIOKORF_DRUG_448,448,True
449,BIOKORF_DRUG_449,449,True
450,BIOKORF_DRUG_450,450,True
451,BIOKORF_DRUG_451,451,True
452,BIOKORF_DRUG_452,452,True
453,BIOKORF_DRUG_453,453,True
454,BIOKORF_DRUG_454,454,True
455,BIOKORF_DRUG_455,455,True
456,BIOKORF_DRUG_456,456,True
457,BIOKORF_DRUG_457,457,True
458,BIOKORF_DRUG_458,458,True
459,BIOKORF_DRUG_459,459,True
460,BIOKORF_DRUG_460,460,True
461,BIOKORF_DRUG_461,461,True
462,BIOKORF_DRUG_462,462,True
463,BIOKORF_DRUG_463,463,True
464,BIOKORF_DRUG_464,464,True
465,BIOKORF_DRUG_465,465,True
466,BIOKORF_DRUG_466,466,True
467,BIOKORF_DRUG_467,467,True
468,BIOKORF_DRUG_468,468,True
469,BIOKORF_DRUG_469,469,True
470,BIOKORF_DRUG_470,470,True
471,BIOKORF_DRUG_471,471,True
472,BIOKORF_DRUG_472,472,True
473,BIOKORF_DRUG_473,473,True
474,BIOKORF_DRUG_474,474,True
475,BIOKORF_DRUG_475,475,True
476,BIOKORF_DRUG_476,476,True
477,BIOKORF_DRUG_477,477,True
478,BIOKORF_DRUG_478,478,True
479,BIOKORF_DRUG_479,479,True
480,BIOKORF_DRUG_480,480,False
481,BIOKORF_DRUG_481,481,False
482,BIOKORF_DRUG_482,482,True
483,BIOKORF_DRUG_483,483,True
484,BIOKORF_DRUG_484,484,True
485,BIOKORF_DRUG_485,485,True
486,BIOKORF_DRUG_486,486,True
487,BIOKORF_DRUG_487,487,True
488,BIOKORF_DRUG_488,488,True
489,BIOKORF_DRUG_489,489,True
490,BIOKORF_DRUG_490,490,True
491,BIOKORF_DRUG_491,491,True
492,BIOKORF_DRUG_492,492,True
493,BIOKORF_DRUG_493,493,True
494,BIOKORF_DRUG_494,494,True
495,BIOKORF_DRUG_495,495,True
496,BIOKORF_DRUG_496,496,True
497,BIOKORF_DRUG_497,497,True
498,BIOKORF_DRUG_498,498,False
499,BIOKORF_DRUG_499,499,True
500,BIOKORF_DRUG_500,500,True
501,BIOKORF_DRUG_501,501,True
502,BIOKORF_DRUG_502,502,True
503,BIOKORF_DRUG_503,503,True
504,BIOKORF_DRUG_504,504,True
505,BIOKORF_DRUG_505,505,True
506,BIOKORF_DRUG_506,506,True
507,BIOKORF_DRUG_507,507,True
508,BIOKORF_DRUG_508,508,True
509,BIOKORF_DRUG_509,509,True
510,BIOKORF_DRUG_510,510,True
511,BIOKORF_DRUG_511,511,True
512,BIOKORF_DRUG_512,512,True
513,BIOKORF_DRUG_513,513,True
514,BIOKORF_DRUG_514,514,True
515,BIOKORF_DRUG_515,515,True
516,BIOKORF_DRUG_516,516,True
517,BIOKORF_DRUG_517,517,True
518,BIOKORF_DRUG_518,518,True
519,BIOKORF_DRUG_519,519,True
520,BIOKORF_DRUG_520,520,True
521,BIOKORF_DRUG_521,521,True
522,BIOKORF_DRUG_522,522,True
523,BIOKORF_DRUG_523,523,True
524,BIOKORF_DRUG_524,524,True
525,BIOKORF_DRUG_525,525,True
526,BIOKORF_DRUG_526,526,True
527,BIOKORF_DRUG_527,527,True
528,BIOKORF_DRUG_528,528,True
529,BIOKORF_DRUG_529,529,True
530,BIOKORF_DRUG_530,530,True
531,BIOKORF_DRUG_531,531,True
532,BIOKORF_DRUG_532,532,True
533,BIOKORF_DRUG_533,533,True
534,BIOKORF_DRUG_534,534,True
535,BIOKORF_DRUG_535,535,False
536,BIOKORF_DRUG_536,536,True
537,BIOKORF_DRUG_537,537,True
538,BIOKORF_DRUG_538,538,True
539,BIOKORF_DRUG_539,539,True
540,BIOKORF_DRUG_540,540,True
541,BIOKORF_DRUG_541,541,True
542,BIOKORF_DRUG_542,542,True
543,BIOKORF_DRUG_543,543,True
544,BIOKORF_DRUG_544,544,True
545,BIOKORF_DRUG_545,545,True
546,BIOKORF_DRUG_546,546,True
547,BIOKORF_DRUG_547,547,True
548,BIOKORF_DRUG_548,548,True
549,BIOKORF_DRUG_549,549,False
550,BIOKORF_DRUG_550,550,True
551,BIOKORF_DRUG_551,551,True
552,BIOKORF_DRUG_552,552,True
553,BIOKORF_DRUG_553,553,True
554,BIOKORF_DRUG_554,554,True
555,BIOKORF_DRUG_555,555,True
556,BIOKORF_DRUG_556,556,True
557,BIOKORF_DRUG_557,557,True
558,BIOKORF_DRUG_558,558,True
559,BIOKORF_DRUG_559,559,True
560,BIOKORF_DRUG_560,560,True
561,BIOKORF_DRUG_561,561,True
562,BIOKORF_DRUG_562,562,True
563,BIOKORF_DRUG_563,563,True
564,BIOKORF_DRUG_564,564,True
565,BIOKORF_DRUG_565,565,True
566,BIOKORF_DRUG_566,566,True
567,BIOKORF_DRUG_567,567,True
568,BIOKORF_DRUG_568,568,True
569,BIOKORF_DRUG_569,569,True
570,BIOKORF_DRUG_570,570,True
571,BIOKORF_DRUG_571,571,True
572,BIOKORF_DRUG_572,572,True
573,BIOKORF_DRUG_573,573,True
574,BIOKORF_DRUG_574,574,True
575,BIOKORF_DRUG_575,575,True
576,BIOKORF_DRUG_576,576,True
577,BIOKORF_DRUG_577,577,True
578,BIOKORF_DRUG_578,578,True
579,BIOKORF_DRUG_579,579,True
580,BIOKORF_DRUG_580,580,True
581,BIOKORF_DRUG_581,581,True
582,BIOKORF_DRUG_582,582,True
583,BIOKORF_DRUG_583,583,True
584,BIOKORF_DRUG_584,584,True
585,BIOKORF_DRUG_585,585,True
586,BIOKORF_DRUG_586,586,True
587,BIOKORF_DRUG_587,587,True
588,BIOKORF_DRUG_588,588,False
589,BIOKORF_DRUG_589,589,True
590,BIOKORF_DRUG_590,590,True
591,BIOKORF_DRUG_591,591,True
592,BIOKORF_DRUG_592,592,True
593,BIOKORF_DRUG_593,593,True
594,BIOKORF_DRUG_594,594,True
595,BIOKORF_DRUG_595,595,True
596,BIOKORF_DRUG_596,596,True
597,BIOKORF_DRUG_597,597,True
598,BIOKORF_DRUG_598,598,True
599,BIOKORF_DRUG_599,599,True
600,BIOKORF_DRUG_600,600,True
601,BIOKORF_DRUG_601,601,True
602,BIOKORF_DRUG_602,602,True
603,BIOKORF_DRUG_603,603,True
604,BIOKORF_DRUG_604,604,True
605,BIOKORF_DRUG_605,605,True
606,BIOKORF_DRUG_606,606,True
607,BIOKORF_DRUG_607,607,True
608,BIOKORF_DRUG_608,608,True
609,BIOKORF_DRUG_609,609,True
610,BIOKORF_DRUG_610,610,True
611,BIOKORF_DRUG_611,611,True
612,BIOKORF_DRUG_612,612,True
613,BIOKORF_DRUG_613,613,True
614,BIOKORF_DRUG_614,614,False
615,BIOKORF_DRUG_615,615,True
616,BIOKORF_DRUG_616,616,True
617,BIOKORF_DRUG_617,617,True
618,BIOKORF_DRUG_618,618,True
619,BIOKORF_DRUG_619,619,True
620,BIOKORF_DRUG_620,620,True
621,BIOKORF_DRUG_621,621,True
622,BIOKORF_DRUG_622,622,True
623,BIOKORF_DRUG_623,623,True
624,BIOKORF_DRUG_624,624,True
625,BIOKORF_DRUG_625,625,True
626,BIOKORF_DRUG_626,626,True
627,BIOKORF_DRUG_627,627,True
628,BIOKORF_DRUG_628,628,True
629,BIOKORF_DRUG_629,629,True
630,BIOKORF_DRUG_630,630,True
631,BIOKORF_DRUG_631,631,True
632,BIOKORF_DRUG_632,632,True
633,BIOKORF_DRUG_633,633,True
634,BIOKORF_DRUG_634,634,True
635,BIOKORF_DRUG_635,635,True
636,BIOKORF_DRUG_636,636,True
637,BIOKORF_DRUG_637,637,True
638,BIOKORF_DRUG_638,638,True
639,BIOKORF_DRUG_639,639,True
640,BIOKORF_DRUG_640,640,True
641,BIOKORF_DRUG_641,641,True
642,BIOKORF_DRUG_642,642,True
643,BIOKORF_DRUG_643,643,True
644,BIOKORF_DRUG_644,644,True
645,BIOKORF_DRUG_645,645,True
646,BIOKORF_DRUG_646,646,True
647,BIOKORF_DRUG_647,647,True
648,BIOKORF_DRUG_648,648,True
649,BIOKORF_DRUG_649,649,True
650,BIOKORF_DRUG_650,650,True
651,BIOKORF_DRUG_651,651,True
652,BIOKORF_DRUG_652,652,True
653,BIOKORF_DRUG_653,653,True
654,BIOKORF_DRUG_654,654,True
655,BIOKORF_DRUG_655,655,True
656,BIOKORF_DRUG_656,656,True
657,BIOKORF_DRUG_657,657,True
658,BIOKORF_DRUG_658,658,True
659,BIOKORF_DRUG_659,659,True
660,BIOKORF_DRUG_660,660,True
661,BIOKORF_DRUG_661,661,True
662,BIOKORF_DRUG_662,662,True
663,BIOKORF_DRUG_663,663,True
664,BIOKORF_DRUG_664,664,False
665,BIOKORF_DRUG_665,665,False
666,BIOKORF_DRUG_666,666,True
667,BIOKORF_DRUG_667,667,True
668,BIOKORF_DRUG_668,668,True
669,BIOKORF_DRUG_669,669,True
670,BIOKORF_DRUG_670,670,True
671,BIOKORF_DRUG_671,671,True
672,BIOKORF_DRUG_672,672,True
673,BIOKORF_DRUG_673,673,True
674,BIOKORF_DRUG_674,674,True
675,BIOKORF_DRUG_675,675,True
676,BIOKORF_DRUG_676,676,True
677,BIOKORF_DRUG_677,677,True
678,BIOKORF_DRUG_678,678,True
679,BIOKORF_DRUG_679,679,True
680,BIOKORF_DRUG_680,680,True
681,BIOKORF_DRUG_681,681,True
682,BIOKORF_DRUG_682,682,True
683,BIOKORF_DRUG_683,683,True
684,BIOKORF_DRUG_684,684,True
685,BIOKORF_DRUG_685,685,True
686,BIOKORF_DRUG_686,686,True
687,BIOKORF_DRUG_687,687,True
688,BIOKORF_DRUG_688,688,True
689,BIOKORF_DRUG_689,689,True
690,BIOKORF_DRUG_690,690,True
691,BIOKORF_DRUG_691,691,True
692,BIOKORF_DRUG_692,692,True
693,BIOKORF_DRUG_693,693,True
694,BIOKORF_DRUG_694,694,True
695,BIOKORF_DRUG_695,695,True
696,BIOKORF_DRUG_696,696,True
697,BIOKORF_DRUG_697,697,True
698,BIOKORF_DRUG_698,698,True
699,BIOKORF_DRUG_699,699,True
700,BIOKORF_DRUG_700,700,True
701,BIOKORF_DRUG_701,701,True
702,BIOKORF_DRUG_702,702,True
703,BIOKORF_DRUG_703,703,True
704,BIOKORF_DRUG_704,704,True
705,BIOKORF_DRUG_705,705,True
706,BIOKORF_DRUG_706,706,True
707,BIOKORF_DRUG_707,707,True
708,BIOKORF_DRUG_708,708,False
709,BIOKORF_DRUG_709,709,True
710,BIOKORF_DRUG_710,710,True
711,BIOKORF_DRUG_711,711,True
712,BIOKORF_DRUG_712,712,True
713,BIOKORF_DRUG_713,713,True
714,BIOKORF_DRUG_714,714,True
715,BIOKORF_DRUG_715,715,True
716,BIOKORF_DRUG_716,716,True
717,BIOKORF_DRUG_717,717,True
718,BIOKORF_DRUG_718,718,True
719,BIOKORF_DRUG_719,719,True
720,BIOKORF_DRUG_720,720,True
721,BIOKORF_DRUG_721,721,True
722,BIOKORF_DRUG_722,722,True
723,BIOKORF_DRUG_723,723,True
724,BIOKORF_DRUG_724,724,True
725,BIOKORF_DRUG_725,725,True
726,BIOKORF_DRUG_726,726,True
727,BIOKORF_DRUG_727,727,True
728,BIOKORF_DRUG_728,728,True
729,BIOKORF_DRUG_729,729,True
730,BIOKORF_DRUG_730,730,True
731,BIOKORF_DRUG_731,731,True
732,BIOKORF_DRUG_732,732,True
733,BIOKORF_DRUG_733,733,True
734,BIOKORF_DRUG_734,734,True
735,BIOKORF_DRUG_735,735,False
736,BIOKORF_DRUG_736,736,True
737,BIOKORF_DRUG_737,737,True
738,BIOKORF_DRUG_738,738,True
739,BIOKORF_DRUG_739,739,False
740,BIOKORF_DRUG_740,740,False
741,BIOKORF_DRUG_741,741,True
742,BIOKORF_DRUG_742,742,True
743,BIOKORF_DRUG_743,743,True
744,BIOKORF_DRUG_744,744,True
745,BIOKORF_DRUG_745,745,True
746,BIOKORF_DRUG_746,746,True
747,BIOKORF_DRUG_747,747,True
748,BIOKORF_DRUG_748,748,True
749,BIOKORF_DRUG_749,749,False
750,BIOKORF_DRUG_750,750,False
751,BIOKORF_DRUG_751,751,True
752,BIOKORF_DRUG_752,752,True
753,BIOKORF_DRUG_753,753,True
754,BIOKORF_DRUG_754,754,True
755,BIOKORF_DRUG_755,755,True
756,BIOKORF_DRUG_756,756,False
