epoch,train_loss,val_loss,train_positive_score,train_negative_score,val_positive_score,val_negative_score,val_roc_auc,val_average_precision,sampled_positive_edges,learning_rate,peak_cuda_allocated_mib
1,0.8567273616790771,1.5171542167663574,-0.2832702696323395,-0.2175895720720291,0.6318238973617554,0.5557928085327148,0.5018560651005931,0.5279964859486369,15386,0.001,1162.18115234375
2,1.1940476894378662,1.1667189598083496,0.9411694407463074,0.7226278781890869,2.128690719604492,1.7941888570785522,0.5628271147014198,0.553557715418165,15386,0.001,1164.95703125
3,1.034491777420044,0.7577735185623169,1.6655536890029907,1.2877854108810425,0.9887539744377136,0.633736252784729,0.6024381874465436,0.5644306574951338,15386,0.001,1164.95703125
4,0.7623882293701172,0.8105122447013855,0.9053109884262085,0.4880176782608032,-0.8641780018806458,-1.1650733947753906,0.6143114724366125,0.5590964005090074,15386,0.001,1164.95703125
5,0.7484325170516968,0.8524121046066284,-0.22334040701389313,-0.6968192458152771,-0.8382182717323303,-1.1814759969711304,0.5921942768925593,0.5502919648602513,15386,0.001,1164.95703125
6,0.7830156087875366,0.7679873108863831,-0.498496949672699,-0.9688140749931335,-0.15299026668071747,-0.5625326037406921,0.5967477821421012,0.5548743672909903,15386,0.001,1164.95703125
7,0.7313117384910583,0.6684767007827759,-0.18477633595466614,-0.7089661359786987,0.3320392370223999,-0.11769158393144608,0.6209239152791337,0.5687190984789137,15386,0.001,1164.95703125
8,0.6580095291137695,0.6525877118110657,0.1734391152858734,-0.4407658874988556,0.33925145864486694,-0.11624864488840103,0.6386378785368148,0.5997775190460646,15386,0.001,1164.95703125
9,0.6340742707252502,0.6925908327102661,0.4675391614437103,-0.23503610491752625,0.21058356761932373,-0.24442246556282043,0.6304808638462743,0.598211369077647,15386,0.001,1164.95703125
10,0.650921642780304,0.669299304485321,0.5210431218147278,-0.1972864717245102,0.2952466905117035,-0.17349013686180115,0.639961926566722,0.6035417394741122,15386,0.001,1164.95703125
11,0.6392834186553955,0.6409450173377991,0.6690393686294556,-0.10202979296445847,0.4566638171672821,-0.03247656300663948,0.6584203412606766,0.6139591372634718,15386,0.001,1164.95703125
12,0.605292558670044,0.6398195624351501,0.6858943104743958,-0.14922547340393066,0.35960841178894043,-0.13684913516044617,0.6477028926164433,0.5958257194762066,15386,0.001,1164.95703125
13,0.6040739417076111,0.6391612887382507,0.5628451704978943,-0.2787512540817261,0.05144760012626648,-0.4409555196762085,0.6464617479547309,0.5952638206234224,15386,0.001,1164.95703125
14,0.5999600887298584,0.6474401950836182,0.2917265295982361,-0.5850105285644531,-0.18924640119075775,-0.6823980212211609,0.657593126225636,0.6069152098744457,15386,0.001,1164.95703125
15,0.6016339659690857,0.6376827955245972,0.15369027853012085,-0.7649694085121155,-0.0915273129940033,-0.6065884232521057,0.6684833949255423,0.6177617339852305,15386,0.001,1164.95703125
16,0.5924108028411865,0.6265649199485779,0.20837604999542236,-0.7273604869842529,0.2746374011039734,-0.27760806679725647,0.670245129913434,0.6193278539538606,15386,0.001,1164.95703125
17,0.5717705488204956,0.6382020115852356,0.5234200358390808,-0.4906822741031647,0.562084436416626,-0.022546323016285896,0.6725482437830909,0.6208657009869175,15386,0.001,1164.95703125
18,0.5789923667907715,0.6384402513504028,0.67131507396698,-0.3708420693874359,0.5706543326377869,-0.029721565544605255,0.664164119485169,0.6172189363027375,15386,0.001,1164.95703125
19,0.5779136419296265,0.6299546360969543,0.7739310264587402,-0.31080278754234314,0.3039650619029999,-0.29482102394104004,0.6575974022565982,0.6156072655098019,15386,0.001,1164.95703125
20,0.5694518089294434,0.6362438797950745,0.6576297879219055,-0.4728095233440399,0.03826935216784477,-0.5569790005683899,0.6546472494816892,0.6150568411693105,15386,0.001,1164.95703125
21,0.564605176448822,0.6314353942871094,0.5135628581047058,-0.6587328910827637,0.0003271013265475631,-0.6034823656082153,0.6647210498625519,0.6200509922415669,15386,0.001,1164.95703125
22,0.558429479598999,0.6233512759208679,0.4179139733314514,-0.7662113904953003,0.15574029088020325,-0.46838393807411194,0.6706055218200249,0.6189743030848129,15386,0.001,1164.95703125
23,0.5513084530830383,0.6294443607330322,0.4599868953227997,-0.7965655326843262,0.3654247522354126,-0.2841101884841919,0.6585792316942087,0.6050160655136837,15386,0.001,1164.95703125
24,0.5491206049919128,0.6324092745780945,0.6010006666183472,-0.6869979500770569,0.45248812437057495,-0.2170408070087433,0.6594345212001791,0.6056071016287313,15386,0.001,1164.95703125
25,0.5496813058853149,0.6232922077178955,0.7017533183097839,-0.6545858979225159,0.35932913422584534,-0.319823294878006,0.6714130299138742,0.6211925161856507,15386,0.001,1164.95703125
26,0.5442349314689636,0.6229717135429382,0.6415685415267944,-0.747624397277832,0.19900290668010712,-0.4846479594707489,0.6677083699775125,0.6249662594063978,15386,0.001,1164.95703125
27,0.5431432127952576,0.6258711814880371,0.595373809337616,-0.8263787627220154,0.13249744474887848,-0.5611034035682678,0.6644588789572015,0.6235081710665237,15386,0.001,1164.95703125
28,0.5365642309188843,0.6236419677734375,0.6204400658607483,-0.8354638814926147,0.1373744159936905,-0.5716114044189453,0.6682065878772968,0.6266422362991735,15386,0.001,1164.95703125
29,0.5410717129707336,0.6193217039108276,0.676984429359436,-0.8175244927406311,0.2299811989068985,-0.49974721670150757,0.6809427837353064,0.6335791074269285,15386,0.001,1164.95703125
30,0.5340679883956909,0.620735228061676,0.7427796721458435,-0.8147870898246765,0.33070337772369385,-0.4179292321205139,0.67387232853673,0.6237598743396437,15386,0.001,1164.95703125
31,0.5282270908355713,0.6222820281982422,0.7369251251220703,-0.8631714582443237,0.35758909583091736,-0.4044018089771271,0.6713017756418815,0.6195355058459522,15386,0.001,1164.95703125
32,0.5323021411895752,0.6189594268798828,0.6913013458251953,-0.8900754451751709,0.2652844190597534,-0.5019622445106506,0.6791658960971051,0.6296694154768014,15386,0.001,1164.95703125
33,0.5281492471694946,0.6215811371803284,0.6544907093048096,-0.9448378682136536,0.130620539188385,-0.6393182277679443,0.6792782045777225,0.634465032558489,15386,0.001,1164.95703125
34,0.5287585854530334,0.6222581267356873,0.5493220090866089,-1.0836848020553589,0.14572738111019135,-0.6371477842330933,0.6735554688689528,0.6314251573917105,15386,0.001,1164.95703125
35,0.524307370185852,0.6187472939491272,0.6043471097946167,-1.083619236946106,0.25815296173095703,-0.5437051653862,0.683980492647359,0.6384062921780861,15386,0.001,1164.95703125
36,0.5157555341720581,0.6188114881515503,0.699033796787262,-1.0469084978103638,0.37144944071769714,-0.4484778642654419,0.6829355736652487,0.635328244681057,15386,0.001,1164.95703125
37,0.5216881632804871,0.6193485260009766,0.8101826906204224,-0.9517407417297363,0.38308608531951904,-0.4449470639228821,0.6803583967957577,0.6330132406234832,15386,0.001,1164.95703125
38,0.5256645083427429,0.6171020865440369,0.8634334206581116,-0.9167476892471313,0.27194055914878845,-0.5534352660179138,0.6830734796832908,0.6372620917594921,15386,0.001,1164.95703125
39,0.5201444625854492,0.6189873218536377,0.7942273616790771,-1.0115936994552612,0.14725419878959656,-0.6739884614944458,0.6876324359405133,0.6435404008638904,15386,0.001,1164.95703125
40,0.5131986737251282,0.6205268502235413,0.7309896945953369,-1.1215777397155762,0.13156771659851074,-0.6927896738052368,0.6837000170627229,0.642227098580655,15386,0.001,1165.61279296875
41,0.5178620219230652,0.6169447302818298,0.6233283281326294,-1.20797598361969,0.28196990489959717,-0.5573865175247192,0.6873908124199716,0.6439713678897437,15386,0.001,1166.10546875
42,0.5112457871437073,0.6196079254150391,0.7055283784866333,-1.1782817840576172,0.42706960439682007,-0.4274415373802185,0.6838513625050306,0.6403083406935345,15386,0.001,1166.10546875
43,0.5127918124198914,0.6209405660629272,0.7329798936843872,-1.1431013345718384,0.46265730261802673,-0.40056806802749634,0.6828071531496617,0.6386270351541987,15386,0.001,1166.10546875
44,0.5127092003822327,0.6154924035072327,0.8860161304473877,-1.027167797088623,0.2896686792373657,-0.5676690936088562,0.6885037278583727,0.6451181981368957,15386,0.001,1166.10546875
45,0.5083764791488647,0.6184337139129639,0.7678878307342529,-1.1690592765808105,0.1365518718957901,-0.715378999710083,0.6888524450895898,0.6468631133141949,15386,0.001,1166.10546875
46,0.5054892897605896,0.6181608438491821,0.7774873375892639,-1.2049700021743774,0.12940578162670135,-0.7264604568481445,0.6901269765567158,0.6476112469204305,15386,0.001,1166.10546875
47,0.5094806551933289,0.6144290566444397,0.8039451837539673,-1.2037380933761597,0.2640710473060608,-0.6052118539810181,0.6914131384845732,0.6472783844155239,15386,0.001,1166.10546875
48,0.5063979625701904,0.6152419447898865,0.8073258399963379,-1.1683056354522705,0.3669244945049286,-0.513778567314148,0.6895500940478515,0.6452690770610923,15386,0.001,1166.10546875
49,0.5063586831092834,0.615822434425354,0.789419412612915,-1.1983102560043335,0.4008767306804657,-0.4874722957611084,0.6902313474127754,0.6459061246734787,15386,0.001,1166.10546875
50,0.5054581761360168,0.6140415072441101,0.8145343065261841,-1.2150509357452393,0.3292078673839569,-0.5599846839904785,0.693155681394342,0.6491990710593061,15386,0.001,1166.10546875
51,0.49967509508132935,0.6143012642860413,0.7368289232254028,-1.3133527040481567,0.21849876642227173,-0.6709144115447998,0.6940762107015375,0.6512878784694498,15386,0.001,1166.10546875
52,0.49959638714790344,0.6147146224975586,0.7513525485992432,-1.325486183166504,0.19030287861824036,-0.7068662643432617,0.6940542093492703,0.6520093151594752,15386,0.001,1166.10546875
53,0.5031805634498596,0.6126523613929749,0.7451674342155457,-1.3390491008758545,0.29152989387512207,-0.6215121150016785,0.6943087101103795,0.6508727810348184,15386,0.001,1166.10546875
54,0.5031424164772034,0.6131920218467712,0.8299499154090881,-1.2565420866012573,0.3644292652606964,-0.5612449049949646,0.6929520627341874,0.6494611519582815,15386,0.001,1166.10546875
55,0.4979243874549866,0.6125635504722595,0.9249002933502197,-1.2122259140014648,0.3507988452911377,-0.5801750421524048,0.6953674196760236,0.653072957556424,15386,0.001,1166.10546875
56,0.4962044358253479,0.6123399138450623,0.9555453658103943,-1.2317506074905396,0.2700214982032776,-0.6599652767181396,0.6965780856499445,0.6557697685595706,15386,0.001,1166.10546875
57,0.4989110827445984,0.6130093336105347,0.8362447023391724,-1.3067134618759155,0.21398286521434784,-0.7154121398925781,0.696686104762125,0.6565660389666474,15386,0.001,1166.10546875
58,0.5006542205810547,0.6120535731315613,0.7169775366783142,-1.383252501487732,0.2633543312549591,-0.675489068031311,0.6972745514097568,0.6566909518735566,15386,0.001,1166.10546875
59,0.4966508448123932,0.6117080450057983,0.8055334091186523,-1.3758624792099,0.3243887722492218,-0.6250981092453003,0.6966734018222555,0.6549596331200445,15386,0.001,1166.10546875
60,0.496539443731308,0.6118279099464417,0.774437665939331,-1.3929749727249146,0.3483957350254059,-0.6124728918075562,0.6948724082513456,0.6516958730400283,15386,0.001,1166.10546875
