matrix_index,biokorf_side_id,graph_node_index,has_kg_connection
0,BIOKORF_SIDE_000,757,False
1,BIOKORF_SIDE_001,758,True
2,BIOKORF_SIDE_002,759,True
3,BIOKORF_SIDE_003,760,False
4,BIOKORF_SIDE_004,761,False
5,BIOKORF_SIDE_005,762,True
6,BIOKORF_SIDE_006,763,True
7,BIOKORF_SIDE_007,764,False
8,BIOKORF_SIDE_008,765,False
9,BIOKORF_SIDE_009,766,False
10,BIOKORF_SIDE_010,767,True
11,BIOKORF_SIDE_011,768,True
12,BIOKORF_SIDE_012,769,False
13,BIOKORF_SIDE_013,770,False
14,BIOKORF_SIDE_014,771,False
15,BIOKORF_SIDE_015,772,True
16,BIOKORF_SIDE_016,773,False
17,BIOKORF_SIDE_017,774,False
18,BIOKORF_SIDE_018,775,False
19,BIOKORF_SIDE_019,776,False
20,BIOKORF_SIDE_020,777,True
21,BIOKORF_SIDE_021,778,True
22,BIOKORF_SIDE_022,779,True
23,BIOKORF_SIDE_023,780,True
24,BIOKORF_SIDE_024,781,False
25,BIOKORF_SIDE_025,782,False
26,BIOKORF_SIDE_026,783,True
27,BIOKORF_SIDE_027,784,False
28,BIOKORF_SIDE_028,785,True
29,BIOKORF_SIDE_029,786,False
30,BIOKORF_SIDE_030,787,False
31,BIOKORF_SIDE_031,788,True
32,BIOKORF_SIDE_032,789,False
33,BIOKORF_SIDE_033,790,True
34,BIOKORF_SIDE_034,791,False
35,BIOKORF_SIDE_035,792,True
36,BIOKORF_SIDE_036,793,False
37,BIOKORF_SIDE_037,794,True
38,BIOKORF_SIDE_038,795,False
39,BIOKORF_SIDE_039,796,False
40,BIOKORF_SIDE_040,797,False
41,BIOKORF_SIDE_041,798,True
42,BIOKORF_SIDE_042,799,False
43,BIOKORF_SIDE_043,800,False
44,BIOKORF_SIDE_044,801,True
45,BIOKORF_SIDE_045,802,False
46,BIOKORF_SIDE_046,803,False
47,BIOKORF_SIDE_047,804,False
48,BIOKORF_SIDE_048,805,False
49,BIOKORF_SIDE_049,806,False
50,BIOKORF_SIDE_050,807,False
51,BIOKORF_SIDE_051,808,False
52,BIOKORF_SIDE_052,809,False
53,BIOKORF_SIDE_053,810,True
54,BIOKORF_SIDE_054,811,True
55,BIOKORF_SIDE_055,812,True
56,BIOKORF_SIDE_056,813,True
57,BIOKORF_SIDE_057,814,True
58,BIOKORF_SIDE_058,815,True
59,BIOKORF_SIDE_059,816,False
60,BIOKORF_SIDE_060,817,False
61,BIOKORF_SIDE_061,818,False
62,BIOKORF_SIDE_062,819,False
63,BIOKORF_SIDE_063,820,False
64,BIOKORF_SIDE_064,821,False
65,BIOKORF_SIDE_065,822,False
66,BIOKORF_SIDE_066,823,False
67,BIOKORF_SIDE_067,824,False
68,BIOKORF_SIDE_068,825,False
69,BIOKORF_SIDE_069,826,False
70,BIOKORF_SIDE_070,827,False
71,BIOKORF_SIDE_071,828,True
72,BIOKORF_SIDE_072,829,False
73,BIOKORF_SIDE_073,830,False
74,BIOKORF_SIDE_074,831,True
75,BIOKORF_SIDE_075,832,True
76,BIOKORF_SIDE_076,833,False
77,BIOKORF_SIDE_077,834,True
78,BIOKORF_SIDE_078,835,False
79,BIOKORF_SIDE_079,836,False
80,BIOKORF_SIDE_080,837,True
81,BIOKORF_SIDE_081,838,False
82,BIOKORF_SIDE_082,839,True
83,BIOKORF_SIDE_083,840,True
84,BIOKORF_SIDE_084,841,False
85,BIOKORF_SIDE_085,842,True
86,BIOKORF_SIDE_086,843,False
87,BIOKORF_SIDE_087,844,False
88,BIOKORF_SIDE_088,845,False
89,BIOKORF_SIDE_089,846,True
90,BIOKORF_SIDE_090,847,False
91,BIOKORF_SIDE_091,848,False
92,BIOKORF_SIDE_092,849,True
93,BIOKORF_SIDE_093,850,False
94,BIOKORF_SIDE_094,851,False
95,BIOKORF_SIDE_095,852,False
96,BIOKORF_SIDE_096,853,False
97,BIOKORF_SIDE_097,854,False
98,BIOKORF_SIDE_098,855,False
99,BIOKORF_SIDE_099,856,False
100,BIOKORF_SIDE_100,857,False
101,BIOKORF_SIDE_101,858,False
102,BIOKORF_SIDE_102,859,False
103,BIOKORF_SIDE_103,860,True
104,BIOKORF_SIDE_104,861,False
105,BIOKORF_SIDE_105,862,False
106,BIOKORF_SIDE_106,863,True
107,BIOKORF_SIDE_107,864,False
108,BIOKORF_SIDE_108,865,False
109,BIOKORF_SIDE_109,866,False
110,BIOKORF_SIDE_110,867,True
111,BIOKORF_SIDE_111,868,False
112,BIOKORF_SIDE_112,869,False
113,BIOKORF_SIDE_113,870,False
114,BIOKORF_SIDE_114,871,False
115,BIOKORF_SIDE_115,872,True
116,BIOKORF_SIDE_116,873,False
117,BIOKORF_SIDE_117,874,False
118,BIOKORF_SIDE_118,875,False
119,BIOKORF_SIDE_119,876,False
120,BIOKORF_SIDE_120,877,False
121,BIOKORF_SIDE_121,878,False
122,BIOKORF_SIDE_122,879,True
123,BIOKORF_SIDE_123,880,False
124,BIOKORF_SIDE_124,881,False
125,BIOKORF_SIDE_125,882,True
126,BIOKORF_SIDE_126,883,False
127,BIOKORF_SIDE_127,884,False
128,BIOKORF_SIDE_128,885,True
129,BIOKORF_SIDE_129,886,True
130,BIOKORF_SIDE_130,887,False
131,BIOKORF_SIDE_131,888,True
132,BIOKORF_SIDE_132,889,True
133,BIOKORF_SIDE_133,890,False
134,BIOKORF_SIDE_134,891,False
135,BIOKORF_SIDE_135,892,False
136,BIOKORF_SIDE_136,893,False
137,BIOKORF_SIDE_137,894,False
138,BIOKORF_SIDE_138,895,False
139,BIOKORF_SIDE_139,896,True
140,BIOKORF_SIDE_140,897,False
141,BIOKORF_SIDE_141,898,False
142,BIOKORF_SIDE_142,899,False
143,BIOKORF_SIDE_143,900,False
144,BIOKORF_SIDE_144,901,False
145,BIOKORF_SIDE_145,902,False
146,BIOKORF_SIDE_146,903,False
147,BIOKORF_SIDE_147,904,True
148,BIOKORF_SIDE_148,905,False
149,BIOKORF_SIDE_149,906,False
150,BIOKORF_SIDE_150,907,False
151,BIOKORF_SIDE_151,908,False
152,BIOKORF_SIDE_152,909,False
153,BIOKORF_SIDE_153,910,True
154,BIOKORF_SIDE_154,911,False
155,BIOKORF_SIDE_155,912,False
156,BIOKORF_SIDE_156,913,True
157,BIOKORF_SIDE_157,914,True
158,BIOKORF_SIDE_158,915,True
159,BIOKORF_SIDE_159,916,False
160,BIOKORF_SIDE_160,917,True
161,BIOKORF_SIDE_161,918,False
162,BIOKORF_SIDE_162,919,False
163,BIOKORF_SIDE_163,920,False
164,BIOKORF_SIDE_164,921,False
165,BIOKORF_SIDE_165,922,True
166,BIOKORF_SIDE_166,923,False
167,BIOKORF_SIDE_167,924,True
168,BIOKORF_SIDE_168,925,False
169,BIOKORF_SIDE_169,926,True
170,BIOKORF_SIDE_170,927,False
171,BIOKORF_SIDE_171,928,False
172,BIOKORF_SIDE_172,929,True
173,BIOKORF_SIDE_173,930,True
174,BIOKORF_SIDE_174,931,True
175,BIOKORF_SIDE_175,932,False
176,BIOKORF_SIDE_176,933,False
177,BIOKORF_SIDE_177,934,False
178,BIOKORF_SIDE_178,935,True
179,BIOKORF_SIDE_179,936,False
180,BIOKORF_SIDE_180,937,True
181,BIOKORF_SIDE_181,938,True
182,BIOKORF_SIDE_182,939,True
183,BIOKORF_SIDE_183,940,False
184,BIOKORF_SIDE_184,941,True
185,BIOKORF_SIDE_185,942,False
186,BIOKORF_SIDE_186,943,False
187,BIOKORF_SIDE_187,944,False
188,BIOKORF_SIDE_188,945,False
189,BIOKORF_SIDE_189,946,False
190,BIOKORF_SIDE_190,947,True
191,BIOKORF_SIDE_191,948,False
192,BIOKORF_SIDE_192,949,False
193,BIOKORF_SIDE_193,950,True
194,BIOKORF_SIDE_194,951,False
195,BIOKORF_SIDE_195,952,False
196,BIOKORF_SIDE_196,953,True
197,BIOKORF_SIDE_197,954,False
198,BIOKORF_SIDE_198,955,True
199,BIOKORF_SIDE_199,956,False
200,BIOKORF_SIDE_200,957,True
201,BIOKORF_SIDE_201,958,False
202,BIOKORF_SIDE_202,959,False
203,BIOKORF_SIDE_203,960,False
204,BIOKORF_SIDE_204,961,True
205,BIOKORF_SIDE_205,962,False
206,BIOKORF_SIDE_206,963,False
207,BIOKORF_SIDE_207,964,True
208,BIOKORF_SIDE_208,965,True
209,BIOKORF_SIDE_209,966,False
210,BIOKORF_SIDE_210,967,False
211,BIOKORF_SIDE_211,968,False
212,BIOKORF_SIDE_212,969,False
213,BIOKORF_SIDE_213,970,True
214,BIOKORF_SIDE_214,971,False
215,BIOKORF_SIDE_215,972,True
216,BIOKORF_SIDE_216,973,False
217,BIOKORF_SIDE_217,974,False
218,BIOKORF_SIDE_218,975,False
219,BIOKORF_SIDE_219,976,False
220,BIOKORF_SIDE_220,977,False
221,BIOKORF_SIDE_221,978,False
222,BIOKORF_SIDE_222,979,False
223,BIOKORF_SIDE_223,980,False
224,BIOKORF_SIDE_224,981,True
225,BIOKORF_SIDE_225,982,True
226,BIOKORF_SIDE_226,983,True
227,BIOKORF_SIDE_227,984,True
228,BIOKORF_SIDE_228,985,True
229,BIOKORF_SIDE_229,986,True
230,BIOKORF_SIDE_230,987,True
231,BIOKORF_SIDE_231,988,False
232,BIOKORF_SIDE_232,989,False
233,BIOKORF_SIDE_233,990,False
234,BIOKORF_SIDE_234,991,True
235,BIOKORF_SIDE_235,992,False
236,BIOKORF_SIDE_236,993,True
237,BIOKORF_SIDE_237,994,False
238,BIOKORF_SIDE_238,995,False
239,BIOKORF_SIDE_239,996,False
240,BIOKORF_SIDE_240,997,False
241,BIOKORF_SIDE_241,998,False
242,BIOKORF_SIDE_242,999,True
243,BIOKORF_SIDE_243,1000,True
244,BIOKORF_SIDE_244,1001,False
245,BIOKORF_SIDE_245,1002,True
246,BIOKORF_SIDE_246,1003,False
247,BIOKORF_SIDE_247,1004,False
248,BIOKORF_SIDE_248,1005,True
249,BIOKORF_SIDE_249,1006,False
250,BIOKORF_SIDE_250,1007,False
251,BIOKORF_SIDE_251,1008,False
252,BIOKORF_SIDE_252,1009,True
253,BIOKORF_SIDE_253,1010,False
254,BIOKORF_SIDE_254,1011,False
255,BIOKORF_SIDE_255,1012,False
256,BIOKORF_SIDE_256,1013,False
257,BIOKORF_SIDE_257,1014,False
258,BIOKORF_SIDE_258,1015,True
259,BIOKORF_SIDE_259,1016,True
260,BIOKORF_SIDE_260,1017,False
261,BIOKORF_SIDE_261,1018,False
262,BIOKORF_SIDE_262,1019,False
263,BIOKORF_SIDE_263,1020,True
264,BIOKORF_SIDE_264,1021,True
265,BIOKORF_SIDE_265,1022,False
266,BIOKORF_SIDE_266,1023,True
267,BIOKORF_SIDE_267,1024,False
268,BIOKORF_SIDE_268,1025,True
269,BIOKORF_SIDE_269,1026,True
270,BIOKORF_SIDE_270,1027,True
271,BIOKORF_SIDE_271,1028,False
272,BIOKORF_SIDE_272,1029,False
273,BIOKORF_SIDE_273,1030,False
274,BIOKORF_SIDE_274,1031,False
275,BIOKORF_SIDE_275,1032,False
276,BIOKORF_SIDE_276,1033,False
277,BIOKORF_SIDE_277,1034,False
278,BIOKORF_SIDE_278,1035,True
279,BIOKORF_SIDE_279,1036,False
280,BIOKORF_SIDE_280,1037,True
281,BIOKORF_SIDE_281,1038,False
282,BIOKORF_SIDE_282,1039,False
283,BIOKORF_SIDE_283,1040,False
284,BIOKORF_SIDE_284,1041,True
285,BIOKORF_SIDE_285,1042,True
286,BIOKORF_SIDE_286,1043,False
287,BIOKORF_SIDE_287,1044,True
288,BIOKORF_SIDE_288,1045,False
289,BIOKORF_SIDE_289,1046,False
290,BIOKORF_SIDE_290,1047,False
291,BIOKORF_SIDE_291,1048,False
292,BIOKORF_SIDE_292,1049,False
293,BIOKORF_SIDE_293,1050,True
294,BIOKORF_SIDE_294,1051,True
295,BIOKORF_SIDE_295,1052,False
296,BIOKORF_SIDE_296,1053,False
297,BIOKORF_SIDE_297,1054,False
298,BIOKORF_SIDE_298,1055,False
299,BIOKORF_SIDE_299,1056,False
300,BIOKORF_SIDE_300,1057,True
301,BIOKORF_SIDE_301,1058,True
302,BIOKORF_SIDE_302,1059,False
303,BIOKORF_SIDE_303,1060,True
304,BIOKORF_SIDE_304,1061,True
305,BIOKORF_SIDE_305,1062,False
306,BIOKORF_SIDE_306,1063,True
307,BIOKORF_SIDE_307,1064,True
308,BIOKORF_SIDE_308,1065,True
309,BIOKORF_SIDE_309,1066,False
310,BIOKORF_SIDE_310,1067,False
311,BIOKORF_SIDE_311,1068,False
312,BIOKORF_SIDE_312,1069,True
313,BIOKORF_SIDE_313,1070,False
314,BIOKORF_SIDE_314,1071,False
315,BIOKORF_SIDE_315,1072,False
316,BIOKORF_SIDE_316,1073,False
317,BIOKORF_SIDE_317,1074,False
318,BIOKORF_SIDE_318,1075,True
319,BIOKORF_SIDE_319,1076,False
320,BIOKORF_SIDE_320,1077,False
321,BIOKORF_SIDE_321,1078,False
322,BIOKORF_SIDE_322,1079,False
323,BIOKORF_SIDE_323,1080,True
324,BIOKORF_SIDE_324,1081,False
325,BIOKORF_SIDE_325,1082,False
326,BIOKORF_SIDE_326,1083,False
327,BIOKORF_SIDE_327,1084,True
328,BIOKORF_SIDE_328,1085,False
329,BIOKORF_SIDE_329,1086,False
330,BIOKORF_SIDE_330,1087,False
331,BIOKORF_SIDE_331,1088,False
332,BIOKORF_SIDE_332,1089,True
333,BIOKORF_SIDE_333,1090,True
334,BIOKORF_SIDE_334,1091,False
335,BIOKORF_SIDE_335,1092,False
336,BIOKORF_SIDE_336,1093,False
337,BIOKORF_SIDE_337,1094,False
338,BIOKORF_SIDE_338,1095,False
339,BIOKORF_SIDE_339,1096,False
340,BIOKORF_SIDE_340,1097,True
341,BIOKORF_SIDE_341,1098,False
342,BIOKORF_SIDE_342,1099,False
343,BIOKORF_SIDE_343,1100,True
344,BIOKORF_SIDE_344,1101,False
345,BIOKORF_SIDE_345,1102,True
346,BIOKORF_SIDE_346,1103,False
347,BIOKORF_SIDE_347,1104,False
348,BIOKORF_SIDE_348,1105,True
349,BIOKORF_SIDE_349,1106,False
350,BIOKORF_SIDE_350,1107,False
351,BIOKORF_SIDE_351,1108,False
352,BIOKORF_SIDE_352,1109,False
353,BIOKORF_SIDE_353,1110,True
354,BIOKORF_SIDE_354,1111,False
355,BIOKORF_SIDE_355,1112,False
356,BIOKORF_SIDE_356,1113,False
357,BIOKORF_SIDE_357,1114,False
358,BIOKORF_SIDE_358,1115,False
359,BIOKORF_SIDE_359,1116,True
360,BIOKORF_SIDE_360,1117,False
361,BIOKORF_SIDE_361,1118,True
362,BIOKORF_SIDE_362,1119,True
363,BIOKORF_SIDE_363,1120,True
364,BIOKORF_SIDE_364,1121,False
365,BIOKORF_SIDE_365,1122,False
366,BIOKORF_SIDE_366,1123,False
367,BIOKORF_SIDE_367,1124,False
368,BIOKORF_SIDE_368,1125,False
369,BIOKORF_SIDE_369,1126,False
370,BIOKORF_SIDE_370,1127,True
371,BIOKORF_SIDE_371,1128,False
372,BIOKORF_SIDE_372,1129,True
373,BIOKORF_SIDE_373,1130,True
374,BIOKORF_SIDE_374,1131,False
375,BIOKORF_SIDE_375,1132,False
376,BIOKORF_SIDE_376,1133,False
377,BIOKORF_SIDE_377,1134,False
378,BIOKORF_SIDE_378,1135,True
379,BIOKORF_SIDE_379,1136,True
380,BIOKORF_SIDE_380,1137,False
381,BIOKORF_SIDE_381,1138,False
382,BIOKORF_SIDE_382,1139,False
383,BIOKORF_SIDE_383,1140,True
384,BIOKORF_SIDE_384,1141,False
385,BIOKORF_SIDE_385,1142,False
386,BIOKORF_SIDE_386,1143,False
387,BIOKORF_SIDE_387,1144,False
388,BIOKORF_SIDE_388,1145,True
389,BIOKORF_SIDE_389,1146,False
390,BIOKORF_SIDE_390,1147,False
391,BIOKORF_SIDE_391,1148,False
392,BIOKORF_SIDE_392,1149,False
393,BIOKORF_SIDE_393,1150,False
394,BIOKORF_SIDE_394,1151,True
395,BIOKORF_SIDE_395,1152,True
396,BIOKORF_SIDE_396,1153,False
397,BIOKORF_SIDE_397,1154,False
398,BIOKORF_SIDE_398,1155,False
399,BIOKORF_SIDE_399,1156,True
400,BIOKORF_SIDE_400,1157,False
401,BIOKORF_SIDE_401,1158,True
402,BIOKORF_SIDE_402,1159,False
403,BIOKORF_SIDE_403,1160,False
404,BIOKORF_SIDE_404,1161,True
405,BIOKORF_SIDE_405,1162,True
406,BIOKORF_SIDE_406,1163,True
407,BIOKORF_SIDE_407,1164,True
408,BIOKORF_SIDE_408,1165,True
409,BIOKORF_SIDE_409,1166,True
410,BIOKORF_SIDE_410,1167,False
411,BIOKORF_SIDE_411,1168,False
412,BIOKORF_SIDE_412,1169,False
413,BIOKORF_SIDE_413,1170,True
414,BIOKORF_SIDE_414,1171,False
415,BIOKORF_SIDE_415,1172,True
416,BIOKORF_SIDE_416,1173,True
417,BIOKORF_SIDE_417,1174,False
418,BIOKORF_SIDE_418,1175,False
419,BIOKORF_SIDE_419,1176,True
420,BIOKORF_SIDE_420,1177,False
421,BIOKORF_SIDE_421,1178,True
422,BIOKORF_SIDE_422,1179,False
423,BIOKORF_SIDE_423,1180,True
424,BIOKORF_SIDE_424,1181,False
425,BIOKORF_SIDE_425,1182,False
426,BIOKORF_SIDE_426,1183,False
427,BIOKORF_SIDE_427,1184,False
428,BIOKORF_SIDE_428,1185,False
429,BIOKORF_SIDE_429,1186,False
430,BIOKORF_SIDE_430,1187,False
431,BIOKORF_SIDE_431,1188,True
432,BIOKORF_SIDE_432,1189,True
433,BIOKORF_SIDE_433,1190,False
434,BIOKORF_SIDE_434,1191,True
435,BIOKORF_SIDE_435,1192,False
436,BIOKORF_SIDE_436,1193,False
437,BIOKORF_SIDE_437,1194,False
438,BIOKORF_SIDE_438,1195,False
439,BIOKORF_SIDE_439,1196,False
440,BIOKORF_SIDE_440,1197,False
441,BIOKORF_SIDE_441,1198,False
442,BIOKORF_SIDE_442,1199,False
443,BIOKORF_SIDE_443,1200,True
444,BIOKORF_SIDE_444,1201,False
445,BIOKORF_SIDE_445,1202,True
446,BIOKORF_SIDE_446,1203,False
447,BIOKORF_SIDE_447,1204,False
448,BIOKORF_SIDE_448,1205,True
449,BIOKORF_SIDE_449,1206,False
450,BIOKORF_SIDE_450,1207,False
451,BIOKORF_SIDE_451,1208,True
452,BIOKORF_SIDE_452,1209,False
453,BIOKORF_SIDE_453,1210,False
454,BIOKORF_SIDE_454,1211,False
455,BIOKORF_SIDE_455,1212,False
456,BIOKORF_SIDE_456,1213,False
457,BIOKORF_SIDE_457,1214,False
458,BIOKORF_SIDE_458,1215,True
459,BIOKORF_SIDE_459,1216,False
460,BIOKORF_SIDE_460,1217,False
461,BIOKORF_SIDE_461,1218,False
462,BIOKORF_SIDE_462,1219,False
463,BIOKORF_SIDE_463,1220,False
464,BIOKORF_SIDE_464,1221,False
465,BIOKORF_SIDE_465,1222,False
466,BIOKORF_SIDE_466,1223,False
467,BIOKORF_SIDE_467,1224,False
468,BIOKORF_SIDE_468,1225,True
469,BIOKORF_SIDE_469,1226,False
470,BIOKORF_SIDE_470,1227,True
471,BIOKORF_SIDE_471,1228,True
472,BIOKORF_SIDE_472,1229,True
473,BIOKORF_SIDE_473,1230,False
474,BIOKORF_SIDE_474,1231,False
475,BIOKORF_SIDE_475,1232,True
476,BIOKORF_SIDE_476,1233,False
477,BIOKORF_SIDE_477,1234,True
478,BIOKORF_SIDE_478,1235,False
479,BIOKORF_SIDE_479,1236,False
480,BIOKORF_SIDE_480,1237,False
481,BIOKORF_SIDE_481,1238,False
482,BIOKORF_SIDE_482,1239,False
483,BIOKORF_SIDE_483,1240,True
484,BIOKORF_SIDE_484,1241,False
485,BIOKORF_SIDE_485,1242,True
486,BIOKORF_SIDE_486,1243,False
487,BIOKORF_SIDE_487,1244,False
488,BIOKORF_SIDE_488,1245,True
489,BIOKORF_SIDE_489,1246,False
490,BIOKORF_SIDE_490,1247,False
491,BIOKORF_SIDE_491,1248,True
492,BIOKORF_SIDE_492,1249,False
493,BIOKORF_SIDE_493,1250,False
494,BIOKORF_SIDE_494,1251,False
495,BIOKORF_SIDE_495,1252,False
496,BIOKORF_SIDE_496,1253,False
497,BIOKORF_SIDE_497,1254,False
498,BIOKORF_SIDE_498,1255,False
499,BIOKORF_SIDE_499,1256,False
500,BIOKORF_SIDE_500,1257,False
501,BIOKORF_SIDE_501,1258,False
502,BIOKORF_SIDE_502,1259,True
503,BIOKORF_SIDE_503,1260,False
504,BIOKORF_SIDE_504,1261,False
505,BIOKORF_SIDE_505,1262,True
506,BIOKORF_SIDE_506,1263,False
507,BIOKORF_SIDE_507,1264,False
508,BIOKORF_SIDE_508,1265,False
509,BIOKORF_SIDE_509,1266,True
510,BIOKORF_SIDE_510,1267,False
511,BIOKORF_SIDE_511,1268,False
512,BIOKORF_SIDE_512,1269,True
513,BIOKORF_SIDE_513,1270,False
514,BIOKORF_SIDE_514,1271,False
515,BIOKORF_SIDE_515,1272,True
516,BIOKORF_SIDE_516,1273,True
517,BIOKORF_SIDE_517,1274,False
518,BIOKORF_SIDE_518,1275,False
519,BIOKORF_SIDE_519,1276,True
520,BIOKORF_SIDE_520,1277,False
521,BIOKORF_SIDE_521,1278,True
522,BIOKORF_SIDE_522,1279,True
523,BIOKORF_SIDE_523,1280,True
524,BIOKORF_SIDE_524,1281,False
525,BIOKORF_SIDE_525,1282,False
526,BIOKORF_SIDE_526,1283,False
527,BIOKORF_SIDE_527,1284,False
528,BIOKORF_SIDE_528,1285,False
529,BIOKORF_SIDE_529,1286,False
530,BIOKORF_SIDE_530,1287,True
531,BIOKORF_SIDE_531,1288,True
532,BIOKORF_SIDE_532,1289,False
533,BIOKORF_SIDE_533,1290,False
534,BIOKORF_SIDE_534,1291,False
535,BIOKORF_SIDE_535,1292,False
536,BIOKORF_SIDE_536,1293,True
537,BIOKORF_SIDE_537,1294,True
538,BIOKORF_SIDE_538,1295,False
539,BIOKORF_SIDE_539,1296,True
540,BIOKORF_SIDE_540,1297,False
541,BIOKORF_SIDE_541,1298,False
542,BIOKORF_SIDE_542,1299,False
543,BIOKORF_SIDE_543,1300,False
544,BIOKORF_SIDE_544,1301,False
545,BIOKORF_SIDE_545,1302,False
546,BIOKORF_SIDE_546,1303,False
547,BIOKORF_SIDE_547,1304,True
548,BIOKORF_SIDE_548,1305,True
549,BIOKORF_SIDE_549,1306,False
550,BIOKORF_SIDE_550,1307,False
551,BIOKORF_SIDE_551,1308,True
552,BIOKORF_SIDE_552,1309,False
553,BIOKORF_SIDE_553,1310,True
554,BIOKORF_SIDE_554,1311,True
555,BIOKORF_SIDE_555,1312,False
556,BIOKORF_SIDE_556,1313,False
557,BIOKORF_SIDE_557,1314,True
558,BIOKORF_SIDE_558,1315,False
559,BIOKORF_SIDE_559,1316,False
560,BIOKORF_SIDE_560,1317,False
561,BIOKORF_SIDE_561,1318,False
562,BIOKORF_SIDE_562,1319,False
563,BIOKORF_SIDE_563,1320,False
564,BIOKORF_SIDE_564,1321,True
565,BIOKORF_SIDE_565,1322,False
566,BIOKORF_SIDE_566,1323,False
567,BIOKORF_SIDE_567,1324,True
568,BIOKORF_SIDE_568,1325,False
569,BIOKORF_SIDE_569,1326,False
570,BIOKORF_SIDE_570,1327,False
571,BIOKORF_SIDE_571,1328,False
572,BIOKORF_SIDE_572,1329,False
573,BIOKORF_SIDE_573,1330,True
574,BIOKORF_SIDE_574,1331,False
575,BIOKORF_SIDE_575,1332,False
576,BIOKORF_SIDE_576,1333,True
577,BIOKORF_SIDE_577,1334,False
578,BIOKORF_SIDE_578,1335,False
579,BIOKORF_SIDE_579,1336,False
580,BIOKORF_SIDE_580,1337,False
581,BIOKORF_SIDE_581,1338,True
582,BIOKORF_SIDE_582,1339,False
583,BIOKORF_SIDE_583,1340,False
584,BIOKORF_SIDE_584,1341,False
585,BIOKORF_SIDE_585,1342,False
586,BIOKORF_SIDE_586,1343,True
587,BIOKORF_SIDE_587,1344,False
588,BIOKORF_SIDE_588,1345,True
589,BIOKORF_SIDE_589,1346,False
590,BIOKORF_SIDE_590,1347,True
591,BIOKORF_SIDE_591,1348,True
592,BIOKORF_SIDE_592,1349,False
593,BIOKORF_SIDE_593,1350,False
594,BIOKORF_SIDE_594,1351,True
595,BIOKORF_SIDE_595,1352,False
596,BIOKORF_SIDE_596,1353,False
597,BIOKORF_SIDE_597,1354,False
598,BIOKORF_SIDE_598,1355,True
599,BIOKORF_SIDE_599,1356,True
600,BIOKORF_SIDE_600,1357,False
601,BIOKORF_SIDE_601,1358,False
602,BIOKORF_SIDE_602,1359,True
603,BIOKORF_SIDE_603,1360,False
604,BIOKORF_SIDE_604,1361,False
605,BIOKORF_SIDE_605,1362,True
606,BIOKORF_SIDE_606,1363,False
607,BIOKORF_SIDE_607,1364,True
608,BIOKORF_SIDE_608,1365,True
609,BIOKORF_SIDE_609,1366,False
610,BIOKORF_SIDE_610,1367,True
611,BIOKORF_SIDE_611,1368,False
612,BIOKORF_SIDE_612,1369,False
613,BIOKORF_SIDE_613,1370,True
614,BIOKORF_SIDE_614,1371,True
615,BIOKORF_SIDE_615,1372,False
616,BIOKORF_SIDE_616,1373,True
617,BIOKORF_SIDE_617,1374,True
618,BIOKORF_SIDE_618,1375,False
619,BIOKORF_SIDE_619,1376,False
620,BIOKORF_SIDE_620,1377,False
621,BIOKORF_SIDE_621,1378,True
622,BIOKORF_SIDE_622,1379,True
623,BIOKORF_SIDE_623,1380,False
624,BIOKORF_SIDE_624,1381,False
625,BIOKORF_SIDE_625,1382,False
626,BIOKORF_SIDE_626,1383,False
627,BIOKORF_SIDE_627,1384,True
628,BIOKORF_SIDE_628,1385,False
629,BIOKORF_SIDE_629,1386,False
630,BIOKORF_SIDE_630,1387,True
631,BIOKORF_SIDE_631,1388,False
632,BIOKORF_SIDE_632,1389,True
633,BIOKORF_SIDE_633,1390,False
634,BIOKORF_SIDE_634,1391,False
635,BIOKORF_SIDE_635,1392,True
636,BIOKORF_SIDE_636,1393,False
637,BIOKORF_SIDE_637,1394,False
638,BIOKORF_SIDE_638,1395,True
639,BIOKORF_SIDE_639,1396,False
640,BIOKORF_SIDE_640,1397,False
641,BIOKORF_SIDE_641,1398,False
642,BIOKORF_SIDE_642,1399,False
643,BIOKORF_SIDE_643,1400,False
644,BIOKORF_SIDE_644,1401,False
645,BIOKORF_SIDE_645,1402,False
646,BIOKORF_SIDE_646,1403,False
647,BIOKORF_SIDE_647,1404,False
648,BIOKORF_SIDE_648,1405,False
649,BIOKORF_SIDE_649,1406,True
650,BIOKORF_SIDE_650,1407,True
651,BIOKORF_SIDE_651,1408,False
652,BIOKORF_SIDE_652,1409,False
653,BIOKORF_SIDE_653,1410,False
654,BIOKORF_SIDE_654,1411,False
655,BIOKORF_SIDE_655,1412,True
656,BIOKORF_SIDE_656,1413,False
657,BIOKORF_SIDE_657,1414,False
658,BIOKORF_SIDE_658,1415,True
659,BIOKORF_SIDE_659,1416,False
660,BIOKORF_SIDE_660,1417,False
661,BIOKORF_SIDE_661,1418,False
662,BIOKORF_SIDE_662,1419,False
663,BIOKORF_SIDE_663,1420,False
664,BIOKORF_SIDE_664,1421,True
665,BIOKORF_SIDE_665,1422,False
666,BIOKORF_SIDE_666,1423,False
667,BIOKORF_SIDE_667,1424,False
668,BIOKORF_SIDE_668,1425,False
669,BIOKORF_SIDE_669,1426,False
670,BIOKORF_SIDE_670,1427,False
671,BIOKORF_SIDE_671,1428,False
672,BIOKORF_SIDE_672,1429,True
673,BIOKORF_SIDE_673,1430,True
674,BIOKORF_SIDE_674,1431,False
675,BIOKORF_SIDE_675,1432,False
676,BIOKORF_SIDE_676,1433,True
677,BIOKORF_SIDE_677,1434,True
678,BIOKORF_SIDE_678,1435,False
679,BIOKORF_SIDE_679,1436,False
680,BIOKORF_SIDE_680,1437,False
681,BIOKORF_SIDE_681,1438,True
682,BIOKORF_SIDE_682,1439,False
683,BIOKORF_SIDE_683,1440,True
684,BIOKORF_SIDE_684,1441,True
685,BIOKORF_SIDE_685,1442,False
686,BIOKORF_SIDE_686,1443,False
687,BIOKORF_SIDE_687,1444,True
688,BIOKORF_SIDE_688,1445,True
689,BIOKORF_SIDE_689,1446,True
690,BIOKORF_SIDE_690,1447,True
691,BIOKORF_SIDE_691,1448,True
692,BIOKORF_SIDE_692,1449,False
693,BIOKORF_SIDE_693,1450,False
694,BIOKORF_SIDE_694,1451,False
695,BIOKORF_SIDE_695,1452,False
696,BIOKORF_SIDE_696,1453,False
697,BIOKORF_SIDE_697,1454,False
698,BIOKORF_SIDE_698,1455,True
699,BIOKORF_SIDE_699,1456,True
700,BIOKORF_SIDE_700,1457,False
701,BIOKORF_SIDE_701,1458,True
702,BIOKORF_SIDE_702,1459,False
703,BIOKORF_SIDE_703,1460,False
704,BIOKORF_SIDE_704,1461,False
705,BIOKORF_SIDE_705,1462,True
706,BIOKORF_SIDE_706,1463,True
707,BIOKORF_SIDE_707,1464,False
708,BIOKORF_SIDE_708,1465,False
709,BIOKORF_SIDE_709,1466,False
710,BIOKORF_SIDE_710,1467,False
711,BIOKORF_SIDE_711,1468,False
712,BIOKORF_SIDE_712,1469,False
713,BIOKORF_SIDE_713,1470,False
714,BIOKORF_SIDE_714,1471,True
715,BIOKORF_SIDE_715,1472,False
716,BIOKORF_SIDE_716,1473,False
717,BIOKORF_SIDE_717,1474,True
718,BIOKORF_SIDE_718,1475,False
719,BIOKORF_SIDE_719,1476,False
720,BIOKORF_SIDE_720,1477,False
721,BIOKORF_SIDE_721,1478,False
722,BIOKORF_SIDE_722,1479,False
723,BIOKORF_SIDE_723,1480,True
724,BIOKORF_SIDE_724,1481,False
725,BIOKORF_SIDE_725,1482,False
726,BIOKORF_SIDE_726,1483,False
727,BIOKORF_SIDE_727,1484,False
728,BIOKORF_SIDE_728,1485,False
729,BIOKORF_SIDE_729,1486,True
730,BIOKORF_SIDE_730,1487,True
731,BIOKORF_SIDE_731,1488,True
732,BIOKORF_SIDE_732,1489,False
733,BIOKORF_SIDE_733,1490,True
734,BIOKORF_SIDE_734,1491,False
735,BIOKORF_SIDE_735,1492,True
736,BIOKORF_SIDE_736,1493,False
737,BIOKORF_SIDE_737,1494,False
738,BIOKORF_SIDE_738,1495,True
739,BIOKORF_SIDE_739,1496,False
740,BIOKORF_SIDE_740,1497,True
741,BIOKORF_SIDE_741,1498,False
742,BIOKORF_SIDE_742,1499,False
743,BIOKORF_SIDE_743,1500,False
744,BIOKORF_SIDE_744,1501,True
745,BIOKORF_SIDE_745,1502,False
746,BIOKORF_SIDE_746,1503,True
747,BIOKORF_SIDE_747,1504,False
748,BIOKORF_SIDE_748,1505,False
749,BIOKORF_SIDE_749,1506,False
750,BIOKORF_SIDE_750,1507,False
751,BIOKORF_SIDE_751,1508,False
752,BIOKORF_SIDE_752,1509,False
753,BIOKORF_SIDE_753,1510,False
754,BIOKORF_SIDE_754,1511,True
755,BIOKORF_SIDE_755,1512,False
756,BIOKORF_SIDE_756,1513,False
757,BIOKORF_SIDE_757,1514,False
758,BIOKORF_SIDE_758,1515,True
759,BIOKORF_SIDE_759,1516,False
760,BIOKORF_SIDE_760,1517,False
761,BIOKORF_SIDE_761,1518,False
762,BIOKORF_SIDE_762,1519,False
763,BIOKORF_SIDE_763,1520,False
764,BIOKORF_SIDE_764,1521,False
765,BIOKORF_SIDE_765,1522,False
766,BIOKORF_SIDE_766,1523,False
767,BIOKORF_SIDE_767,1524,True
768,BIOKORF_SIDE_768,1525,True
769,BIOKORF_SIDE_769,1526,False
770,BIOKORF_SIDE_770,1527,False
771,BIOKORF_SIDE_771,1528,False
772,BIOKORF_SIDE_772,1529,False
773,BIOKORF_SIDE_773,1530,False
774,BIOKORF_SIDE_774,1531,True
775,BIOKORF_SIDE_775,1532,False
776,BIOKORF_SIDE_776,1533,False
777,BIOKORF_SIDE_777,1534,False
778,BIOKORF_SIDE_778,1535,True
779,BIOKORF_SIDE_779,1536,False
780,BIOKORF_SIDE_780,1537,False
781,BIOKORF_SIDE_781,1538,False
782,BIOKORF_SIDE_782,1539,False
783,BIOKORF_SIDE_783,1540,False
784,BIOKORF_SIDE_784,1541,False
785,BIOKORF_SIDE_785,1542,False
786,BIOKORF_SIDE_786,1543,False
787,BIOKORF_SIDE_787,1544,False
788,BIOKORF_SIDE_788,1545,True
789,BIOKORF_SIDE_789,1546,True
790,BIOKORF_SIDE_790,1547,False
791,BIOKORF_SIDE_791,1548,False
792,BIOKORF_SIDE_792,1549,True
793,BIOKORF_SIDE_793,1550,True
794,BIOKORF_SIDE_794,1551,False
795,BIOKORF_SIDE_795,1552,True
796,BIOKORF_SIDE_796,1553,False
797,BIOKORF_SIDE_797,1554,False
798,BIOKORF_SIDE_798,1555,False
799,BIOKORF_SIDE_799,1556,False
800,BIOKORF_SIDE_800,1557,False
801,BIOKORF_SIDE_801,1558,True
802,BIOKORF_SIDE_802,1559,False
803,BIOKORF_SIDE_803,1560,True
804,BIOKORF_SIDE_804,1561,True
805,BIOKORF_SIDE_805,1562,False
806,BIOKORF_SIDE_806,1563,True
807,BIOKORF_SIDE_807,1564,True
808,BIOKORF_SIDE_808,1565,True
809,BIOKORF_SIDE_809,1566,False
810,BIOKORF_SIDE_810,1567,False
811,BIOKORF_SIDE_811,1568,False
812,BIOKORF_SIDE_812,1569,False
813,BIOKORF_SIDE_813,1570,False
814,BIOKORF_SIDE_814,1571,False
815,BIOKORF_SIDE_815,1572,False
816,BIOKORF_SIDE_816,1573,False
817,BIOKORF_SIDE_817,1574,False
818,BIOKORF_SIDE_818,1575,False
819,BIOKORF_SIDE_819,1576,True
820,BIOKORF_SIDE_820,1577,False
821,BIOKORF_SIDE_821,1578,False
822,BIOKORF_SIDE_822,1579,True
823,BIOKORF_SIDE_823,1580,True
824,BIOKORF_SIDE_824,1581,False
825,BIOKORF_SIDE_825,1582,False
826,BIOKORF_SIDE_826,1583,False
827,BIOKORF_SIDE_827,1584,True
828,BIOKORF_SIDE_828,1585,False
829,BIOKORF_SIDE_829,1586,True
830,BIOKORF_SIDE_830,1587,False
831,BIOKORF_SIDE_831,1588,False
832,BIOKORF_SIDE_832,1589,False
833,BIOKORF_SIDE_833,1590,False
834,BIOKORF_SIDE_834,1591,False
835,BIOKORF_SIDE_835,1592,False
836,BIOKORF_SIDE_836,1593,False
837,BIOKORF_SIDE_837,1594,False
838,BIOKORF_SIDE_838,1595,False
839,BIOKORF_SIDE_839,1596,False
840,BIOKORF_SIDE_840,1597,False
841,BIOKORF_SIDE_841,1598,False
842,BIOKORF_SIDE_842,1599,False
843,BIOKORF_SIDE_843,1600,True
844,BIOKORF_SIDE_844,1601,False
845,BIOKORF_SIDE_845,1602,True
846,BIOKORF_SIDE_846,1603,False
847,BIOKORF_SIDE_847,1604,False
848,BIOKORF_SIDE_848,1605,False
849,BIOKORF_SIDE_849,1606,False
850,BIOKORF_SIDE_850,1607,False
851,BIOKORF_SIDE_851,1608,False
852,BIOKORF_SIDE_852,1609,False
853,BIOKORF_SIDE_853,1610,True
854,BIOKORF_SIDE_854,1611,True
855,BIOKORF_SIDE_855,1612,True
856,BIOKORF_SIDE_856,1613,False
857,BIOKORF_SIDE_857,1614,False
858,BIOKORF_SIDE_858,1615,False
859,BIOKORF_SIDE_859,1616,False
860,BIOKORF_SIDE_860,1617,False
861,BIOKORF_SIDE_861,1618,True
862,BIOKORF_SIDE_862,1619,True
863,BIOKORF_SIDE_863,1620,True
864,BIOKORF_SIDE_864,1621,False
865,BIOKORF_SIDE_865,1622,False
866,BIOKORF_SIDE_866,1623,False
867,BIOKORF_SIDE_867,1624,False
868,BIOKORF_SIDE_868,1625,False
869,BIOKORF_SIDE_869,1626,True
870,BIOKORF_SIDE_870,1627,False
871,BIOKORF_SIDE_871,1628,True
872,BIOKORF_SIDE_872,1629,False
873,BIOKORF_SIDE_873,1630,False
874,BIOKORF_SIDE_874,1631,True
875,BIOKORF_SIDE_875,1632,True
876,BIOKORF_SIDE_876,1633,False
877,BIOKORF_SIDE_877,1634,False
878,BIOKORF_SIDE_878,1635,False
879,BIOKORF_SIDE_879,1636,False
880,BIOKORF_SIDE_880,1637,True
881,BIOKORF_SIDE_881,1638,False
882,BIOKORF_SIDE_882,1639,False
883,BIOKORF_SIDE_883,1640,True
884,BIOKORF_SIDE_884,1641,True
885,BIOKORF_SIDE_885,1642,True
886,BIOKORF_SIDE_886,1643,False
887,BIOKORF_SIDE_887,1644,False
888,BIOKORF_SIDE_888,1645,False
889,BIOKORF_SIDE_889,1646,False
890,BIOKORF_SIDE_890,1647,False
891,BIOKORF_SIDE_891,1648,False
892,BIOKORF_SIDE_892,1649,False
893,BIOKORF_SIDE_893,1650,False
894,BIOKORF_SIDE_894,1651,False
895,BIOKORF_SIDE_895,1652,False
896,BIOKORF_SIDE_896,1653,True
897,BIOKORF_SIDE_897,1654,False
898,BIOKORF_SIDE_898,1655,True
899,BIOKORF_SIDE_899,1656,False
900,BIOKORF_SIDE_900,1657,False
901,BIOKORF_SIDE_901,1658,True
902,BIOKORF_SIDE_902,1659,False
903,BIOKORF_SIDE_903,1660,False
904,BIOKORF_SIDE_904,1661,True
905,BIOKORF_SIDE_905,1662,False
906,BIOKORF_SIDE_906,1663,True
907,BIOKORF_SIDE_907,1664,True
908,BIOKORF_SIDE_908,1665,False
909,BIOKORF_SIDE_909,1666,True
910,BIOKORF_SIDE_910,1667,False
911,BIOKORF_SIDE_911,1668,False
912,BIOKORF_SIDE_912,1669,True
913,BIOKORF_SIDE_913,1670,False
914,BIOKORF_SIDE_914,1671,False
915,BIOKORF_SIDE_915,1672,False
916,BIOKORF_SIDE_916,1673,False
917,BIOKORF_SIDE_917,1674,True
918,BIOKORF_SIDE_918,1675,True
919,BIOKORF_SIDE_919,1676,False
920,BIOKORF_SIDE_920,1677,False
921,BIOKORF_SIDE_921,1678,False
922,BIOKORF_SIDE_922,1679,False
923,BIOKORF_SIDE_923,1680,True
924,BIOKORF_SIDE_924,1681,False
925,BIOKORF_SIDE_925,1682,False
926,BIOKORF_SIDE_926,1683,False
927,BIOKORF_SIDE_927,1684,False
928,BIOKORF_SIDE_928,1685,True
929,BIOKORF_SIDE_929,1686,False
930,BIOKORF_SIDE_930,1687,True
931,BIOKORF_SIDE_931,1688,False
932,BIOKORF_SIDE_932,1689,False
933,BIOKORF_SIDE_933,1690,False
934,BIOKORF_SIDE_934,1691,False
935,BIOKORF_SIDE_935,1692,False
936,BIOKORF_SIDE_936,1693,False
937,BIOKORF_SIDE_937,1694,True
938,BIOKORF_SIDE_938,1695,False
939,BIOKORF_SIDE_939,1696,False
940,BIOKORF_SIDE_940,1697,False
941,BIOKORF_SIDE_941,1698,False
942,BIOKORF_SIDE_942,1699,True
943,BIOKORF_SIDE_943,1700,True
944,BIOKORF_SIDE_944,1701,True
945,BIOKORF_SIDE_945,1702,False
946,BIOKORF_SIDE_946,1703,False
947,BIOKORF_SIDE_947,1704,False
948,BIOKORF_SIDE_948,1705,False
949,BIOKORF_SIDE_949,1706,False
950,BIOKORF_SIDE_950,1707,True
951,BIOKORF_SIDE_951,1708,False
952,BIOKORF_SIDE_952,1709,False
953,BIOKORF_SIDE_953,1710,False
954,BIOKORF_SIDE_954,1711,False
955,BIOKORF_SIDE_955,1712,True
956,BIOKORF_SIDE_956,1713,True
957,BIOKORF_SIDE_957,1714,False
958,BIOKORF_SIDE_958,1715,False
959,BIOKORF_SIDE_959,1716,True
960,BIOKORF_SIDE_960,1717,False
961,BIOKORF_SIDE_961,1718,False
962,BIOKORF_SIDE_962,1719,True
963,BIOKORF_SIDE_963,1720,False
964,BIOKORF_SIDE_964,1721,False
965,BIOKORF_SIDE_965,1722,True
966,BIOKORF_SIDE_966,1723,True
967,BIOKORF_SIDE_967,1724,False
968,BIOKORF_SIDE_968,1725,True
969,BIOKORF_SIDE_969,1726,False
970,BIOKORF_SIDE_970,1727,True
971,BIOKORF_SIDE_971,1728,False
972,BIOKORF_SIDE_972,1729,False
973,BIOKORF_SIDE_973,1730,False
974,BIOKORF_SIDE_974,1731,False
975,BIOKORF_SIDE_975,1732,True
976,BIOKORF_SIDE_976,1733,True
977,BIOKORF_SIDE_977,1734,True
978,BIOKORF_SIDE_978,1735,True
979,BIOKORF_SIDE_979,1736,False
980,BIOKORF_SIDE_980,1737,False
981,BIOKORF_SIDE_981,1738,False
982,BIOKORF_SIDE_982,1739,False
983,BIOKORF_SIDE_983,1740,False
984,BIOKORF_SIDE_984,1741,True
985,BIOKORF_SIDE_985,1742,True
986,BIOKORF_SIDE_986,1743,True
987,BIOKORF_SIDE_987,1744,False
988,BIOKORF_SIDE_988,1745,False
989,BIOKORF_SIDE_989,1746,False
990,BIOKORF_SIDE_990,1747,False
991,BIOKORF_SIDE_991,1748,False
992,BIOKORF_SIDE_992,1749,False
993,BIOKORF_SIDE_993,1750,False
