matrix_index,biokorf_drug_id,drug_name,kg_available,embedding_row
0,BIOKORF_DRUG_000,lepirudin,True,0
1,BIOKORF_DRUG_001,bivalirudin,True,1
2,BIOKORF_DRUG_002,leuprorelin,True,2
3,BIOKORF_DRUG_003,goserelin,True,3
4,BIOKORF_DRUG_004,erythropoietin,True,4
5,BIOKORF_DRUG_005,insulin,True,5
6,BIOKORF_DRUG_006,desmopressin,True,6
7,BIOKORF_DRUG_007,insulin.lispro,True,7
8,BIOKORF_DRUG_008,insulin.glargine,True,8
9,BIOKORF_DRUG_009,rasburicase,True,9
10,BIOKORF_DRUG_010,albumin,False,10
11,BIOKORF_DRUG_011,eptifibatide,True,11
12,BIOKORF_DRUG_012,muromonab-CD3,True,12
13,BIOKORF_DRUG_013,daptomycin,False,13
14,BIOKORF_DRUG_014,ciclosporin,True,14
15,BIOKORF_DRUG_015,urofollitropin,True,15
16,BIOKORF_DRUG_016,octreotide,True,16
17,BIOKORF_DRUG_017,interferon.alfa-2b,True,17
18,BIOKORF_DRUG_018,abarelix,True,18
19,BIOKORF_DRUG_019,oxytocin,True,19
20,BIOKORF_DRUG_020,enfuvirtide,True,20
21,BIOKORF_DRUG_021,glutamine,True,21
22,BIOKORF_DRUG_022,calcitriol,True,22
23,BIOKORF_DRUG_023,pravastatin,True,23
24,BIOKORF_DRUG_024,fluvoxamine,True,24
25,BIOKORF_DRUG_025,valsartan,True,25
26,BIOKORF_DRUG_026,ramipril,True,26
27,BIOKORF_DRUG_027,flunisolide,True,27
28,BIOKORF_DRUG_028,baclofen,True,28
29,BIOKORF_DRUG_029,nicotine,True,29
30,BIOKORF_DRUG_030,cevimeline,True,30
31,BIOKORF_DRUG_031,lorazepam,True,31
32,BIOKORF_DRUG_032,esmolol,True,32
33,BIOKORF_DRUG_033,bortezomib,True,33
34,BIOKORF_DRUG_034,tramadol,True,34
35,BIOKORF_DRUG_035,betaxolol,True,35
36,BIOKORF_DRUG_036,fluconazole,True,36
37,BIOKORF_DRUG_037,oseltamivir,True,37
38,BIOKORF_DRUG_038,caffeine,True,38
39,BIOKORF_DRUG_039,sildenafil,True,39
40,BIOKORF_DRUG_040,dofetilide,True,40
41,BIOKORF_DRUG_041,azithromycin,True,41
42,BIOKORF_DRUG_042,trospium,True,42
43,BIOKORF_DRUG_043,adapalene,True,43
44,BIOKORF_DRUG_044,midodrine,True,44
45,BIOKORF_DRUG_045,pantoprazole,True,45
46,BIOKORF_DRUG_046,torasemide,True,46
47,BIOKORF_DRUG_047,citalopram,True,47
48,BIOKORF_DRUG_048,eletriptan,True,48
49,BIOKORF_DRUG_049,moxifloxacin,True,49
50,BIOKORF_DRUG_050,nelfinavir,True,50
51,BIOKORF_DRUG_051,glimepiride,True,51
52,BIOKORF_DRUG_052,indinavir,True,52
53,BIOKORF_DRUG_053,lovastatin,True,53
54,BIOKORF_DRUG_054,pregabalin,True,54
55,BIOKORF_DRUG_055,temazepam,True,55
56,BIOKORF_DRUG_056,reboxetine,True,56
57,BIOKORF_DRUG_057,nevirapine,True,57
58,BIOKORF_DRUG_058,cladribine,True,58
59,BIOKORF_DRUG_059,ranolazine,True,59
60,BIOKORF_DRUG_060,mesalazine,True,60
61,BIOKORF_DRUG_061,ziprasidone,True,61
62,BIOKORF_DRUG_062,cabergoline,True,62
63,BIOKORF_DRUG_063,dapsone,True,63
64,BIOKORF_DRUG_064,terconazole,True,64
65,BIOKORF_DRUG_065,phenytoin,True,65
66,BIOKORF_DRUG_066,doxycycline,True,66
67,BIOKORF_DRUG_067,anagrelide,True,67
68,BIOKORF_DRUG_068,carmustine,True,68
69,BIOKORF_DRUG_069,metoprolol,True,69
70,BIOKORF_DRUG_070,ropinirole,True,70
71,BIOKORF_DRUG_071,isradipine,True,71
72,BIOKORF_DRUG_072,topiramate,True,72
73,BIOKORF_DRUG_073,olmesartan.medoxomil,False,73
74,BIOKORF_DRUG_074,amsacrine,True,74
75,BIOKORF_DRUG_075,theophylline,True,75
76,BIOKORF_DRUG_076,argatroban,True,76
77,BIOKORF_DRUG_077,lidocaine,True,77
78,BIOKORF_DRUG_078,pamidronic.acid,True,78
79,BIOKORF_DRUG_079,venlafaxine,True,79
80,BIOKORF_DRUG_080,conjugated.estrogens,True,80
81,BIOKORF_DRUG_081,travoprost,True,81
82,BIOKORF_DRUG_082,atomoxetine,True,82
83,BIOKORF_DRUG_083,bleomycin,False,83
84,BIOKORF_DRUG_084,chlorambucil,True,84
85,BIOKORF_DRUG_085,raltitrexed,True,85
86,BIOKORF_DRUG_086,etonogestrel,True,86
87,BIOKORF_DRUG_087,morphine,True,87
88,BIOKORF_DRUG_088,ropivacaine,True,88
89,BIOKORF_DRUG_089,bupivacaine,True,89
90,BIOKORF_DRUG_090,penciclovir,True,90
91,BIOKORF_DRUG_091,tenofovir.disoproxil,True,91
92,BIOKORF_DRUG_092,flucloxacillin,True,92
93,BIOKORF_DRUG_093,tranexamic.acid,True,93
94,BIOKORF_DRUG_094,ertapenem,True,94
95,BIOKORF_DRUG_095,bexarotene,True,95
96,BIOKORF_DRUG_096,ibutilide,True,96
97,BIOKORF_DRUG_097,chlortalidone,True,97
98,BIOKORF_DRUG_098,valproic.acid,True,98
99,BIOKORF_DRUG_099,zolmitriptan,True,99
100,BIOKORF_DRUG_100,paracetamol,True,100
101,BIOKORF_DRUG_101,gefitinib,True,101
102,BIOKORF_DRUG_102,piperacillin,True,102
103,BIOKORF_DRUG_103,dihydroergotamine,True,103
104,BIOKORF_DRUG_104,tolcapone,True,104
105,BIOKORF_DRUG_105,hydromorphone,True,105
106,BIOKORF_DRUG_106,indometacin,True,106
107,BIOKORF_DRUG_107,metformin,True,107
108,BIOKORF_DRUG_108,ipratropium.bromide,True,108
109,BIOKORF_DRUG_109,olanzapine,True,109
110,BIOKORF_DRUG_110,atenolol,True,110
111,BIOKORF_DRUG_111,pimecrolimus,True,111
112,BIOKORF_DRUG_112,omeprazole,True,112
113,BIOKORF_DRUG_113,cetirizine,True,113
114,BIOKORF_DRUG_114,diltiazem,True,114
115,BIOKORF_DRUG_115,alfuzosin,True,115
116,BIOKORF_DRUG_116,nitisinone,True,116
117,BIOKORF_DRUG_117,clobazam,True,117
118,BIOKORF_DRUG_118,megestrol,True,118
119,BIOKORF_DRUG_119,aztreonam,True,119
120,BIOKORF_DRUG_120,sapropterin,True,120
121,BIOKORF_DRUG_121,vinorelbine,True,121
122,BIOKORF_DRUG_122,anidulafungin,True,122
123,BIOKORF_DRUG_123,clozapine,True,123
124,BIOKORF_DRUG_124,levonorgestrel,True,124
125,BIOKORF_DRUG_125,cidofovir,True,125
126,BIOKORF_DRUG_126,mirtazapine,True,126
127,BIOKORF_DRUG_127,timolol,True,127
128,BIOKORF_DRUG_128,treprostinil,True,128
129,BIOKORF_DRUG_129,palonosetron,True,129
130,BIOKORF_DRUG_130,mexiletine,True,130
131,BIOKORF_DRUG_131,dexrazoxane,True,131
132,BIOKORF_DRUG_132,amlodipine,True,132
133,BIOKORF_DRUG_133,digoxin,True,133
134,BIOKORF_DRUG_134,nimodipine,True,134
135,BIOKORF_DRUG_135,beclometasone,True,135
136,BIOKORF_DRUG_136,progesterone,True,136
137,BIOKORF_DRUG_137,sorafenib,True,137
138,BIOKORF_DRUG_138,zoledronic.acid,True,138
139,BIOKORF_DRUG_139,nisoldipine,True,139
140,BIOKORF_DRUG_140,eszopiclone,True,140
141,BIOKORF_DRUG_141,alprazolam,True,141
142,BIOKORF_DRUG_142,loxapine,True,142
143,BIOKORF_DRUG_143,mupirocin,True,143
144,BIOKORF_DRUG_144,rosiglitazone,True,144
145,BIOKORF_DRUG_145,pramipexole,True,145
146,BIOKORF_DRUG_146,miglustat,True,146
147,BIOKORF_DRUG_147,methylphenidate,True,147
148,BIOKORF_DRUG_148,hyoscyamine,True,148
149,BIOKORF_DRUG_149,zolpidem,True,149
150,BIOKORF_DRUG_150,famciclovir,True,150
151,BIOKORF_DRUG_151,streptozocin,True,151
152,BIOKORF_DRUG_152,allopurinol,True,152
153,BIOKORF_DRUG_153,ceftazidime,True,153
154,BIOKORF_DRUG_154,cerivastatin,True,154
155,BIOKORF_DRUG_155,trimethoprim,True,155
156,BIOKORF_DRUG_156,gemcitabine,True,156
157,BIOKORF_DRUG_157,entecavir,True,157
158,BIOKORF_DRUG_158,teniposide,True,158
159,BIOKORF_DRUG_159,epirubicin,True,159
160,BIOKORF_DRUG_160,lansoprazole,True,160
161,BIOKORF_DRUG_161,loratadine,True,161
162,BIOKORF_DRUG_162,prazosin,True,162
163,BIOKORF_DRUG_163,imipramine,True,163
164,BIOKORF_DRUG_164,acitretin,True,164
165,BIOKORF_DRUG_165,verteporfin,True,165
166,BIOKORF_DRUG_166,nabumetone,True,166
167,BIOKORF_DRUG_167,ketorolac,True,167
168,BIOKORF_DRUG_168,montelukast,True,168
169,BIOKORF_DRUG_169,fluoxetine,True,169
170,BIOKORF_DRUG_170,duloxetine,True,170
171,BIOKORF_DRUG_171,rimantadine,True,171
172,BIOKORF_DRUG_172,lenalidomide,True,172
173,BIOKORF_DRUG_173,raloxifene,True,173
174,BIOKORF_DRUG_174,celecoxib,True,174
175,BIOKORF_DRUG_175,brimonidine,True,175
176,BIOKORF_DRUG_176,dicloxacillin,True,176
177,BIOKORF_DRUG_177,nabilone,True,177
178,BIOKORF_DRUG_178,sotalol,True,178
179,BIOKORF_DRUG_179,buspirone,True,179
180,BIOKORF_DRUG_180,fosinopril,True,180
181,BIOKORF_DRUG_181,entacapone,True,181
182,BIOKORF_DRUG_182,zidovudine,True,182
183,BIOKORF_DRUG_183,darifenacin,True,183
184,BIOKORF_DRUG_184,oxycodone,True,184
185,BIOKORF_DRUG_185,flutamide,True,185
186,BIOKORF_DRUG_186,cimetidine,True,186
187,BIOKORF_DRUG_187,haloperidol,True,187
188,BIOKORF_DRUG_188,ritonavir,True,188
189,BIOKORF_DRUG_189,nitazoxanide,True,189
190,BIOKORF_DRUG_190,vancomycin,True,190
191,BIOKORF_DRUG_191,dextromethorphan,True,191
192,BIOKORF_DRUG_192,albendazole,True,192
193,BIOKORF_DRUG_193,trandolapril,True,193
194,BIOKORF_DRUG_194,caspofungin,True,194
195,BIOKORF_DRUG_195,alitretinoin,True,195
196,BIOKORF_DRUG_196,metolazone,True,196
197,BIOKORF_DRUG_197,oxaliplatin,True,197
198,BIOKORF_DRUG_198,lercanidipine,True,198
199,BIOKORF_DRUG_199,foscarnet,True,199
200,BIOKORF_DRUG_200,erlotinib,True,200
201,BIOKORF_DRUG_201,cyclophosphamide,True,201
202,BIOKORF_DRUG_202,rofecoxib,True,202
203,BIOKORF_DRUG_203,ciprofloxacin,True,203
204,BIOKORF_DRUG_204,gadoversetamide,False,204
205,BIOKORF_DRUG_205,toremifene,True,205
206,BIOKORF_DRUG_206,vincristine,True,206
207,BIOKORF_DRUG_207,benazepril,True,207
208,BIOKORF_DRUG_208,fluorouracil,True,208
209,BIOKORF_DRUG_209,pyridostigmine,True,209
210,BIOKORF_DRUG_210,azelaic.acid,True,210
211,BIOKORF_DRUG_211,zafirlukast,True,211
212,BIOKORF_DRUG_212,pentostatin,True,212
213,BIOKORF_DRUG_213,piroxicam,True,213
214,BIOKORF_DRUG_214,lamotrigine,True,214
215,BIOKORF_DRUG_215,zanamivir,True,215
216,BIOKORF_DRUG_216,bosentan,True,216
217,BIOKORF_DRUG_217,tigecycline,True,217
218,BIOKORF_DRUG_218,methotrexate,True,218
219,BIOKORF_DRUG_219,carbamazepine,True,219
220,BIOKORF_DRUG_220,cisatracurium,True,220
221,BIOKORF_DRUG_221,fondaparinux,True,221
222,BIOKORF_DRUG_222,propranolol,True,222
223,BIOKORF_DRUG_223,clonidine,True,223
224,BIOKORF_DRUG_224,valaciclovir,True,224
225,BIOKORF_DRUG_225,valdecoxib,True,225
226,BIOKORF_DRUG_226,voriconazole,True,226
227,BIOKORF_DRUG_227,levocarnitine,True,227
228,BIOKORF_DRUG_228,enalapril,True,228
229,BIOKORF_DRUG_229,nizatidine,True,229
230,BIOKORF_DRUG_230,diclofenac,True,230
231,BIOKORF_DRUG_231,doxazosin,True,231
232,BIOKORF_DRUG_232,amiloride,True,232
233,BIOKORF_DRUG_233,gadoteridol,True,233
234,BIOKORF_DRUG_234,labetalol,True,234
235,BIOKORF_DRUG_235,linezolid,True,235
236,BIOKORF_DRUG_236,ivermectin,True,236
237,BIOKORF_DRUG_237,medroxyprogesterone,True,237
238,BIOKORF_DRUG_238,butorphanol,True,238
239,BIOKORF_DRUG_239,bisoprolol,True,239
240,BIOKORF_DRUG_240,rifabutin,True,240
241,BIOKORF_DRUG_241,imatinib,True,241
242,BIOKORF_DRUG_242,triamcinolone,True,242
243,BIOKORF_DRUG_243,testosterone,True,243
244,BIOKORF_DRUG_244,efavirenz,True,244
245,BIOKORF_DRUG_245,alendronic.acid,True,245
246,BIOKORF_DRUG_246,clofarabine,True,246
247,BIOKORF_DRUG_247,dexmedetomidine,True,247
248,BIOKORF_DRUG_248,adenosine,True,248
249,BIOKORF_DRUG_249,simvastatin,True,249
250,BIOKORF_DRUG_250,pemetrexed,True,250
251,BIOKORF_DRUG_251,gonadorelin,True,251
252,BIOKORF_DRUG_252,stavudine,True,252
253,BIOKORF_DRUG_253,calcium.folinate,True,253
254,BIOKORF_DRUG_254,latanoprost,True,254
255,BIOKORF_DRUG_255,estrone,True,255
256,BIOKORF_DRUG_256,trazodone,True,256
257,BIOKORF_DRUG_257,sevelamer,True,257
258,BIOKORF_DRUG_258,acamprosate,True,258
259,BIOKORF_DRUG_259,verapamil,True,259
260,BIOKORF_DRUG_260,nilutamide,True,260
261,BIOKORF_DRUG_261,nafarelin,False,261
262,BIOKORF_DRUG_262,sumatriptan,True,262
263,BIOKORF_DRUG_263,cefixime,True,263
264,BIOKORF_DRUG_264,aprepitant,True,264
265,BIOKORF_DRUG_265,galantamine,True,265
266,BIOKORF_DRUG_266,tamoxifen,True,266
267,BIOKORF_DRUG_267,losartan,True,267
268,BIOKORF_DRUG_268,amphotericin.B,True,268
269,BIOKORF_DRUG_269,midazolam,True,269
270,BIOKORF_DRUG_270,tobramycin,True,270
271,BIOKORF_DRUG_271,trovafloxacin,True,271
272,BIOKORF_DRUG_272,pentosan.polysulfate.sodium,False,272
273,BIOKORF_DRUG_273,moexipril,False,273
274,BIOKORF_DRUG_274,phentolamine,True,274
275,BIOKORF_DRUG_275,fluorescein,False,275
276,BIOKORF_DRUG_276,daunorubicin,True,276
277,BIOKORF_DRUG_277,furosemide,True,277
278,BIOKORF_DRUG_278,tizanidine,True,278
279,BIOKORF_DRUG_279,eplerenone,True,279
280,BIOKORF_DRUG_280,amprenavir,True,280
281,BIOKORF_DRUG_281,naltrexone,True,281
282,BIOKORF_DRUG_282,delavirdine,True,282
283,BIOKORF_DRUG_283,tamsulosin,True,283
284,BIOKORF_DRUG_284,porfimer.sodium,True,284
285,BIOKORF_DRUG_285,sufentanil,True,285
286,BIOKORF_DRUG_286,lamivudine,True,286
287,BIOKORF_DRUG_287,ibandronic.acid,True,287
288,BIOKORF_DRUG_288,apomorphine,True,288
289,BIOKORF_DRUG_289,paroxetine,True,289
290,BIOKORF_DRUG_290,adefovir.dipivoxil,True,290
291,BIOKORF_DRUG_291,lisinopril,True,291
292,BIOKORF_DRUG_292,imiquimod,True,292
293,BIOKORF_DRUG_293,glyceryl.trinitrate,True,293
294,BIOKORF_DRUG_294,nateglinide,True,294
295,BIOKORF_DRUG_295,risperidone,True,295
296,BIOKORF_DRUG_296,naftifine,True,296
297,BIOKORF_DRUG_297,esomeprazole,True,297
298,BIOKORF_DRUG_298,pentamidine.isethionate,False,298
299,BIOKORF_DRUG_299,riluzole,True,299
300,BIOKORF_DRUG_300,hydrocortisone,True,300
301,BIOKORF_DRUG_301,mannitol,True,301
302,BIOKORF_DRUG_302,gadobenic.acid,True,302
303,BIOKORF_DRUG_303,modafinil,True,303
304,BIOKORF_DRUG_304,deferoxamine,True,304
305,BIOKORF_DRUG_305,tretinoin,True,305
306,BIOKORF_DRUG_306,dolasetron,True,306
307,BIOKORF_DRUG_307,clopidogrel,True,307
308,BIOKORF_DRUG_308,meropenem,True,308
309,BIOKORF_DRUG_309,irinotecan,True,309
310,BIOKORF_DRUG_310,olopatadine,True,310
311,BIOKORF_DRUG_311,alprostadil,True,311
312,BIOKORF_DRUG_312,etoposide,True,312
313,BIOKORF_DRUG_313,tirofiban,True,313
314,BIOKORF_DRUG_314,oxcarbazepine,True,314
315,BIOKORF_DRUG_315,estradiol,True,315
316,BIOKORF_DRUG_316,aciclovir,True,316
317,BIOKORF_DRUG_317,naproxen,True,317
318,BIOKORF_DRUG_318,perindopril,True,318
319,BIOKORF_DRUG_319,sulfasalazine,True,319
320,BIOKORF_DRUG_320,tazarotene,True,320
321,BIOKORF_DRUG_321,alfentanil,True,321
322,BIOKORF_DRUG_322,dicycloverine,True,322
323,BIOKORF_DRUG_323,pentoxifylline,True,323
324,BIOKORF_DRUG_324,indapamide,True,324
325,BIOKORF_DRUG_325,ribavirin,True,325
326,BIOKORF_DRUG_326,fentanyl,True,326
327,BIOKORF_DRUG_327,meloxicam,True,327
328,BIOKORF_DRUG_328,orciprenaline,True,328
329,BIOKORF_DRUG_329,tadalafil,True,329
330,BIOKORF_DRUG_330,fosfomycin,True,330
331,BIOKORF_DRUG_331,diazepam,True,331
332,BIOKORF_DRUG_332,cefaclor,True,332
333,BIOKORF_DRUG_333,mifepristone,True,333
334,BIOKORF_DRUG_334,donepezil,True,334
335,BIOKORF_DRUG_335,mercaptamine,True,335
336,BIOKORF_DRUG_336,dacarbazine,True,336
337,BIOKORF_DRUG_337,temozolomide,True,337
338,BIOKORF_DRUG_338,aminolevulinic.acid,True,338
339,BIOKORF_DRUG_339,terbinafine,True,339
340,BIOKORF_DRUG_340,penicillamine,True,340
341,BIOKORF_DRUG_341,vardenafil,True,341
342,BIOKORF_DRUG_342,tacrolimus,True,342
343,BIOKORF_DRUG_343,terbutaline,True,343
344,BIOKORF_DRUG_344,conivaptan,True,344
345,BIOKORF_DRUG_345,eprosartan,True,345
346,BIOKORF_DRUG_346,sirolimus,True,346
347,BIOKORF_DRUG_347,emtricitabine,True,347
348,BIOKORF_DRUG_348,quinapril,True,348
349,BIOKORF_DRUG_349,clomifene,True,349
350,BIOKORF_DRUG_350,risedronic.acid,True,350
351,BIOKORF_DRUG_351,bumetanide,True,351
352,BIOKORF_DRUG_352,chlormethine,True,352
353,BIOKORF_DRUG_353,granisetron,True,353
354,BIOKORF_DRUG_354,triazolam,True,354
355,BIOKORF_DRUG_355,remifentanil,True,355
356,BIOKORF_DRUG_356,didanosine,True,356
357,BIOKORF_DRUG_357,ondansetron,True,357
358,BIOKORF_DRUG_358,bimatoprost,True,358
359,BIOKORF_DRUG_359,tiagabine,True,359
360,BIOKORF_DRUG_360,quinidine,True,360
361,BIOKORF_DRUG_361,zonisamide,True,361
362,BIOKORF_DRUG_362,paricalcitol,True,362
363,BIOKORF_DRUG_363,tinidazole,True,363
364,BIOKORF_DRUG_364,repaglinide,True,364
365,BIOKORF_DRUG_365,amantadine,True,365
366,BIOKORF_DRUG_366,metronidazole,True,366
367,BIOKORF_DRUG_367,almotriptan,True,367
368,BIOKORF_DRUG_368,buprenorphine,False,368
369,BIOKORF_DRUG_369,levosimendan,True,369
370,BIOKORF_DRUG_370,cyclobenzaprine,True,370
371,BIOKORF_DRUG_371,famotidine,True,371
372,BIOKORF_DRUG_372,azacitidine,True,372
373,BIOKORF_DRUG_373,misoprostol,True,373
374,BIOKORF_DRUG_374,colesevelam,True,374
375,BIOKORF_DRUG_375,tipranavir,True,375
376,BIOKORF_DRUG_376,maprotiline,True,376
377,BIOKORF_DRUG_377,salmeterol,True,377
378,BIOKORF_DRUG_378,fulvestrant,True,378
379,BIOKORF_DRUG_379,felbamate,True,379
380,BIOKORF_DRUG_380,fexofenadine,True,380
381,BIOKORF_DRUG_381,naratriptan,True,381
382,BIOKORF_DRUG_382,rizatriptan,True,382
383,BIOKORF_DRUG_383,hydrocodone,True,383
384,BIOKORF_DRUG_384,carboplatin,True,384
385,BIOKORF_DRUG_385,pindolol,True,385
386,BIOKORF_DRUG_386,zaleplon,True,386
387,BIOKORF_DRUG_387,apraclonidine,True,387
388,BIOKORF_DRUG_388,telmisartan,True,388
389,BIOKORF_DRUG_389,desloratadine,True,389
390,BIOKORF_DRUG_390,alosetron,True,390
391,BIOKORF_DRUG_391,azelastine,True,391
392,BIOKORF_DRUG_392,ezetimibe,True,392
393,BIOKORF_DRUG_393,dipyridamole,True,393
394,BIOKORF_DRUG_394,telithromycin,True,394
395,BIOKORF_DRUG_395,lomefloxacin,True,395
396,BIOKORF_DRUG_396,ramelteon,True,396
397,BIOKORF_DRUG_397,isotretinoin,True,397
398,BIOKORF_DRUG_398,formoterol,True,398
399,BIOKORF_DRUG_399,glycopyrronium.bromide,True,399
400,BIOKORF_DRUG_400,cytarabine,True,400
401,BIOKORF_DRUG_401,rivastigmine,True,401
402,BIOKORF_DRUG_402,exemestane,True,402
403,BIOKORF_DRUG_403,methyl.aminolevulinate,True,403
404,BIOKORF_DRUG_404,azathioprine,True,404
405,BIOKORF_DRUG_405,auranofin,True,405
406,BIOKORF_DRUG_406,gabapentin,True,406
407,BIOKORF_DRUG_407,doxorubicin,True,407
408,BIOKORF_DRUG_408,frovatriptan,True,408
409,BIOKORF_DRUG_409,hydrochlorothiazide,True,409
410,BIOKORF_DRUG_410,salbutamol,True,410
411,BIOKORF_DRUG_411,levobupivacaine,True,411
412,BIOKORF_DRUG_412,cromoglicic.acid,True,412
413,BIOKORF_DRUG_413,ganciclovir,True,413
414,BIOKORF_DRUG_414,hydroxycarbamide,True,414
415,BIOKORF_DRUG_415,letrozole,True,415
416,BIOKORF_DRUG_416,busulfan,True,416
417,BIOKORF_DRUG_417,metyrapone,True,417
418,BIOKORF_DRUG_418,cinacalcet,True,418
419,BIOKORF_DRUG_419,balsalazide,True,419
420,BIOKORF_DRUG_420,sulfamethoxazole.and.trimethoprim,True,420
421,BIOKORF_DRUG_421,minocycline,True,421
422,BIOKORF_DRUG_422,guanfacine,True,422
423,BIOKORF_DRUG_423,isosorbide.mononitrate,True,423
424,BIOKORF_DRUG_424,mycophenolic.acid,True,424
425,BIOKORF_DRUG_425,amlexanox,True,425
426,BIOKORF_DRUG_426,irbesartan,True,426
427,BIOKORF_DRUG_427,topotecan,True,427
428,BIOKORF_DRUG_428,tolterodine,True,428
429,BIOKORF_DRUG_429,selegiline,True,429
430,BIOKORF_DRUG_430,fenofibrate,True,430
431,BIOKORF_DRUG_431,thalidomide,True,431
432,BIOKORF_DRUG_432,melphalan,True,432
433,BIOKORF_DRUG_433,memantine,True,433
434,BIOKORF_DRUG_434,gatifloxacin,True,434
435,BIOKORF_DRUG_435,lubiprostone,True,435
436,BIOKORF_DRUG_436,fluocinonide,True,436
437,BIOKORF_DRUG_437,abacavir,True,437
438,BIOKORF_DRUG_438,ibuprofen,True,438
439,BIOKORF_DRUG_439,norfloxacin,True,439
440,BIOKORF_DRUG_440,amoxicillin,True,440
441,BIOKORF_DRUG_441,oxybutynin,True,441
442,BIOKORF_DRUG_442,glipizide,True,442
443,BIOKORF_DRUG_443,clonazepam,True,443
444,BIOKORF_DRUG_444,atazanavir,True,444
445,BIOKORF_DRUG_445,fludarabine,True,445
446,BIOKORF_DRUG_446,atorvastatin,True,446
447,BIOKORF_DRUG_447,tegaserod,True,447
448,BIOKORF_DRUG_448,vigabatrin,True,448
449,BIOKORF_DRUG_449,streptomycin,True,449
450,BIOKORF_DRUG_450,orlistat,True,450
451,BIOKORF_DRUG_451,pilocarpine,True,451
452,BIOKORF_DRUG_452,iloprost,True,452
453,BIOKORF_DRUG_453,fluvastatin,True,453
454,BIOKORF_DRUG_454,leflunomide,True,454
455,BIOKORF_DRUG_455,rosuvastatin,True,455
456,BIOKORF_DRUG_456,pimozide,True,456
457,BIOKORF_DRUG_457,capecitabine,True,457
458,BIOKORF_DRUG_458,sertraline,True,458
459,BIOKORF_DRUG_459,heparin,True,459
460,BIOKORF_DRUG_460,miconazole,True,460
461,BIOKORF_DRUG_461,nifedipine,True,461
462,BIOKORF_DRUG_462,atovaquone,True,462
463,BIOKORF_DRUG_463,amiodarone,True,463
464,BIOKORF_DRUG_464,gliclazide,True,464
465,BIOKORF_DRUG_465,bicalutamide,True,465
466,BIOKORF_DRUG_466,rabeprazole,True,466
467,BIOKORF_DRUG_467,pioglitazone,True,467
468,BIOKORF_DRUG_468,carvedilol,True,468
469,BIOKORF_DRUG_469,levofloxacin,True,469
470,BIOKORF_DRUG_470,micafungin,True,470
471,BIOKORF_DRUG_471,doxepin,True,471
472,BIOKORF_DRUG_472,nefazodone,True,472
473,BIOKORF_DRUG_473,cefprozil,True,473
474,BIOKORF_DRUG_474,gemifloxacin,True,474
475,BIOKORF_DRUG_475,bupropion,True,475
476,BIOKORF_DRUG_476,trimetrexate,True,476
477,BIOKORF_DRUG_477,terazosin,True,477
478,BIOKORF_DRUG_478,ofloxacin,True,478
479,BIOKORF_DRUG_479,cilostazol,True,479
480,BIOKORF_DRUG_480,itraconazole,False,480
481,BIOKORF_DRUG_481,arsenic.trioxide,False,481
482,BIOKORF_DRUG_482,escitalopram,True,482
483,BIOKORF_DRUG_483,idarubicin,True,483
484,BIOKORF_DRUG_484,podophyllotoxin,True,484
485,BIOKORF_DRUG_485,rescinnamine,True,485
486,BIOKORF_DRUG_486,ifosfamide,True,486
487,BIOKORF_DRUG_487,propafenone,True,487
488,BIOKORF_DRUG_488,pergolide,True,488
489,BIOKORF_DRUG_489,ciclopirox,True,489
490,BIOKORF_DRUG_490,desflurane,True,490
491,BIOKORF_DRUG_491,clindamycin,True,491
492,BIOKORF_DRUG_492,acebutolol,True,492
493,BIOKORF_DRUG_493,brinzolamide,True,493
494,BIOKORF_DRUG_494,flecainide,True,494
495,BIOKORF_DRUG_495,estramustine,True,495
496,BIOKORF_DRUG_496,bromocriptine,True,496
497,BIOKORF_DRUG_497,levetiracetam,True,497
498,BIOKORF_DRUG_498,nadolol,False,498
499,BIOKORF_DRUG_499,mitoxantrone,True,499
500,BIOKORF_DRUG_500,sparfloxacin,True,500
501,BIOKORF_DRUG_501,clarithromycin,True,501
502,BIOKORF_DRUG_502,ceftriaxone,True,502
503,BIOKORF_DRUG_503,estazolam,True,503
504,BIOKORF_DRUG_504,finasteride,True,504
505,BIOKORF_DRUG_505,anastrozole,True,505
506,BIOKORF_DRUG_506,halofantrine,True,506
507,BIOKORF_DRUG_507,dantrolene,True,507
508,BIOKORF_DRUG_508,rifaximin,True,508
509,BIOKORF_DRUG_509,budesonide,True,509
510,BIOKORF_DRUG_510,aminophylline,True,510
511,BIOKORF_DRUG_511,quetiapine,True,511
512,BIOKORF_DRUG_512,paclitaxel,True,512
513,BIOKORF_DRUG_513,saquinavir,True,513
514,BIOKORF_DRUG_514,dexamethasone,True,514
515,BIOKORF_DRUG_515,levodopa,True,515
516,BIOKORF_DRUG_516,aripiprazole,True,516
517,BIOKORF_DRUG_517,epoprostenol,True,517
518,BIOKORF_DRUG_518,gemfibrozil,True,518
519,BIOKORF_DRUG_519,clomipramine,True,519
520,BIOKORF_DRUG_520,bepridil,True,520
521,BIOKORF_DRUG_521,docetaxel,True,521
522,BIOKORF_DRUG_522,iodixanol,True,522
523,BIOKORF_DRUG_523,olsalazine,True,523
524,BIOKORF_DRUG_524,dasatinib,True,524
525,BIOKORF_DRUG_525,lisdexamfetamine,True,525
526,BIOKORF_DRUG_526,lapatinib,True,526
527,BIOKORF_DRUG_527,desonide,True,527
528,BIOKORF_DRUG_528,sitagliptin,True,528
529,BIOKORF_DRUG_529,decitabine,True,529
530,BIOKORF_DRUG_530,posaconazole,True,530
531,BIOKORF_DRUG_531,darunavir,True,531
532,BIOKORF_DRUG_532,telbivudine,True,532
533,BIOKORF_DRUG_533,paliperidone,True,533
534,BIOKORF_DRUG_534,sunitinib,True,534
535,BIOKORF_DRUG_535,varenicline,False,535
536,BIOKORF_DRUG_536,hydralazine,True,536
537,BIOKORF_DRUG_537,exenatide,True,537
538,BIOKORF_DRUG_538,nelarabine,True,538
539,BIOKORF_DRUG_539,corticotropin,True,539
540,BIOKORF_DRUG_540,pirbuterol,True,540
541,BIOKORF_DRUG_541,insulin.aspart,True,541
542,BIOKORF_DRUG_542,insulin.detemir,True,542
543,BIOKORF_DRUG_543,fosamprenavir,True,543
544,BIOKORF_DRUG_544,fosphenytoin,True,544
545,BIOKORF_DRUG_545,cilazapril,True,545
546,BIOKORF_DRUG_546,penbutolol,True,546
547,BIOKORF_DRUG_547,iohexol,True,547
548,BIOKORF_DRUG_548,rasagiline,True,548
549,BIOKORF_DRUG_549,sodium.bicarbonate,False,549
550,BIOKORF_DRUG_550,bezafibrate,True,550
551,BIOKORF_DRUG_551,colchicine,True,551
552,BIOKORF_DRUG_552,danazol,True,552
553,BIOKORF_DRUG_553,tiotropium.bromide,True,553
554,BIOKORF_DRUG_554,ciclesonide,True,554
555,BIOKORF_DRUG_555,cefepime,True,555
556,BIOKORF_DRUG_556,colestyramine,True,556
557,BIOKORF_DRUG_557,flunitrazepam,True,557
558,BIOKORF_DRUG_558,dihydrocodeine,True,558
559,BIOKORF_DRUG_559,bromazepam,True,559
560,BIOKORF_DRUG_560,ursodeoxycholic.acid,True,560
561,BIOKORF_DRUG_561,quazepam,True,561
562,BIOKORF_DRUG_562,everolimus,True,562
563,BIOKORF_DRUG_563,solifenacin,True,563
564,BIOKORF_DRUG_564,tiaprofenic.acid,True,564
565,BIOKORF_DRUG_565,deferasirox,True,565
566,BIOKORF_DRUG_566,valganciclovir,True,566
567,BIOKORF_DRUG_567,roflumilast,True,567
568,BIOKORF_DRUG_568,fusidic.acid,True,568
569,BIOKORF_DRUG_569,fotemustine,True,569
570,BIOKORF_DRUG_570,thiotepa,True,570
571,BIOKORF_DRUG_571,maraviroc,True,571
572,BIOKORF_DRUG_572,cyproterone,True,572
573,BIOKORF_DRUG_573,tetrabenazine,True,573
574,BIOKORF_DRUG_574,ixabepilone,True,574
575,BIOKORF_DRUG_575,febuxostat,True,575
576,BIOKORF_DRUG_576,dronedarone,True,576
577,BIOKORF_DRUG_577,nebivolol,True,577
578,BIOKORF_DRUG_578,nilotinib,True,578
579,BIOKORF_DRUG_579,lorcaserin,True,579
580,BIOKORF_DRUG_580,vildagliptin,True,580
581,BIOKORF_DRUG_581,milnacipran,True,581
582,BIOKORF_DRUG_582,nesiritide,True,582
583,BIOKORF_DRUG_583,oritavancin,True,583
584,BIOKORF_DRUG_584,clevidipine,True,584
585,BIOKORF_DRUG_585,ospemifene,True,585
586,BIOKORF_DRUG_586,iloperidone,True,586
587,BIOKORF_DRUG_587,retigabine,True,587
588,BIOKORF_DRUG_588,ingenol.mebutate,False,588
589,BIOKORF_DRUG_589,belinostat,True,589
590,BIOKORF_DRUG_590,indacaterol,True,590
591,BIOKORF_DRUG_591,trabectedin,True,591
592,BIOKORF_DRUG_592,glatiramer.acetate,True,592
593,BIOKORF_DRUG_593,rotigotine,True,593
594,BIOKORF_DRUG_594,samarium.(153Sm).lexidronam,True,594
595,BIOKORF_DRUG_595,vandetanib,True,595
596,BIOKORF_DRUG_596,ecallantide,True,596
597,BIOKORF_DRUG_597,romiplostim,True,597
598,BIOKORF_DRUG_598,dexlansoprazole,True,598
599,BIOKORF_DRUG_599,telaprevir,True,599
600,BIOKORF_DRUG_600,mipomersen,True,600
601,BIOKORF_DRUG_601,apremilast,True,601
602,BIOKORF_DRUG_602,ustekinumab,True,602
603,BIOKORF_DRUG_603,abiraterone,True,603
604,BIOKORF_DRUG_604,mianserin,True,604
605,BIOKORF_DRUG_605,acetylcysteine,True,605
606,BIOKORF_DRUG_606,romidepsin,True,606
607,BIOKORF_DRUG_607,rufinamide,True,607
608,BIOKORF_DRUG_608,lasofoxifene,True,608
609,BIOKORF_DRUG_609,tapentadol,True,609
610,BIOKORF_DRUG_610,silodosin,True,610
611,BIOKORF_DRUG_611,prasugrel,True,611
612,BIOKORF_DRUG_612,eltrombopag,True,612
613,BIOKORF_DRUG_613,doripenem,True,613
614,BIOKORF_DRUG_614,tolvaptan,False,614
615,BIOKORF_DRUG_615,regadenoson,True,615
616,BIOKORF_DRUG_616,asenapine,True,616
617,BIOKORF_DRUG_617,vernakalant,True,617
618,BIOKORF_DRUG_618,lacosamide,True,618
619,BIOKORF_DRUG_619,dalbavancin,True,619
620,BIOKORF_DRUG_620,rivaroxaban,True,620
621,BIOKORF_DRUG_621,nalmefene,True,621
622,BIOKORF_DRUG_622,avanafil,True,622
623,BIOKORF_DRUG_623,eflornithine,True,623
624,BIOKORF_DRUG_624,droxidopa,True,624
625,BIOKORF_DRUG_625,sitaxentan,True,625
626,BIOKORF_DRUG_626,ziconotide,True,626
627,BIOKORF_DRUG_627,teriparatide,True,627
628,BIOKORF_DRUG_628,temsirolimus,True,628
629,BIOKORF_DRUG_629,amisulpride,True,629
630,BIOKORF_DRUG_630,simeprevir,True,630
631,BIOKORF_DRUG_631,dapagliflozin,True,631
632,BIOKORF_DRUG_632,bazedoxifene,True,632
633,BIOKORF_DRUG_633,ambrisentan,True,633
634,BIOKORF_DRUG_634,doxercalciferol,True,634
635,BIOKORF_DRUG_635,armodafinil,True,635
636,BIOKORF_DRUG_636,etravirine,True,636
637,BIOKORF_DRUG_637,prucalopride,True,637
638,BIOKORF_DRUG_638,pazopanib,True,638
639,BIOKORF_DRUG_639,ceftaroline.fosamil,True,639
640,BIOKORF_DRUG_640,agomelatine,True,640
641,BIOKORF_DRUG_641,apixaban,True,641
642,BIOKORF_DRUG_642,bosutinib,True,642
643,BIOKORF_DRUG_643,axitinib,True,643
644,BIOKORF_DRUG_644,fampridine,True,644
645,BIOKORF_DRUG_645,ofatumumab,True,645
646,BIOKORF_DRUG_646,liraglutide,True,646
647,BIOKORF_DRUG_647,pasireotide,True,647
648,BIOKORF_DRUG_648,vilazodone,True,648
649,BIOKORF_DRUG_649,dabigatran.etexilate,True,649
650,BIOKORF_DRUG_650,betahistine,True,650
651,BIOKORF_DRUG_651,degarelix,True,651
652,BIOKORF_DRUG_652,desvenlafaxine,True,652
653,BIOKORF_DRUG_653,dexmethylphenidate,True,653
654,BIOKORF_DRUG_654,fesoterodine,True,654
655,BIOKORF_DRUG_655,gadobutrol,True,655
656,BIOKORF_DRUG_656,naphazoline,True,656
657,BIOKORF_DRUG_657,buserelin,True,657
658,BIOKORF_DRUG_658,betaine,True,658
659,BIOKORF_DRUG_659,bendamustine,True,659
660,BIOKORF_DRUG_660,cabazitaxel,True,660
661,BIOKORF_DRUG_661,capsaicin,True,661
662,BIOKORF_DRUG_662,dalteparin,True,662
663,BIOKORF_DRUG_663,ganirelix,True,663
664,BIOKORF_DRUG_664,histrelin,False,664
665,BIOKORF_DRUG_665,lanreotide,False,665
666,BIOKORF_DRUG_666,lanthanum.carbonate,True,666
667,BIOKORF_DRUG_667,lodoxamide,True,667
668,BIOKORF_DRUG_668,methylnaltrexone.bromide,True,668
669,BIOKORF_DRUG_669,plerixafor,True,669
670,BIOKORF_DRUG_670,raltegravir,True,670
671,BIOKORF_DRUG_671,sodium.phenylbutyrate,True,671
672,BIOKORF_DRUG_672,triptorelin,True,672
673,BIOKORF_DRUG_673,lurasidone,True,673
674,BIOKORF_DRUG_674,ticagrelor,True,674
675,BIOKORF_DRUG_675,tafluprost,True,675
676,BIOKORF_DRUG_676,ivacaftor,True,676
677,BIOKORF_DRUG_677,iodine.ioflupane.(123I),True,677
678,BIOKORF_DRUG_678,vismodegib,True,678
679,BIOKORF_DRUG_679,rilpivirine,True,679
680,BIOKORF_DRUG_680,crizotinib,True,680
681,BIOKORF_DRUG_681,ulipristal,True,681
682,BIOKORF_DRUG_682,fingolimod,True,682
683,BIOKORF_DRUG_683,tesamorelin,True,683
684,BIOKORF_DRUG_684,eribulin,True,684
685,BIOKORF_DRUG_685,boceprevir,True,685
686,BIOKORF_DRUG_686,fidaxomicin,True,686
687,BIOKORF_DRUG_687,cabozantinib,True,687
688,BIOKORF_DRUG_688,ruxolitinib,True,688
689,BIOKORF_DRUG_689,teriflunomide,True,689
690,BIOKORF_DRUG_690,vemurafenib,True,690
691,BIOKORF_DRUG_691,linagliptin,True,691
692,BIOKORF_DRUG_692,perampanel,True,692
693,BIOKORF_DRUG_693,carfilzomib,True,693
694,BIOKORF_DRUG_694,mirabegron,True,694
695,BIOKORF_DRUG_695,tofacitinib,True,695
696,BIOKORF_DRUG_696,regorafenib,True,696
697,BIOKORF_DRUG_697,aclidinium.bromide,True,697
698,BIOKORF_DRUG_698,enzalutamide,True,698
699,BIOKORF_DRUG_699,teduglutide,True,699
700,BIOKORF_DRUG_700,ponatinib,True,700
701,BIOKORF_DRUG_701,bedaquiline,True,701
702,BIOKORF_DRUG_702,fluticasone.furoate,True,702
703,BIOKORF_DRUG_703,canagliflozin,True,703
704,BIOKORF_DRUG_704,glycerol.phenylbutyrate,True,704
705,BIOKORF_DRUG_705,pomalidomide,True,705
706,BIOKORF_DRUG_706,trametinib,True,706
707,BIOKORF_DRUG_707,dabrafenib,True,707
708,BIOKORF_DRUG_708,radium.(223Ra).dichloride,False,708
709,BIOKORF_DRUG_709,afatinib,True,709
710,BIOKORF_DRUG_710,dolutegravir,True,710
711,BIOKORF_DRUG_711,riociguat,True,711
712,BIOKORF_DRUG_712,macitentan,True,712
713,BIOKORF_DRUG_713,sofosbuvir,True,713
714,BIOKORF_DRUG_714,iopamidol,True,714
715,BIOKORF_DRUG_715,aliskiren,True,715
716,BIOKORF_DRUG_716,vorapaxar,True,716
717,BIOKORF_DRUG_717,suvorexant,True,717
718,BIOKORF_DRUG_718,empagliflozin,True,718
719,BIOKORF_DRUG_719,eliglustat,True,719
720,BIOKORF_DRUG_720,ibrutinib,True,720
721,BIOKORF_DRUG_721,cobicistat,True,721
722,BIOKORF_DRUG_722,vortioxetine,True,722
723,BIOKORF_DRUG_723,tasimelteon,True,723
724,BIOKORF_DRUG_724,sodium.oxybate,True,724
725,BIOKORF_DRUG_725,umeclidinium.bromide,True,725
726,BIOKORF_DRUG_726,olodaterol,True,726
727,BIOKORF_DRUG_727,pinaverium,True,727
728,BIOKORF_DRUG_728,benzoyl.peroxide,True,728
729,BIOKORF_DRUG_729,elvitegravir,True,729
730,BIOKORF_DRUG_730,mesna,True,730
731,BIOKORF_DRUG_731,saccharated.iron.oxide,True,731
732,BIOKORF_DRUG_732,florbetapir.(18F),True,732
733,BIOKORF_DRUG_733,flutemetamol.(18F),True,733
734,BIOKORF_DRUG_734,iopromide,True,734
735,BIOKORF_DRUG_735,technetium.(99mTc).tetrofosmin,False,735
736,BIOKORF_DRUG_736,technetium.(99mTc).exametazime,True,736
737,BIOKORF_DRUG_737,nicorandil,True,737
738,BIOKORF_DRUG_738,sodium.aurothiomalate,True,738
739,BIOKORF_DRUG_739,sodium.phosphate,False,739
740,BIOKORF_DRUG_740,iotrolan,False,740
741,BIOKORF_DRUG_741,secretin,True,741
742,BIOKORF_DRUG_742,desirudin,True,742
743,BIOKORF_DRUG_743,temoporfin,True,743
744,BIOKORF_DRUG_744,colestilan,True,744
745,BIOKORF_DRUG_745,tropisetron,True,745
746,BIOKORF_DRUG_746,clobetasol,True,746
747,BIOKORF_DRUG_747,clobetasone,True,747
748,BIOKORF_DRUG_748,atracurium,True,748
749,BIOKORF_DRUG_749,mifamurtide,False,749
750,BIOKORF_DRUG_750,fluticasone,False,750
751,BIOKORF_DRUG_751,candesartan,True,751
752,BIOKORF_DRUG_752,mometasone,True,752
753,BIOKORF_DRUG_753,tedizolid,True,753
754,BIOKORF_DRUG_754,hydroxyprogesterone,True,754
755,BIOKORF_DRUG_755,eslicarbazepine,True,755
756,BIOKORF_DRUG_756,ceftobiprole.medocaril,False,756
