rounding_decimals,group_rank_within_precision,group_size,member_matrix_indices,member_drug_names
3,1,119,"[0, 1, 4, 5, 7, 8, 9, 11, 12, 15, 17, 19, 20, 30, 34, 56, 64, 66, 80, 90, 94, 108, 119, 122, 125, 138, 143, 151, 157, 165, 171, 177, 194, 197, 201, 206, 217, 233, 236, 238, 251, 253, 257, 270, 284, 291, 296, 301, 302, 308, 330, 332, 337, 342, 353, 374, 384, 399, 403, 405, 420, 453, 459, 469, 473, 485, 491, 521, 522, 532, 537, 539, 541, 542, 547, 551, 553, 556, 569, 572, 582, 592, 594, 596, 597, 600, 615, 616, 619, 626, 627, 639, 645, 646, 655, 657, 658, 662, 666, 667, 668, 671, 683, 697, 699, 703, 714, 725, 728, 730, 731, 734, 736, 738, 741, 742, 743, 744, 747]","[""lepirudin"", ""bivalirudin"", ""erythropoietin"", ""insulin"", ""insulin.lispro"", ""insulin.glargine"", ""rasburicase"", ""eptifibatide"", ""muromonab-CD3"", ""urofollitropin"", ""interferon.alfa-2b"", ""oxytocin"", ""enfuvirtide"", ""cevimeline"", ""tramadol"", ""reboxetine"", ""terconazole"", ""doxycycline"", ""conjugated.estrogens"", ""penciclovir"", ""ertapenem"", ""ipratropium.bromide"", ""aztreonam"", ""anidulafungin"", ""cidofovir"", ""zoledronic.acid"", ""mupirocin"", ""streptozocin"", ""entecavir"", ""verteporfin"", ""rimantadine"", ""nabilone"", ""caspofungin"", ""oxaliplatin"", ""cyclophosphamide"", ""vincristine"", ""tigecycline"", ""gadoteridol"", ""ivermectin"", ""butorphanol"", ""gonadorelin"", ""calcium.folinate"", ""sevelamer"", ""tobramycin"", ""porfimer.sodium"", ""lisinopril"", ""naftifine"", ""mannitol"", ""gadobenic.acid"", ""meropenem"", ""fosfomycin"", ""cefaclor"", ""temozolomide"", ""tacrolimus"", ""granisetron"", ""colesevelam"", ""carboplatin"", ""glycopyrronium.bromide"", ""methyl.aminolevulinate"", ""auranofin"", ""sulfamethoxazole.and.trimethoprim"", ""fluvastatin"", ""heparin"", ""levofloxacin"", ""cefprozil"", ""rescinnamine"", ""clindamycin"", ""docetaxel"", ""iodixanol"", ""telbivudine"", ""exenatide"", ""corticotropin"", ""insulin.aspart"", ""insulin.detemir"", ""iohexol"", ""colchicine"", ""tiotropium.bromide"", ""colestyramine"", ""fotemustine"", ""cyproterone"", ""nesiritide"", ""glatiramer.acetate"", ""samarium.(153Sm).lexidronam"", ""ecallantide"", ""romiplostim"", ""mipomersen"", ""regadenoson"", ""asenapine"", ""dalbavancin"", ""ziconotide"", ""teriparatide"", ""ceftaroline.fosamil"", ""ofatumumab"", ""liraglutide"", ""gadobutrol"", ""buserelin"", ""betaine"", ""dalteparin"", ""lanthanum.carbonate"", ""lodoxamide"", ""methylnaltrexone.bromide"", ""sodium.phenylbutyrate"", ""tesamorelin"", ""aclidinium.bromide"", ""teduglutide"", ""canagliflozin"", ""iopamidol"", ""umeclidinium.bromide"", ""benzoyl.peroxide"", ""mesna"", ""saccharated.iron.oxide"", ""iopromide"", ""technetium.(99mTc).exametazime"", ""sodium.aurothiomalate"", ""secretin"", ""desirudin"", ""temoporfin"", ""colestilan"", ""clobetasone""]"
4,1,119,"[0, 1, 4, 5, 7, 8, 9, 11, 12, 15, 17, 19, 20, 30, 34, 56, 64, 66, 80, 90, 94, 108, 119, 122, 125, 138, 143, 151, 157, 165, 171, 177, 194, 197, 201, 206, 217, 233, 236, 238, 251, 253, 257, 270, 284, 291, 296, 301, 302, 308, 330, 332, 337, 342, 353, 374, 384, 399, 403, 405, 420, 453, 459, 469, 473, 485, 491, 521, 522, 532, 537, 539, 541, 542, 547, 551, 553, 556, 569, 572, 582, 592, 594, 596, 597, 600, 615, 616, 619, 626, 627, 639, 645, 646, 655, 657, 658, 662, 666, 667, 668, 671, 683, 697, 699, 703, 714, 725, 728, 730, 731, 734, 736, 738, 741, 742, 743, 744, 747]","[""lepirudin"", ""bivalirudin"", ""erythropoietin"", ""insulin"", ""insulin.lispro"", ""insulin.glargine"", ""rasburicase"", ""eptifibatide"", ""muromonab-CD3"", ""urofollitropin"", ""interferon.alfa-2b"", ""oxytocin"", ""enfuvirtide"", ""cevimeline"", ""tramadol"", ""reboxetine"", ""terconazole"", ""doxycycline"", ""conjugated.estrogens"", ""penciclovir"", ""ertapenem"", ""ipratropium.bromide"", ""aztreonam"", ""anidulafungin"", ""cidofovir"", ""zoledronic.acid"", ""mupirocin"", ""streptozocin"", ""entecavir"", ""verteporfin"", ""rimantadine"", ""nabilone"", ""caspofungin"", ""oxaliplatin"", ""cyclophosphamide"", ""vincristine"", ""tigecycline"", ""gadoteridol"", ""ivermectin"", ""butorphanol"", ""gonadorelin"", ""calcium.folinate"", ""sevelamer"", ""tobramycin"", ""porfimer.sodium"", ""lisinopril"", ""naftifine"", ""mannitol"", ""gadobenic.acid"", ""meropenem"", ""fosfomycin"", ""cefaclor"", ""temozolomide"", ""tacrolimus"", ""granisetron"", ""colesevelam"", ""carboplatin"", ""glycopyrronium.bromide"", ""methyl.aminolevulinate"", ""auranofin"", ""sulfamethoxazole.and.trimethoprim"", ""fluvastatin"", ""heparin"", ""levofloxacin"", ""cefprozil"", ""rescinnamine"", ""clindamycin"", ""docetaxel"", ""iodixanol"", ""telbivudine"", ""exenatide"", ""corticotropin"", ""insulin.aspart"", ""insulin.detemir"", ""iohexol"", ""colchicine"", ""tiotropium.bromide"", ""colestyramine"", ""fotemustine"", ""cyproterone"", ""nesiritide"", ""glatiramer.acetate"", ""samarium.(153Sm).lexidronam"", ""ecallantide"", ""romiplostim"", ""mipomersen"", ""regadenoson"", ""asenapine"", ""dalbavancin"", ""ziconotide"", ""teriparatide"", ""ceftaroline.fosamil"", ""ofatumumab"", ""liraglutide"", ""gadobutrol"", ""buserelin"", ""betaine"", ""dalteparin"", ""lanthanum.carbonate"", ""lodoxamide"", ""methylnaltrexone.bromide"", ""sodium.phenylbutyrate"", ""tesamorelin"", ""aclidinium.bromide"", ""teduglutide"", ""canagliflozin"", ""iopamidol"", ""umeclidinium.bromide"", ""benzoyl.peroxide"", ""mesna"", ""saccharated.iron.oxide"", ""iopromide"", ""technetium.(99mTc).exametazime"", ""sodium.aurothiomalate"", ""secretin"", ""desirudin"", ""temoporfin"", ""colestilan"", ""clobetasone""]"
6,1,118,"[0, 1, 4, 5, 7, 8, 9, 11, 12, 15, 17, 19, 20, 34, 56, 64, 66, 80, 90, 94, 108, 119, 122, 125, 138, 143, 151, 157, 165, 171, 177, 194, 197, 201, 206, 217, 233, 236, 238, 251, 253, 257, 270, 284, 291, 296, 301, 302, 308, 330, 332, 337, 342, 353, 374, 384, 399, 403, 405, 420, 453, 459, 469, 473, 485, 491, 521, 522, 532, 537, 539, 541, 542, 547, 551, 553, 556, 569, 572, 582, 592, 594, 596, 597, 600, 615, 616, 619, 626, 627, 639, 645, 646, 655, 657, 658, 662, 666, 667, 668, 671, 683, 697, 699, 703, 714, 725, 728, 730, 731, 734, 736, 738, 741, 742, 743, 744, 747]","[""lepirudin"", ""bivalirudin"", ""erythropoietin"", ""insulin"", ""insulin.lispro"", ""insulin.glargine"", ""rasburicase"", ""eptifibatide"", ""muromonab-CD3"", ""urofollitropin"", ""interferon.alfa-2b"", ""oxytocin"", ""enfuvirtide"", ""tramadol"", ""reboxetine"", ""terconazole"", ""doxycycline"", ""conjugated.estrogens"", ""penciclovir"", ""ertapenem"", ""ipratropium.bromide"", ""aztreonam"", ""anidulafungin"", ""cidofovir"", ""zoledronic.acid"", ""mupirocin"", ""streptozocin"", ""entecavir"", ""verteporfin"", ""rimantadine"", ""nabilone"", ""caspofungin"", ""oxaliplatin"", ""cyclophosphamide"", ""vincristine"", ""tigecycline"", ""gadoteridol"", ""ivermectin"", ""butorphanol"", ""gonadorelin"", ""calcium.folinate"", ""sevelamer"", ""tobramycin"", ""porfimer.sodium"", ""lisinopril"", ""naftifine"", ""mannitol"", ""gadobenic.acid"", ""meropenem"", ""fosfomycin"", ""cefaclor"", ""temozolomide"", ""tacrolimus"", ""granisetron"", ""colesevelam"", ""carboplatin"", ""glycopyrronium.bromide"", ""methyl.aminolevulinate"", ""auranofin"", ""sulfamethoxazole.and.trimethoprim"", ""fluvastatin"", ""heparin"", ""levofloxacin"", ""cefprozil"", ""rescinnamine"", ""clindamycin"", ""docetaxel"", ""iodixanol"", ""telbivudine"", ""exenatide"", ""corticotropin"", ""insulin.aspart"", ""insulin.detemir"", ""iohexol"", ""colchicine"", ""tiotropium.bromide"", ""colestyramine"", ""fotemustine"", ""cyproterone"", ""nesiritide"", ""glatiramer.acetate"", ""samarium.(153Sm).lexidronam"", ""ecallantide"", ""romiplostim"", ""mipomersen"", ""regadenoson"", ""asenapine"", ""dalbavancin"", ""ziconotide"", ""teriparatide"", ""ceftaroline.fosamil"", ""ofatumumab"", ""liraglutide"", ""gadobutrol"", ""buserelin"", ""betaine"", ""dalteparin"", ""lanthanum.carbonate"", ""lodoxamide"", ""methylnaltrexone.bromide"", ""sodium.phenylbutyrate"", ""tesamorelin"", ""aclidinium.bromide"", ""teduglutide"", ""canagliflozin"", ""iopamidol"", ""umeclidinium.bromide"", ""benzoyl.peroxide"", ""mesna"", ""saccharated.iron.oxide"", ""iopromide"", ""technetium.(99mTc).exametazime"", ""sodium.aurothiomalate"", ""secretin"", ""desirudin"", ""temoporfin"", ""colestilan"", ""clobetasone""]"
3,2,38,"[24, 26, 39, 45, 47, 79, 112, 137, 156, 160, 174, 202, 249, 250, 265, 276, 289, 297, 318, 325, 334, 341, 346, 351, 392, 427, 429, 454, 482, 524, 529, 578, 606, 638, 642, 700, 705, 707]","[""fluvoxamine"", ""ramipril"", ""sildenafil"", ""pantoprazole"", ""citalopram"", ""venlafaxine"", ""omeprazole"", ""sorafenib"", ""gemcitabine"", ""lansoprazole"", ""celecoxib"", ""rofecoxib"", ""simvastatin"", ""pemetrexed"", ""galantamine"", ""daunorubicin"", ""paroxetine"", ""esomeprazole"", ""perindopril"", ""ribavirin"", ""donepezil"", ""vardenafil"", ""sirolimus"", ""bumetanide"", ""ezetimibe"", ""topotecan"", ""selegiline"", ""leflunomide"", ""escitalopram"", ""dasatinib"", ""decitabine"", ""nilotinib"", ""romidepsin"", ""pazopanib"", ""bosutinib"", ""ponatinib"", ""pomalidomide"", ""dabrafenib""]"
4,2,38,"[24, 26, 39, 45, 47, 79, 112, 137, 156, 160, 174, 202, 249, 250, 265, 276, 289, 297, 318, 325, 334, 341, 346, 351, 392, 427, 429, 454, 482, 524, 529, 578, 606, 638, 642, 700, 705, 707]","[""fluvoxamine"", ""ramipril"", ""sildenafil"", ""pantoprazole"", ""citalopram"", ""venlafaxine"", ""omeprazole"", ""sorafenib"", ""gemcitabine"", ""lansoprazole"", ""celecoxib"", ""rofecoxib"", ""simvastatin"", ""pemetrexed"", ""galantamine"", ""daunorubicin"", ""paroxetine"", ""esomeprazole"", ""perindopril"", ""ribavirin"", ""donepezil"", ""vardenafil"", ""sirolimus"", ""bumetanide"", ""ezetimibe"", ""topotecan"", ""selegiline"", ""leflunomide"", ""escitalopram"", ""dasatinib"", ""decitabine"", ""nilotinib"", ""romidepsin"", ""pazopanib"", ""bosutinib"", ""ponatinib"", ""pomalidomide"", ""dabrafenib""]"
3,3,32,"[133, 152, 154, 158, 193, 207, 246, 312, 448, 466, 483, 499, 505, 526, 528, 534, 574, 589, 620, 631, 641, 643, 649, 660, 680, 689, 691, 696, 715, 718, 719, 721]","[""digoxin"", ""allopurinol"", ""cerivastatin"", ""teniposide"", ""trandolapril"", ""benazepril"", ""clofarabine"", ""etoposide"", ""vigabatrin"", ""rabeprazole"", ""idarubicin"", ""mitoxantrone"", ""anastrozole"", ""lapatinib"", ""sitagliptin"", ""sunitinib"", ""ixabepilone"", ""belinostat"", ""rivaroxaban"", ""dapagliflozin"", ""apixaban"", ""axitinib"", ""dabigatran.etexilate"", ""cabazitaxel"", ""crizotinib"", ""teriflunomide"", ""linagliptin"", ""regorafenib"", ""aliskiren"", ""empagliflozin"", ""eliglustat"", ""cobicistat""]"
4,3,32,"[133, 152, 154, 158, 193, 207, 246, 312, 448, 466, 483, 499, 505, 526, 528, 534, 574, 589, 620, 631, 641, 643, 649, 660, 680, 689, 691, 696, 715, 718, 719, 721]","[""digoxin"", ""allopurinol"", ""cerivastatin"", ""teniposide"", ""trandolapril"", ""benazepril"", ""clofarabine"", ""etoposide"", ""vigabatrin"", ""rabeprazole"", ""idarubicin"", ""mitoxantrone"", ""anastrozole"", ""lapatinib"", ""sitagliptin"", ""sunitinib"", ""ixabepilone"", ""belinostat"", ""rivaroxaban"", ""dapagliflozin"", ""apixaban"", ""axitinib"", ""dabigatran.etexilate"", ""cabazitaxel"", ""crizotinib"", ""teriflunomide"", ""linagliptin"", ""regorafenib"", ""aliskiren"", ""empagliflozin"", ""eliglustat"", ""cobicistat""]"
3,4,24,"[63, 150, 226, 235, 268, 282, 352, 416, 470, 474, 543, 558, 565, 570, 591, 659, 670, 701, 704, 724, 729, 746, 753, 754]","[""dapsone"", ""famciclovir"", ""voriconazole"", ""linezolid"", ""amphotericin.B"", ""delavirdine"", ""chlormethine"", ""busulfan"", ""micafungin"", ""gemifloxacin"", ""fosamprenavir"", ""dihydrocodeine"", ""deferasirox"", ""thiotepa"", ""trabectedin"", ""bendamustine"", ""raltegravir"", ""bedaquiline"", ""glycerol.phenylbutyrate"", ""sodium.oxybate"", ""elvitegravir"", ""clobetasol"", ""tedizolid"", ""hydroxyprogesterone""]"
4,4,24,"[63, 150, 226, 235, 268, 282, 352, 416, 470, 474, 543, 558, 565, 570, 591, 659, 670, 701, 704, 724, 729, 746, 753, 754]","[""dapsone"", ""famciclovir"", ""voriconazole"", ""linezolid"", ""amphotericin.B"", ""delavirdine"", ""chlormethine"", ""busulfan"", ""micafungin"", ""gemifloxacin"", ""fosamprenavir"", ""dihydrocodeine"", ""deferasirox"", ""thiotepa"", ""trabectedin"", ""bendamustine"", ""raltegravir"", ""bedaquiline"", ""glycerol.phenylbutyrate"", ""sodium.oxybate"", ""elvitegravir"", ""clobetasol"", ""tedizolid"", ""hydroxyprogesterone""]"
3,5,23,"[36, 52, 84, 92, 155, 176, 224, 280, 290, 363, 366, 375, 394, 417, 476, 568, 601, 613, 636, 685, 686, 710, 713]","[""fluconazole"", ""indinavir"", ""chlorambucil"", ""flucloxacillin"", ""trimethoprim"", ""dicloxacillin"", ""valaciclovir"", ""amprenavir"", ""adefovir.dipivoxil"", ""tinidazole"", ""metronidazole"", ""tipranavir"", ""telithromycin"", ""metyrapone"", ""trimetrexate"", ""fusidic.acid"", ""apremilast"", ""doripenem"", ""etravirine"", ""boceprevir"", ""fidaxomicin"", ""dolutegravir"", ""sofosbuvir""]"
4,5,22,"[36, 52, 84, 92, 155, 176, 224, 290, 363, 366, 375, 394, 417, 476, 568, 601, 613, 636, 685, 686, 710, 713]","[""fluconazole"", ""indinavir"", ""chlorambucil"", ""flucloxacillin"", ""trimethoprim"", ""dicloxacillin"", ""valaciclovir"", ""adefovir.dipivoxil"", ""tinidazole"", ""metronidazole"", ""tipranavir"", ""telithromycin"", ""metyrapone"", ""trimetrexate"", ""fusidic.acid"", ""apremilast"", ""doripenem"", ""etravirine"", ""boceprevir"", ""fidaxomicin"", ""dolutegravir"", ""sofosbuvir""]"
3,6,21,"[46, 53, 98, 106, 163, 169, 170, 200, 241, 277, 309, 327, 407, 438, 446, 455, 458, 471, 475, 519, 595]","[""torasemide"", ""lovastatin"", ""valproic.acid"", ""indometacin"", ""imipramine"", ""fluoxetine"", ""duloxetine"", ""erlotinib"", ""imatinib"", ""furosemide"", ""irinotecan"", ""meloxicam"", ""doxorubicin"", ""ibuprofen"", ""atorvastatin"", ""rosuvastatin"", ""sertraline"", ""doxepin"", ""bupropion"", ""clomipramine"", ""vandetanib""]"
4,6,21,"[46, 53, 98, 106, 163, 169, 170, 200, 241, 277, 309, 327, 407, 438, 446, 455, 458, 471, 475, 519, 595]","[""torasemide"", ""lovastatin"", ""valproic.acid"", ""indometacin"", ""imipramine"", ""fluoxetine"", ""duloxetine"", ""erlotinib"", ""imatinib"", ""furosemide"", ""irinotecan"", ""meloxicam"", ""doxorubicin"", ""ibuprofen"", ""atorvastatin"", ""rosuvastatin"", ""sertraline"", ""doxepin"", ""bupropion"", ""clomipramine"", ""vandetanib""]"
3,7,17,"[21, 37, 41, 58, 159, 192, 240, 395, 400, 439, 462, 478, 495, 500, 501, 525, 628]","[""glutamine"", ""oseltamivir"", ""azithromycin"", ""cladribine"", ""epirubicin"", ""albendazole"", ""rifabutin"", ""lomefloxacin"", ""cytarabine"", ""norfloxacin"", ""atovaquone"", ""ofloxacin"", ""estramustine"", ""sparfloxacin"", ""clarithromycin"", ""lisdexamfetamine"", ""temsirolimus""]"
3,8,17,"[38, 123, 126, 161, 168, 231, 239, 333, 365, 388, 391, 456, 492, 511, 533, 610, 654]","[""caffeine"", ""clozapine"", ""mirtazapine"", ""loratadine"", ""montelukast"", ""doxazosin"", ""bisoprolol"", ""mifepristone"", ""amantadine"", ""telmisartan"", ""azelastine"", ""pimozide"", ""acebutolol"", ""quetiapine"", ""paliperidone"", ""silodosin"", ""fesoterodine""]"
3,9,17,"[70, 115, 124, 191, 278, 285, 292, 320, 343, 358, 381, 382, 383, 410, 451, 488, 593]","[""ropinirole"", ""alfuzosin"", ""levonorgestrel"", ""dextromethorphan"", ""tizanidine"", ""sufentanil"", ""imiquimod"", ""tazarotene"", ""terbutaline"", ""bimatoprost"", ""naratriptan"", ""rizatriptan"", ""hydrocodone"", ""salbutamol"", ""pilocarpine"", ""pergolide"", ""rotigotine""]"
4,7,17,"[21, 37, 41, 58, 159, 192, 240, 395, 400, 439, 462, 478, 495, 500, 501, 525, 628]","[""glutamine"", ""oseltamivir"", ""azithromycin"", ""cladribine"", ""epirubicin"", ""albendazole"", ""rifabutin"", ""lomefloxacin"", ""cytarabine"", ""norfloxacin"", ""atovaquone"", ""ofloxacin"", ""estramustine"", ""sparfloxacin"", ""clarithromycin"", ""lisdexamfetamine"", ""temsirolimus""]"
4,8,17,"[38, 123, 126, 161, 168, 231, 239, 333, 365, 388, 391, 456, 492, 511, 533, 610, 654]","[""caffeine"", ""clozapine"", ""mirtazapine"", ""loratadine"", ""montelukast"", ""doxazosin"", ""bisoprolol"", ""mifepristone"", ""amantadine"", ""telmisartan"", ""azelastine"", ""pimozide"", ""acebutolol"", ""quetiapine"", ""paliperidone"", ""silodosin"", ""fesoterodine""]"
4,9,17,"[70, 115, 124, 191, 278, 285, 292, 320, 343, 358, 381, 382, 383, 410, 451, 488, 593]","[""ropinirole"", ""alfuzosin"", ""levonorgestrel"", ""dextromethorphan"", ""tizanidine"", ""sufentanil"", ""imiquimod"", ""tazarotene"", ""terbutaline"", ""bimatoprost"", ""naratriptan"", ""rizatriptan"", ""hydrocodone"", ""salbutamol"", ""pilocarpine"", ""pergolide"", ""rotigotine""]"
3,10,16,"[49, 89, 198, 271, 293, 304, 336, 411, 486, 506, 508, 538, 604, 727, 752, 755]","[""moxifloxacin"", ""bupivacaine"", ""lercanidipine"", ""trovafloxacin"", ""glyceryl.trinitrate"", ""deferoxamine"", ""dacarbazine"", ""levobupivacaine"", ""ifosfamide"", ""halofantrine"", ""rifaximin"", ""nelarabine"", ""mianserin"", ""pinaverium"", ""mometasone"", ""eslicarbazepine""]"
4,10,16,"[49, 89, 198, 271, 293, 304, 336, 411, 486, 506, 508, 538, 604, 727, 752, 755]","[""moxifloxacin"", ""bupivacaine"", ""lercanidipine"", ""trovafloxacin"", ""glyceryl.trinitrate"", ""deferoxamine"", ""dacarbazine"", ""levobupivacaine"", ""ifosfamide"", ""halofantrine"", ""rifaximin"", ""nelarabine"", ""mianserin"", ""pinaverium"", ""mometasone"", ""eslicarbazepine""]"
6,2,16,"[150, 235, 268, 352, 470, 474, 543, 558, 659, 670, 701, 724, 729, 746, 753, 754]","[""famciclovir"", ""linezolid"", ""amphotericin.B"", ""chlormethine"", ""micafungin"", ""gemifloxacin"", ""fosamprenavir"", ""dihydrocodeine"", ""bendamustine"", ""raltegravir"", ""bedaquiline"", ""sodium.oxybate"", ""elvitegravir"", ""clobetasol"", ""tedizolid"", ""hydroxyprogesterone""]"
3,11,15,"[6, 95, 175, 247, 362, 367, 396, 408, 527, 579, 634, 647, 675, 723, 726]","[""desmopressin"", ""bexarotene"", ""brimonidine"", ""dexmedetomidine"", ""paricalcitol"", ""almotriptan"", ""ramelteon"", ""frovatriptan"", ""desonide"", ""lorcaserin"", ""doxercalciferol"", ""pasireotide"", ""tafluprost"", ""tasimelteon"", ""olodaterol""]"
3,12,15,"[67, 104, 121, 167, 350, 359, 402, 414, 424, 457, 479, 622, 635, 688, 706]","[""anagrelide"", ""tolcapone"", ""vinorelbine"", ""ketorolac"", ""risedronic.acid"", ""tiagabine"", ""exemestane"", ""hydroxycarbamide"", ""mycophenolic.acid"", ""capecitabine"", ""cilostazol"", ""avanafil"", ""armodafinil"", ""ruxolitinib"", ""trametinib""]"
4,11,15,"[6, 95, 175, 247, 362, 367, 396, 408, 527, 579, 634, 647, 675, 723, 726]","[""desmopressin"", ""bexarotene"", ""brimonidine"", ""dexmedetomidine"", ""paricalcitol"", ""almotriptan"", ""ramelteon"", ""frovatriptan"", ""desonide"", ""lorcaserin"", ""doxercalciferol"", ""pasireotide"", ""tafluprost"", ""tasimelteon"", ""olodaterol""]"
6,3,15,"[152, 158, 193, 207, 246, 448, 483, 526, 528, 574, 689, 691, 715, 719, 721]","[""allopurinol"", ""teniposide"", ""trandolapril"", ""benazepril"", ""clofarabine"", ""vigabatrin"", ""idarubicin"", ""lapatinib"", ""sitagliptin"", ""ixabepilone"", ""teriflunomide"", ""linagliptin"", ""aliskiren"", ""eliglustat"", ""cobicistat""]"
3,13,14,"[59, 65, 114, 214, 259, 294, 314, 360, 364, 442, 461, 463, 494, 576]","[""ranolazine"", ""phenytoin"", ""diltiazem"", ""lamotrigine"", ""verapamil"", ""nateglinide"", ""oxcarbazepine"", ""quinidine"", ""repaglinide"", ""glipizide"", ""nifedipine"", ""amiodarone"", ""flecainide"", ""dronedarone""]"
3,14,14,"[87, 144, 223, 237, 255, 288, 300, 305, 326, 377, 430, 467, 514, 702]","[""morphine"", ""rosiglitazone"", ""clonidine"", ""medroxyprogesterone"", ""estrone"", ""apomorphine"", ""hydrocortisone"", ""tretinoin"", ""fentanyl"", ""salmeterol"", ""fenofibrate"", ""pioglitazone"", ""dexamethasone"", ""fluticasone.furoate""]"
3,15,14,"[111, 225, 303, 329, 431, 450, 493, 504, 567, 573, 581, 598, 652, 687]","[""pimecrolimus"", ""valdecoxib"", ""modafinil"", ""tadalafil"", ""thalidomide"", ""orlistat"", ""brinzolamide"", ""finasteride"", ""roflumilast"", ""tetrabenazine"", ""milnacipran"", ""dexlansoprazole"", ""desvenlafaxine"", ""cabozantinib""]"
4,12,14,"[59, 65, 114, 214, 259, 294, 314, 360, 364, 442, 461, 463, 494, 576]","[""ranolazine"", ""phenytoin"", ""diltiazem"", ""lamotrigine"", ""verapamil"", ""nateglinide"", ""oxcarbazepine"", ""quinidine"", ""repaglinide"", ""glipizide"", ""nifedipine"", ""amiodarone"", ""flecainide"", ""dronedarone""]"
4,13,14,"[87, 144, 223, 237, 255, 288, 300, 305, 326, 377, 430, 467, 514, 702]","[""morphine"", ""rosiglitazone"", ""clonidine"", ""medroxyprogesterone"", ""estrone"", ""apomorphine"", ""hydrocortisone"", ""tretinoin"", ""fentanyl"", ""salmeterol"", ""fenofibrate"", ""pioglitazone"", ""dexamethasone"", ""fluticasone.furoate""]"
4,14,14,"[111, 225, 303, 329, 431, 450, 493, 504, 567, 573, 581, 598, 652, 687]","[""pimecrolimus"", ""valdecoxib"", ""modafinil"", ""tadalafil"", ""thalidomide"", ""orlistat"", ""brinzolamide"", ""finasteride"", ""roflumilast"", ""tetrabenazine"", ""milnacipran"", ""dexlansoprazole"", ""desvenlafaxine"", ""cabozantinib""]"
3,16,13,"[25, 127, 186, 211, 216, 229, 307, 344, 371, 465, 716, 717, 751]","[""valsartan"", ""timolol"", ""cimetidine"", ""zafirlukast"", ""bosentan"", ""nizatidine"", ""clopidogrel"", ""conivaptan"", ""famotidine"", ""bicalutamide"", ""vorapaxar"", ""suvorexant"", ""candesartan""]"
3,17,13,"[29, 48, 62, 99, 103, 118, 136, 262, 496, 550, 560, 624, 682]","[""nicotine"", ""eletriptan"", ""cabergoline"", ""zolmitriptan"", ""dihydroergotamine"", ""megestrol"", ""progesterone"", ""sumatriptan"", ""bromocriptine"", ""bezafibrate"", ""ursodeoxycholic.acid"", ""droxidopa"", ""fingolimod""]"
3,18,13,"[32, 129, 260, 264, 279, 281, 306, 378, 379, 390, 571, 625, 692]","[""esmolol"", ""palonosetron"", ""nilutamide"", ""aprepitant"", ""eplerenone"", ""naltrexone"", ""dolasetron"", ""fulvestrant"", ""felbamate"", ""alosetron"", ""maraviroc"", ""sitaxentan"", ""perampanel""]"
3,19,13,"[148, 210, 215, 220, 412, 425, 484, 489, 523, 564, 732, 733, 737]","[""hyoscyamine"", ""azelaic.acid"", ""zanamivir"", ""cisatracurium"", ""cromoglicic.acid"", ""amlexanox"", ""podophyllotoxin"", ""ciclopirox"", ""olsalazine"", ""tiaprofenic.acid"", ""florbetapir.(18F)"", ""flutemetamol.(18F)"", ""nicorandil""]"
4,15,13,"[25, 127, 186, 211, 216, 229, 307, 344, 371, 465, 716, 717, 751]","[""valsartan"", ""timolol"", ""cimetidine"", ""zafirlukast"", ""bosentan"", ""nizatidine"", ""clopidogrel"", ""conivaptan"", ""famotidine"", ""bicalutamide"", ""vorapaxar"", ""suvorexant"", ""candesartan""]"
4,16,13,"[29, 48, 62, 99, 103, 118, 136, 262, 496, 550, 560, 624, 682]","[""nicotine"", ""eletriptan"", ""cabergoline"", ""zolmitriptan"", ""dihydroergotamine"", ""megestrol"", ""progesterone"", ""sumatriptan"", ""bromocriptine"", ""bezafibrate"", ""ursodeoxycholic.acid"", ""droxidopa"", ""fingolimod""]"
4,17,13,"[32, 129, 260, 264, 279, 281, 306, 378, 379, 390, 571, 625, 692]","[""esmolol"", ""palonosetron"", ""nilutamide"", ""aprepitant"", ""eplerenone"", ""naltrexone"", ""dolasetron"", ""fulvestrant"", ""felbamate"", ""alosetron"", ""maraviroc"", ""sitaxentan"", ""perampanel""]"
4,18,13,"[148, 210, 215, 220, 412, 425, 484, 489, 523, 564, 732, 733, 737]","[""hyoscyamine"", ""azelaic.acid"", ""zanamivir"", ""cisatracurium"", ""cromoglicic.acid"", ""amlexanox"", ""podophyllotoxin"", ""ciclopirox"", ""olsalazine"", ""tiaprofenic.acid"", ""florbetapir.(18F)"", ""flutemetamol.(18F)"", ""nicorandil""]"
3,20,12,"[16, 50, 57, 244, 316, 347, 440, 444, 502, 513, 531, 630]","[""octreotide"", ""nelfinavir"", ""nevirapine"", ""efavirenz"", ""aciclovir"", ""emtricitabine"", ""amoxicillin"", ""atazanavir"", ""ceftriaxone"", ""saquinavir"", ""darunavir"", ""simeprevir""]"
4,19,12,"[16, 50, 57, 244, 316, 347, 440, 444, 502, 513, 531, 630]","[""octreotide"", ""nelfinavir"", ""nevirapine"", ""efavirenz"", ""aciclovir"", ""emtricitabine"", ""amoxicillin"", ""atazanavir"", ""ceftriaxone"", ""saquinavir"", ""darunavir"", ""simeprevir""]"
4,20,12,"[67, 104, 121, 350, 359, 402, 414, 479, 622, 635, 688, 706]","[""anagrelide"", ""tolcapone"", ""vinorelbine"", ""risedronic.acid"", ""tiagabine"", ""exemestane"", ""hydroxycarbamide"", ""cilostazol"", ""avanafil"", ""armodafinil"", ""ruxolitinib"", ""trametinib""]"
3,21,11,"[40, 51, 71, 77, 132, 139, 219, 232, 299, 361, 520]","[""dofetilide"", ""glimepiride"", ""isradipine"", ""lidocaine"", ""amlodipine"", ""nisoldipine"", ""carbamazepine"", ""amiloride"", ""riluzole"", ""zonisamide"", ""bepridil""]"
3,22,11,"[68, 116, 131, 146, 196, 212, 313, 401, 575, 580, 623]","[""carmustine"", ""nitisinone"", ""dexrazoxane"", ""miglustat"", ""metolazone"", ""pentostatin"", ""tirofiban"", ""rivastigmine"", ""febuxostat"", ""vildagliptin"", ""eflornithine""]"
4,21,11,"[40, 51, 71, 77, 132, 139, 219, 232, 299, 361, 520]","[""dofetilide"", ""glimepiride"", ""isradipine"", ""lidocaine"", ""amlodipine"", ""nisoldipine"", ""carbamazepine"", ""amiloride"", ""riluzole"", ""zonisamide"", ""bepridil""]"
4,22,11,"[68, 116, 131, 146, 196, 212, 313, 401, 575, 580, 623]","[""carmustine"", ""nitisinone"", ""dexrazoxane"", ""miglustat"", ""metolazone"", ""pentostatin"", ""tirofiban"", ""rivastigmine"", ""febuxostat"", ""vildagliptin"", ""eflornithine""]"
6,4,11,"[26, 47, 79, 265, 297, 318, 325, 341, 427, 454, 705]","[""ramipril"", ""citalopram"", ""venlafaxine"", ""galantamine"", ""esomeprazole"", ""perindopril"", ""ribavirin"", ""vardenafil"", ""topotecan"", ""leflunomide"", ""pomalidomide""]"
6,5,11,"[36, 84, 92, 176, 290, 363, 394, 476, 613, 685, 686]","[""fluconazole"", ""chlorambucil"", ""flucloxacillin"", ""dicloxacillin"", ""adefovir.dipivoxil"", ""tinidazole"", ""telithromycin"", ""trimetrexate"", ""doripenem"", ""boceprevir"", ""fidaxomicin""]"
6,6,11,"[68, 116, 131, 146, 196, 212, 313, 401, 575, 580, 623]","[""carmustine"", ""nitisinone"", ""dexrazoxane"", ""miglustat"", ""metolazone"", ""pentostatin"", ""tirofiban"", ""rivastigmine"", ""febuxostat"", ""vildagliptin"", ""eflornithine""]"
6,7,11,"[148, 215, 220, 412, 425, 489, 523, 564, 732, 733, 737]","[""hyoscyamine"", ""zanamivir"", ""cisatracurium"", ""cromoglicic.acid"", ""amlexanox"", ""ciclopirox"", ""olsalazine"", ""tiaprofenic.acid"", ""florbetapir.(18F)"", ""flutemetamol.(18F)"", ""nicorandil""]"
3,23,10,"[31, 55, 140, 269, 354, 386, 418, 503, 557, 561]","[""lorazepam"", ""temazepam"", ""eszopiclone"", ""midazolam"", ""triazolam"", ""zaleplon"", ""cinacalcet"", ""estazolam"", ""flunitrazepam"", ""quazepam""]"
3,24,10,"[101, 208, 213, 230, 317, 348, 415, 603, 678, 690]","[""gefitinib"", ""fluorouracil"", ""piroxicam"", ""diclofenac"", ""naproxen"", ""quinapril"", ""letrozole"", ""abiraterone"", ""vismodegib"", ""vemurafenib""]"
3,25,10,"[102, 153, 199, 263, 340, 413, 432, 555, 566, 677]","[""piperacillin"", ""ceftazidime"", ""foscarnet"", ""cefixime"", ""penicillamine"", ""ganciclovir"", ""melphalan"", ""cefepime"", ""valganciclovir"", ""iodine.ioflupane.(123I)""]"
4,23,10,"[31, 55, 140, 269, 354, 386, 418, 503, 557, 561]","[""lorazepam"", ""temazepam"", ""eszopiclone"", ""midazolam"", ""triazolam"", ""zaleplon"", ""cinacalcet"", ""estazolam"", ""flunitrazepam"", ""quazepam""]"
4,24,10,"[101, 208, 213, 230, 317, 348, 415, 603, 678, 690]","[""gefitinib"", ""fluorouracil"", ""piroxicam"", ""diclofenac"", ""naproxen"", ""quinapril"", ""letrozole"", ""abiraterone"", ""vismodegib"", ""vemurafenib""]"
4,25,10,"[102, 153, 199, 263, 340, 413, 432, 555, 566, 677]","[""piperacillin"", ""ceftazidime"", ""foscarnet"", ""cefixime"", ""penicillamine"", ""ganciclovir"", ""melphalan"", ""cefepime"", ""valganciclovir"", ""iodine.ioflupane.(123I)""]"
6,8,10,"[37, 41, 159, 192, 395, 462, 495, 500, 525, 628]","[""oseltamivir"", ""azithromycin"", ""epirubicin"", ""albendazole"", ""lomefloxacin"", ""atovaquone"", ""estramustine"", ""sparfloxacin"", ""lisdexamfetamine"", ""temsirolimus""]"
6,9,10,"[67, 104, 121, 350, 359, 402, 414, 622, 688, 706]","[""anagrelide"", ""tolcapone"", ""vinorelbine"", ""risedronic.acid"", ""tiagabine"", ""exemestane"", ""hydroxycarbamide"", ""avanafil"", ""ruxolitinib"", ""trametinib""]"
3,26,9,"[35, 42, 183, 185, 323, 357, 428, 586, 673]","[""betaxolol"", ""trospium"", ""darifenacin"", ""flutamide"", ""pentoxifylline"", ""ondansetron"", ""tolterodine"", ""iloperidone"", ""lurasidone""]"
4,26,9,"[35, 42, 183, 185, 323, 357, 428, 586, 673]","[""betaxolol"", ""trospium"", ""darifenacin"", ""flutamide"", ""pentoxifylline"", ""ondansetron"", ""tolterodine"", ""iloperidone"", ""lurasidone""]"
6,10,9,"[127, 216, 229, 344, 371, 465, 716, 717, 751]","[""timolol"", ""bosentan"", ""nizatidine"", ""conivaptan"", ""famotidine"", ""bicalutamide"", ""vorapaxar"", ""suvorexant"", ""candesartan""]"
6,11,9,"[247, 396, 408, 527, 634, 647, 675, 723, 726]","[""dexmedetomidine"", ""ramelteon"", ""frovatriptan"", ""desonide"", ""doxercalciferol"", ""pasireotide"", ""tafluprost"", ""tasimelteon"", ""olodaterol""]"
6,12,9,"[285, 292, 343, 358, 381, 382, 383, 410, 451]","[""sufentanil"", ""imiquimod"", ""terbutaline"", ""bimatoprost"", ""naratriptan"", ""rizatriptan"", ""hydrocodone"", ""salbutamol"", ""pilocarpine""]"
3,27,8,"[61, 69, 109, 110, 222, 295, 310, 468]","[""ziprasidone"", ""metoprolol"", ""olanzapine"", ""atenolol"", ""propranolol"", ""risperidone"", ""olopatadine"", ""carvedilol""]"
3,28,8,"[78, 85, 147, 209, 245, 287, 653, 684]","[""pamidronic.acid"", ""raltitrexed"", ""methylphenidate"", ""pyridostigmine"", ""alendronic.acid"", ""ibandronic.acid"", ""dexmethylphenidate"", ""eribulin""]"
4,27,8,"[61, 69, 109, 110, 222, 295, 310, 468]","[""ziprasidone"", ""metoprolol"", ""olanzapine"", ""atenolol"", ""propranolol"", ""risperidone"", ""olopatadine"", ""carvedilol""]"
4,28,8,"[78, 85, 147, 209, 245, 287, 653, 684]","[""pamidronic.acid"", ""raltitrexed"", ""methylphenidate"", ""pyridostigmine"", ""alendronic.acid"", ""ibandronic.acid"", ""dexmethylphenidate"", ""eribulin""]"
6,13,8,"[49, 198, 271, 293, 304, 411, 506, 727]","[""moxifloxacin"", ""lercanidipine"", ""trovafloxacin"", ""glyceryl.trinitrate"", ""deferoxamine"", ""levobupivacaine"", ""halofantrine"", ""pinaverium""]"
6,14,8,"[111, 329, 450, 493, 567, 573, 598, 652]","[""pimecrolimus"", ""tadalafil"", ""orlistat"", ""brinzolamide"", ""roflumilast"", ""tetrabenazine"", ""dexlansoprazole"", ""desvenlafaxine""]"
3,29,7,"[3, 43, 355, 373, 387, 517, 540]","[""goserelin"", ""adapalene"", ""remifentanil"", ""misoprostol"", ""apraclonidine"", ""epoprostenol"", ""pirbuterol""]"
3,30,7,"[107, 227, 338, 421, 445, 449, 605]","[""metformin"", ""levocarnitine"", ""aminolevulinic.acid"", ""minocycline"", ""fludarabine"", ""streptomycin"", ""acetylcysteine""]"
4,29,7,"[3, 43, 355, 373, 387, 517, 540]","[""goserelin"", ""adapalene"", ""remifentanil"", ""misoprostol"", ""apraclonidine"", ""epoprostenol"", ""pirbuterol""]"
4,30,7,"[107, 227, 338, 421, 445, 449, 605]","[""metformin"", ""levocarnitine"", ""aminolevulinic.acid"", ""minocycline"", ""fludarabine"", ""streptomycin"", ""acetylcysteine""]"
6,15,7,"[32, 260, 378, 379, 390, 571, 692]","[""esmolol"", ""nilutamide"", ""fulvestrant"", ""felbamate"", ""alosetron"", ""maraviroc"", ""perampanel""]"
6,16,7,"[85, 147, 209, 245, 287, 653, 684]","[""raltitrexed"", ""methylphenidate"", ""pyridostigmine"", ""alendronic.acid"", ""ibandronic.acid"", ""dexmethylphenidate"", ""eribulin""]"
3,31,6,"[2, 28, 81, 328, 656, 672]","[""leuprorelin"", ""baclofen"", ""travoprost"", ""orciprenaline"", ""naphazoline"", ""triptorelin""]"
3,32,6,"[18, 274, 629, 651, 663, 745]","[""abarelix"", ""phentolamine"", ""amisulpride"", ""degarelix"", ""ganirelix"", ""tropisetron""]"
3,33,6,"[22, 105, 184, 436, 518, 552]","[""calcitriol"", ""hydromorphone"", ""oxycodone"", ""fluocinonide"", ""gemfibrozil"", ""danazol""]"
3,34,6,"[182, 203, 404, 460, 599, 679]","[""zidovudine"", ""ciprofloxacin"", ""azathioprine"", ""miconazole"", ""telaprevir"", ""rilpivirine""]"
3,35,6,"[370, 426, 441, 546, 563, 577]","[""cyclobenzaprine"", ""irbesartan"", ""oxybutynin"", ""penbutolol"", ""solifenacin"", ""nebivolol""]"
4,31,6,"[2, 28, 81, 328, 656, 672]","[""leuprorelin"", ""baclofen"", ""travoprost"", ""orciprenaline"", ""naphazoline"", ""triptorelin""]"
4,32,6,"[18, 274, 629, 651, 663, 745]","[""abarelix"", ""phentolamine"", ""amisulpride"", ""degarelix"", ""ganirelix"", ""tropisetron""]"
4,33,6,"[22, 105, 184, 436, 518, 552]","[""calcitriol"", ""hydromorphone"", ""oxycodone"", ""fluocinonide"", ""gemfibrozil"", ""danazol""]"
4,34,6,"[182, 203, 404, 460, 599, 679]","[""zidovudine"", ""ciprofloxacin"", ""azathioprine"", ""miconazole"", ""telaprevir"", ""rilpivirine""]"
4,35,6,"[370, 426, 441, 546, 563, 577]","[""cyclobenzaprine"", ""irbesartan"", ""oxybutynin"", ""penbutolol"", ""solifenacin"", ""nebivolol""]"
6,17,6,"[2, 28, 81, 328, 656, 672]","[""leuprorelin"", ""baclofen"", ""travoprost"", ""orciprenaline"", ""naphazoline"", ""triptorelin""]"
6,18,6,"[18, 274, 629, 651, 663, 745]","[""abarelix"", ""phentolamine"", ""amisulpride"", ""degarelix"", ""ganirelix"", ""tropisetron""]"
6,19,6,"[31, 140, 269, 354, 503, 561]","[""lorazepam"", ""eszopiclone"", ""midazolam"", ""triazolam"", ""estazolam"", ""quazepam""]"
6,20,6,"[89, 336, 508, 538, 752, 755]","[""bupivacaine"", ""dacarbazine"", ""rifaximin"", ""nelarabine"", ""mometasone"", ""eslicarbazepine""]"
6,21,6,"[102, 153, 199, 340, 432, 677]","[""piperacillin"", ""ceftazidime"", ""foscarnet"", ""penicillamine"", ""melphalan"", ""iodine.ioflupane.(123I)""]"
3,36,5,"[23, 74, 172, 319, 393]","[""pravastatin"", ""amsacrine"", ""lenalidomide"", ""sulfasalazine"", ""dipyridamole""]"
3,37,5,"[27, 86, 242, 397, 554]","[""flunisolide"", ""etonogestrel"", ""triamcinolone"", ""isotretinoin"", ""ciclesonide""]"
3,38,5,"[44, 248, 422, 590, 612]","[""midodrine"", ""adenosine"", ""guanfacine"", ""indacaterol"", ""eltrombopag""]"
3,39,5,"[93, 180, 545, 693, 709]","[""tranexamic.acid"", ""fosinopril"", ""cilazapril"", ""carfilzomib"", ""afatinib""]"
3,40,5,"[243, 315, 398, 509, 515]","[""testosterone"", ""estradiol"", ""formoterol"", ""budesonide"", ""levodopa""]"
4,36,5,"[23, 74, 172, 319, 393]","[""pravastatin"", ""amsacrine"", ""lenalidomide"", ""sulfasalazine"", ""dipyridamole""]"
4,37,5,"[27, 86, 242, 397, 554]","[""flunisolide"", ""etonogestrel"", ""triamcinolone"", ""isotretinoin"", ""ciclesonide""]"
4,38,5,"[44, 248, 422, 590, 612]","[""midodrine"", ""adenosine"", ""guanfacine"", ""indacaterol"", ""eltrombopag""]"
4,39,5,"[93, 180, 545, 693, 709]","[""tranexamic.acid"", ""fosinopril"", ""cilazapril"", ""carfilzomib"", ""afatinib""]"
4,40,5,"[243, 315, 398, 509, 515]","[""testosterone"", ""estradiol"", ""formoterol"", ""budesonide"", ""levodopa""]"
6,22,5,"[3, 355, 387, 517, 540]","[""goserelin"", ""remifentanil"", ""apraclonidine"", ""epoprostenol"", ""pirbuterol""]"
6,23,5,"[129, 264, 279, 306, 625]","[""palonosetron"", ""aprepitant"", ""eplerenone"", ""dolasetron"", ""sitaxentan""]"
6,24,5,"[239, 365, 388, 492, 610]","[""bisoprolol"", ""amantadine"", ""telmisartan"", ""acebutolol"", ""silodosin""]"
3,41,4,"[14, 205, 349, 406]","[""ciclosporin"", ""toremifene"", ""clomifene"", ""gabapentin""]"
3,42,4,"[76, 324, 695, 720]","[""argatroban"", ""indapamide"", ""tofacitinib"", ""ibrutinib""]"
3,43,4,"[88, 584, 617, 618]","[""ropivacaine"", ""clevidipine"", ""vernakalant"", ""lacosamide""]"
3,44,4,"[135, 321, 637, 694]","[""beclometasone"", ""alfentanil"", ""prucalopride"", ""mirabegron""]"
4,41,4,"[14, 205, 349, 406]","[""ciclosporin"", ""toremifene"", ""clomifene"", ""gabapentin""]"
4,42,4,"[76, 324, 695, 720]","[""argatroban"", ""indapamide"", ""tofacitinib"", ""ibrutinib""]"
4,43,4,"[135, 321, 637, 694]","[""beclometasone"", ""alfentanil"", ""prucalopride"", ""mirabegron""]"
6,25,4,"[35, 42, 323, 673]","[""betaxolol"", ""trospium"", ""pentoxifylline"", ""lurasidone""]"
6,26,4,"[115, 278, 320, 593]","[""alfuzosin"", ""tizanidine"", ""tazarotene"", ""rotigotine""]"
6,27,4,"[202, 529, 578, 606]","[""rofecoxib"", ""decitabine"", ""nilotinib"", ""romidepsin""]"
6,28,4,"[282, 416, 565, 591]","[""delavirdine"", ""busulfan"", ""deferasirox"", ""trabectedin""]"
6,29,4,"[568, 601, 636, 713]","[""fusidic.acid"", ""apremilast"", ""etravirine"", ""sofosbuvir""]"
3,45,3,"[75, 256, 472]","[""theophylline"", ""trazodone"", ""nefazodone""]"
3,46,3,"[82, 166, 376]","[""atomoxetine"", ""nabumetone"", ""maprotiline""]"
3,47,3,"[113, 345, 389]","[""cetirizine"", ""eprosartan"", ""desloratadine""]"
3,48,3,"[145, 311, 452]","[""pramipexole"", ""alprostadil"", ""iloprost""]"
3,49,3,"[234, 267, 698]","[""labetalol"", ""losartan"", ""enzalutamide""]"
3,50,3,"[283, 611, 712]","[""tamsulosin"", ""prasugrel"", ""macitentan""]"
3,51,3,"[335, 339, 536]","[""mercaptamine"", ""terbinafine"", ""hydralazine""]"
4,44,3,"[75, 256, 472]","[""theophylline"", ""trazodone"", ""nefazodone""]"
4,45,3,"[113, 345, 389]","[""cetirizine"", ""eprosartan"", ""desloratadine""]"
4,46,3,"[145, 311, 452]","[""pramipexole"", ""alprostadil"", ""iloprost""]"
4,47,3,"[167, 424, 457]","[""ketorolac"", ""mycophenolic.acid"", ""capecitabine""]"
4,48,3,"[283, 611, 712]","[""tamsulosin"", ""prasugrel"", ""macitentan""]"
4,49,3,"[335, 339, 536]","[""mercaptamine"", ""terbinafine"", ""hydralazine""]"
6,30,3,"[6, 95, 175]","[""desmopressin"", ""bexarotene"", ""brimonidine""]"
6,31,3,"[16, 347, 531]","[""octreotide"", ""emtricitabine"", ""darunavir""]"
6,32,3,"[27, 86, 397]","[""flunisolide"", ""etonogestrel"", ""isotretinoin""]"
6,33,3,"[40, 51, 299]","[""dofetilide"", ""glimepiride"", ""riluzole""]"
6,34,3,"[46, 327, 475]","[""torasemide"", ""meloxicam"", ""bupropion""]"
6,35,3,"[113, 345, 389]","[""cetirizine"", ""eprosartan"", ""desloratadine""]"
6,36,3,"[156, 351, 707]","[""gemcitabine"", ""bumetanide"", ""dabrafenib""]"
6,37,3,"[213, 415, 678]","[""piroxicam"", ""letrozole"", ""vismodegib""]"
6,38,3,"[225, 504, 687]","[""valdecoxib"", ""finasteride"", ""cabozantinib""]"
6,39,3,"[263, 555, 566]","[""cefixime"", ""cefepime"", ""valganciclovir""]"
3,52,2,"[60, 609]","[""mesalazine"", ""tapentadol""]"
3,53,2,"[91, 530]","[""tenofovir.disoproxil"", ""posaconazole""]"
3,54,2,"[142, 322]","[""loxapine"", ""dicycloverine""]"
3,55,2,"[149, 559]","[""zolpidem"", ""bromazepam""]"
3,56,2,"[173, 266]","[""raloxifene"", ""tamoxifen""]"
3,57,2,"[181, 372]","[""entacapone"", ""azacitidine""]"
3,58,2,"[189, 190]","[""nitazoxanide"", ""vancomycin""]"
3,59,2,"[331, 711]","[""diazepam"", ""riociguat""]"
3,60,2,"[434, 583]","[""gatifloxacin"", ""oritavancin""]"
3,61,2,"[435, 587]","[""lubiprostone"", ""retigabine""]"
3,62,2,"[464, 607]","[""gliclazide"", ""rufinamide""]"
3,63,2,"[585, 632]","[""ospemifene"", ""bazedoxifene""]"
3,64,2,"[602, 748]","[""ustekinumab"", ""atracurium""]"
3,65,2,"[640, 650]","[""agomelatine"", ""betahistine""]"
4,50,2,"[60, 609]","[""mesalazine"", ""tapentadol""]"
4,51,2,"[88, 618]","[""ropivacaine"", ""lacosamide""]"
4,52,2,"[91, 530]","[""tenofovir.disoproxil"", ""posaconazole""]"
4,53,2,"[166, 376]","[""nabumetone"", ""maprotiline""]"
4,54,2,"[173, 266]","[""raloxifene"", ""tamoxifen""]"
4,55,2,"[181, 372]","[""entacapone"", ""azacitidine""]"
4,56,2,"[189, 190]","[""nitazoxanide"", ""vancomycin""]"
4,57,2,"[267, 698]","[""losartan"", ""enzalutamide""]"
4,58,2,"[331, 711]","[""diazepam"", ""riociguat""]"
4,59,2,"[434, 583]","[""gatifloxacin"", ""oritavancin""]"
4,60,2,"[435, 587]","[""lubiprostone"", ""retigabine""]"
4,61,2,"[464, 607]","[""gliclazide"", ""rufinamide""]"
4,62,2,"[584, 617]","[""clevidipine"", ""vernakalant""]"
4,63,2,"[585, 632]","[""ospemifene"", ""bazedoxifene""]"
4,64,2,"[602, 748]","[""ustekinumab"", ""atracurium""]"
4,65,2,"[640, 650]","[""agomelatine"", ""betahistine""]"
6,40,2,"[22, 436]","[""calcitriol"", ""fluocinonide""]"
6,41,2,"[69, 110]","[""metoprolol"", ""atenolol""]"
6,42,2,"[74, 172]","[""amsacrine"", ""lenalidomide""]"
6,43,2,"[76, 324]","[""argatroban"", ""indapamide""]"
6,44,2,"[93, 180]","[""tranexamic.acid"", ""fosinopril""]"
6,45,2,"[118, 262]","[""megestrol"", ""sumatriptan""]"
6,46,2,"[135, 637]","[""beclometasone"", ""prucalopride""]"
6,47,2,"[168, 456]","[""montelukast"", ""pimozide""]"
6,48,2,"[181, 372]","[""entacapone"", ""azacitidine""]"
6,49,2,"[183, 428]","[""darifenacin"", ""tolterodine""]"
6,50,2,"[205, 349]","[""toremifene"", ""clomifene""]"
6,51,2,"[210, 484]","[""azelaic.acid"", ""podophyllotoxin""]"
6,52,2,"[241, 309]","[""imatinib"", ""irinotecan""]"
6,53,2,"[248, 590]","[""adenosine"", ""indacaterol""]"
6,54,2,"[321, 694]","[""alfentanil"", ""mirabegron""]"
6,55,2,"[338, 449]","[""aminolevulinic.acid"", ""streptomycin""]"
6,56,2,"[364, 442]","[""repaglinide"", ""glipizide""]"
6,57,2,"[424, 457]","[""mycophenolic.acid"", ""capecitabine""]"
6,58,2,"[434, 583]","[""gatifloxacin"", ""oritavancin""]"
6,59,2,"[441, 546]","[""oxybutynin"", ""penbutolol""]"
6,60,2,"[466, 641]","[""rabeprazole"", ""apixaban""]"
6,61,2,"[479, 635]","[""cilostazol"", ""armodafinil""]"
6,62,2,"[482, 700]","[""escitalopram"", ""ponatinib""]"
6,63,2,"[570, 704]","[""thiotepa"", ""glycerol.phenylbutyrate""]"
6,64,2,"[599, 679]","[""telaprevir"", ""rilpivirine""]"
6,65,2,"[602, 748]","[""ustekinumab"", ""atracurium""]"
6,66,2,"[620, 660]","[""rivaroxaban"", ""cabazitaxel""]"
6,67,2,"[640, 650]","[""agomelatine"", ""betahistine""]"
